player_id,minutes_90s,sca,sca_per90,sca_passes_live,sca_passes_dead,sca_take_ons,sca_shots,sca_fouled,sca_defense,gca,gca_per90,gca_passes_live,gca_passes_dead,gca_take_ons,gca_shots,gca_fouled,gca_defense,player_name,games,games_starts,minutes,goals,assists,goals_assists,goals_pens,pens_made,pens_att,cards_yellow,cards_red,xg,npxg,xg_assist,npxg_xg_assist,progressive_carries,progressive_passes,progressive_passes_received,goals_per90,assists_per90,goals_assists_per90,goals_pens_per90,goals_assists_pens_per90,xg_per90,xg_assist_per90,xg_xg_assist_per90,npxg_per90,npxg_xg_assist_per90,shots,shots_on_target,shots_on_target_pct,shots_per90,shots_on_target_per90,goals_per_shot,goals_per_shot_on_target,average_shot_distance,shots_free_kicks,npxg_per_shot,xg_net,npxg_net,passes_completed,passes,passes_pct,passes_total_distance,passes_progressive_distance,passes_completed_short,passes_short,passes_pct_short,passes_completed_medium,passes_medium,passes_pct_medium,passes_completed_long,passes_long,passes_pct_long,pass_xa,xg_assist_net,assisted_shots,passes_into_final_third,passes_into_penalty_area,crosses_into_penalty_area,passes_live,passes_dead,passes_free_kicks,through_balls,passes_switches,crosses,throw_ins,corner_kicks,corner_kicks_in,corner_kicks_out,corner_kicks_straight,passes_offsides,passes_blocked,tackles,tackles_won,tackles_def_3rd,tackles_mid_3rd,tackles_att_3rd,challenge_tackles,challenges,challenge_tackles_pct,challenges_lost,blocks,blocked_shots,blocked_passes,interceptions,tackles_interceptions,clearances,errors,touches,touches_def_pen_area,touches_def_3rd,touches_mid_3rd,touches_att_3rd,touches_att_pen_area,touches_live_ball,take_ons,take_ons_won,take_ons_won_pct,take_ons_tackled,take_ons_tackled_pct,carries,carries_distance,carries_progressive_distance,carries_into_final_third,carries_into_penalty_area,miscontrols,dispossessed,passes_received,cards_yellow_red,fouls,fouled,offsides,pens_won,pens_conceded,own_goals,ball_recoveries,aerials_won,aerials_lost,aerials_won_pct,minutes_per_game,minutes_pct,minutes_per_start,games_complete,games_subs,minutes_per_sub,unused_subs,points_per_game,on_goals_for,on_goals_against,plus_minus,plus_minus_per90,plus_minus_wowy,on_xg_for,on_xg_against,xg_plus_minus,xg_plus_minus_per90,xg_plus_minus_wowy,gk_games,gk_games_starts,gk_minutes,gk_goals_against,gk_goals_against_per90,gk_shots_on_target_against,gk_saves,gk_save_pct,gk_wins,gk_ties,gk_losses,gk_clean_sheets,gk_clean_sheets_pct,gk_pens_att,gk_pens_allowed,gk_pens_saved,gk_pens_missed,gk_pens_save_pct,gk_free_kick_goals_against,gk_corner_kick_goals_against,gk_own_goals_against,gk_psxg,gk_psnpxg_per_shot_on_target_against,gk_psxg_net,gk_psxg_net_per90,gk_passes_completed_launched,gk_passes_launched,gk_passes_pct_launched,gk_passes,gk_passes_throws,gk_pct_passes_launched,gk_passes_length_avg,gk_goal_kicks,gk_pct_goal_kicks_launched,gk_goal_kick_length_avg,gk_crosses,gk_crosses_stopped,gk_crosses_stopped_pct,gk_def_actions_outside_pen_area,gk_def_actions_outside_pen_area_per90,gk_avg_distance_def_actions
59,1.0,2,2.09,2,0,0,0,0,0,0,0.00,0,0,0,0,0,0,Max Aarons,3,1,86,0,0,0,0,0,0,0,0,0.0,0.0,0.0,0.0,1,8,3,0.00,0.00,0.00,0.00,0.00,0.00,0.00,0.00,0.00,0.00,0,0,,0.00,0.00,,,,0,,0.0,0.0,50,63,79.4,887,361,21,25,84.0,24,29,82.8,4,7,57.1,0.0,0.0,0,8,0,0,51,12,2,0,0,2,10,0,0,0,0,0,1,2,2,1,1,0,1,1,100.0,0,3,1,2,1,3,0,0,73,2,19,40,15,0,73,2,0,0.0,1,50.0,41,152,68,0,0,1,0,40,0,0,2,0,0,0,0,7,0,0,,,,,,,,,,,,,,,,,,,,,,,,,,,,,,,,,,,,,,,,,,,,,,,,,,,,,,,,,,,,
697,1.9,2,1.06,2,0,0,0,0,0,0,0.00,0,0,0,0,0,0,Joshua Acheampong,4,2,170,0,0,0,0,0,0,1,0,0.2,0.2,0.0,0.2,0,8,0,0.00,0.00,0.00,0.00,0.00,0.12,0.00,0.12,0.12,0.12,2,0,0.0,1.06,0.00,0.00,,8.9,0,0.11,-0.2,-0.2,104,124,83.9,2025,705,29,32,90.6,63,68,92.6,11,20,55.0,0.0,0.0,0,6,0,0,121,3,2,0,0,0,1,0,0,0,0,0,2,2,1,2,0,0,2,2,100.0,0,1,0,1,1,3,2,0,137,7,48,81,8,3,137,2,1,50.0,0,0.0,106,709,409,2,0,2,0,111,0,0,1,0,0,0,0,7,1,6,14.3,,,,,,,,,,,,,,,,,,,,,,,,,,,,,,,,,,,,,,,,,,,,,,,,,,,,,,,,,,,
60,21.8,41,1.88,35,0,0,1,1,4,4,0.18,3,0,0,0,0,1,Tyler Adams,28,21,"1,965",0,3,3,0,0,0,7,0,1.6,1.6,1.0,2.6,14,76,10,0.00,0.14,0.14,0.00,0.14,0.07,0.05,0.12,0.07,0.12,9,2,22.2,0.41,0.09,0.00,0.00,16.9,0,0.18,-1.6,-1.6,902,1069,84.4,14322,3525,437,489,89.4,393,443,88.7,38,65,58.5,0.8,+2.0,18,67,4,1,1025,38,34,2,1,3,4,0,0,0,0,6,14,83,50,26,49,8,39,72,54.2,33,33,10,23,32,115,42,0,1337,62,349,779,224,18,1337,18,4,22.2,10,55.6,663,3337,1447,22,1,28,12,757,0,45,21,0,0,1,0,114,31,18,63.3,70,57.5,85,15,7,26,1,1.46,41,30,+11,+0.50,+0.44,35.5,28.9,+6.6,+0.30,-0.25,,,,,,,,,,,,,,,,,,,,,,,,,,,,,,,,,,,,,,,,,
187,15.7,15,0.96,8,0,0,6,0,1,1,0.06,0,0,0,1,0,0,Tosin Adarabioyo,22,15,"1,409",1,1,2,1,0,0,4,0,0.9,0.9,0.2,1.2,5,42,1,0.06,0.06,0.13,0.06,0.13,0.06,0.01,0.07,0.06,0.07,13,2,15.4,0.83,0.13,0.08,0.50,12.5,0,0.07,+0.1,+0.1,1079,1184,91.1,19805,7144,406,425,95.5,603,636,94.8,66,109,60.6,0.2,+0.8,1,62,1,0,1142,39,23,2,3,0,4,0,0,0,0,3,3,17,13,11,6,0,8,12,66.7,4,9,7,2,11,28,80,0,1330,175,630,674,27,14,1330,6,4,66.7,1,16.7,777,3207,1809,2,0,4,0,1000,0,8,9,1,0,0,0,41,42,28,60.0,64,41.2,84,13,7,20,16,1.86,28,14,+14,+0.89,+0.58,30.8,19.3,+11.5,+0.74,+0.34,,,,,,,,,,,,,,,,,,,,,,,,,,,,,,,,,,,,,,,,,
113,12.2,47,3.86,33,0,6,8,0,0,7,0.57,5,0,1,1,0,0,Simon Adingra,29,12,"1,097",2,2,4,2,0,0,0,0,2.5,2.5,2.5,4.9,50,18,136,0.16,0.16,0.33,0.16,0.33,0.20,0.20,0.40,0.20,0.40,33,8,24.2,2.71,0.66,0.06,0.25,17.0,0,0.07,-0.5,-0.5,290,382,75.9,4148,820,187,217,86.2,81,109,74.3,16,29,55.2,2.8,-0.5,16,5,17,6,372,9,0,2,0,41,8,1,0,0,0,1,12,23,14,10,8,5,10,26,38.5,16,12,0,12,8,31,6,2,548,10,66,174,315,76,548,50,21,42.0,27,54.0,366,2514,1300,21,27,39,12,388,0,13,4,4,0,0,0,47,7,4,63.6,38,32.1,66,1,17,18,6,1.59,18,23,-5,-0.41,-0.88,18.2,19.0,-0.9,-0.07,-0.27,,,,,,,,,,,,,,,,,,,,,,,,,,,,,,,,,,,,,,,,,
720,15.7,17,1.09,15,2,0,0,0,0,3,0.19,2,1,0,0,0,0,Emmanuel Agbadou,16,16,"1,410",1,0,1,1,0,0,3,0,0.8,0.8,0.2,1.1,6,31,2,0.06,0.00,0.06,0.06,0.06,0.05,0.02,0.07,0.05,0.07,7,2,28.6,0.45,0.13,0.14,0.50,27.6,1,0.12,+0.2,+0.2,855,1001,85.4,17344,6203,276,299,92.3,466,501,93.0,107,181,59.1,0.3,-0.2,4,40,1,0,955,43,28,1,11,2,0,0,0,0,0,3,5,30,19,21,9,0,13,20,65.0,7,19,13,6,12,42,90,0,1172,190,649,504,28,7,1172,13,10,76.9,2,15.4,758,3670,1752,4,0,6,4,796,0,7,4,1,0,0,0,83,26,20,56.5,88,41.2,88,15,0,,0,1.44,20,22,-2,-0.13,+0.45,19.1,22.8,-3.6,-0.23,+0.25,,,,,,,,,,,,,,,,,,,,,,,,,,,,,,,,,,,,,,,,,
646,0.1,1,15.00,1,0,0,0,0,0,0,0.00,0,0,0,0,0,0,Asher Agbinone,2,0,6,0,0,0,0,0,0,0,0,0.0,0.0,0.0,0.1,2,0,1,0.00,0.00,0.00,0.00,0.00,0.29,0.50,0.79,0.29,0.79,1,0,0.0,15.00,0.00,0.00,,26.3,0,0.02,0.0,0.0,2,3,66.7,32,0,1,1,100.0,1,2,50.0,0,0,,0.0,0.0,1,0,0,0,3,0,0,0,0,1,0,0,0,0,0,0,0,2,1,0,2,0,0,0,,0,0,0,0,0,2,0,0,8,0,0,2,6,0,8,2,0,0.0,1,50.0,5,53,23,0,0,0,1,5,0,0,0,0,0,0,0,0,0,1,0.0,,,,,,,,,,,,,,,,,,,,,,,,,,,,,,,,,,,,,,,,,,,,,,,,,,,,,,,,,,,
422,33.3,62,1.86,49,5,3,1,3,1,4,0.12,3,0,0,0,0,1,Ola Aina,35,35,"2,995",2,1,3,2,0,0,5,0,0.6,0.6,1.4,2.1,67,107,67,0.06,0.03,0.09,0.06,0.09,0.02,0.04,0.06,0.02,0.06,11,2,18.2,0.33,0.06,0.18,1.00,26.1,0,0.06,+1.4,+1.4,994,1352,73.5,15371,6297,530,598,88.6,374,502,74.5,57,166,34.3,2.2,-0.4,16,85,23,11,1071,279,15,0,4,59,264,0,0,0,0,2,46,55,42,39,15,1,36,64,56.3,28,34,12,22,33,88,115,4,1708,156,613,717,409,22,1708,72,33,45.8,27,37.5,749,4798,2787,46,10,44,22,823,0,23,35,2,0,1,0,190,13,19,40.6,86,87.6,86,28,0,,0,1.77,55,39,+16,+0.48,+1.33,41.2,39.4,+1.9,+0.06,+1.18,,,,,,,,,,,,,,,,,,,,,,,,,,,,,,,,,,,,,,,,,
533,34.5,91,2.63,56,15,8,7,4,1,12,0.35,10,1,0,0,0,1,Rayan Aït-Nouri,37,37,"3,109",4,7,11,4,0,0,7,1,2.7,2.7,5.5,8.2,89,108,176,0.12,0.20,0.32,0.12,0.32,0.08,0.16,0.24,0.08,0.24,36,10,27.8,1.04,0.29,0.11,0.40,14.9,0,0.08,+1.3,+1.3,1449,1721,84.2,19837,5926,897,959,93.5,435,499,87.2,48,118,40.7,4.0,+1.5,46,77,30,10,1397,320,44,3,4,94,246,30,24,1,0,4,42,89,57,52,28,9,43,70,61.4,27,42,6,36,26,115,75,2,2148,96,577,916,685,96,2148,137,63,46.0,56,40.9,1129,6166,3205,62,28,52,47,1321,1,30,46,6,0,0,0,145,22,30,42.3,84,90.9,84,18,0,,0,1.05,46,67,-21,-0.61,-2.34,38.7,52.6,-13.9,-0.40,-0.25,,,,,,,,,,,,,,,,,,,,,,,,,,,,,,,,,,,,,,,,,
86,16.0,18,1.13,15,0,1,2,0,0,2,0.13,2,0,0,0,0,0,Kristoffer Ajer,24,17,"1,438",0,0,0,0,0,0,5,0,1.0,1.0,1.2,2.2,27,56,44,0.00,0.00,0.00,0.00,0.00,0.06,0.08,0.14,0.06,0.14,9,3,33.3,0.56,0.19,0.00,0.00,9.5,0,0.11,-1.0,-1.0,504,644,78.3,7868,2831,260,299,87.0,199,248,80.2,27,54,50.0,0.5,-1.2,8,44,7,4,570,73,2,0,3,14,71,0,0,0,0,1,18,26,18,14,11,1,14,27,51.9,13,17,4,13,12,38,50,0,795,53,265,368,168,38,795,16,7,43.8,8,50.0,387,2098,1180,11,2,15,12,491,0,13,6,2,0,0,0,42,27,23,54.0,60,42.0,79,5,7,14,2,1.33,20,25,-5,-0.31,-0.95,20.8,21.5,-0.7,-0.04,-0.23,,,,,,,,,,,,,,,,,,,,,,,,,,,,,,,,,,,,,,,,,
340,22.4,37,1.65,37,0,0,0,0,0,3,0.13,3,0,0,0,0,0,Manuel Akanji,26,23,"2,014",0,0,0,0,0,0,3,0,1.6,1.6,0.4,1.9,46,158,7,0.00,0.00,0.00,0.00,0.00,0.07,0.02,0.09,0.07,0.09,15,2,13.3,0.67,0.09,0.00,0.00,14.7,0,0.10,-1.6,-1.6,1632,1744,93.6,27046,7578,776,812,95.6,757,795,95.2,84,113,74.3,1.3,-0.4,9,177,11,2,1707,36,18,4,10,11,10,0,0,0,0,1,6,19,12,12,4,3,11,17,64.7,6,11,8,3,9,28,64,3,1881,119,559,920,405,19,1881,2,2,100.0,0,0.0,1254,6953,4234,64,0,5,5,1483,0,17,9,0,0,0,0,103,30,33,47.6,77,58.9,86,20,3,12,2,2.04,46,28,+18,+0.80,+0.16,43.7,29.1,+14.6,+0.65,+0.28,,,,,,,,,,,,,,,,,,,,,,,,,,,,,,,,,,,,,,,,,
341,7.5,8,1.06,8,0,0,0,0,0,0,0.00,0,0,0,0,0,0,Nathan Aké,10,8,678,0,0,0,0,0,0,0,0,0.2,0.2,0.0,0.2,12,50,2,0.00,0.00,0.00,0.00,0.00,0.03,0.00,0.03,0.03,0.03,3,0,0.0,0.40,0.00,0.00,,10.0,0,0.07,-0.2,-0.2,509,542,93.9,8321,2950,248,253,98.0,237,244,97.1,20,34,58.8,0.2,0.0,1,42,1,0,514,26,13,0,0,1,7,0,0,0,0,2,3,9,7,7,2,0,4,6,66.7,2,7,2,5,3,12,22,1,596,51,205,331,61,5,596,1,1,100.0,0,0.0,403,2244,1501,12,1,4,3,449,0,2,0,0,0,0,0,24,13,10,56.5,68,19.8,79,2,2,24,9,1.40,11,11,0,0.00,-0.92,12.6,13.5,-0.9,-0.12,-0.82,,,,,,,,,,,,,,,,,,,,,,,,,,,,,,,,,,,,,,,,,
27,16.0,20,1.25,10,0,4,5,1,0,0,0.00,0,0,0,0,0,0,Cameron Archer,35,13,"1,441",2,0,2,2,0,1,0,0,5.7,4.9,0.5,5.4,22,14,66,0.12,0.00,0.12,0.12,0.12,0.36,0.03,0.39,0.31,0.34,28,10,35.7,1.75,0.62,0.07,0.20,12.8,0,0.18,-3.7,-2.9,205,251,81.7,2612,367,131,151,86.8,54,59,91.5,5,9,55.6,0.7,-0.5,5,7,7,0,231,19,0,2,0,3,0,0,0,0,0,1,8,13,8,8,3,2,2,9,22.2,7,5,1,4,2,15,11,0,398,16,69,179,154,52,397,37,15,40.5,20,54.1,226,1182,564,10,14,40,26,274,0,16,13,8,0,0,0,35,9,30,23.1,41,42.1,71,0,22,24,2,0.26,10,34,-24,-1.50,+0.14,15.7,36.6,-20.9,-1.31,+0.11,,,,,,,,,,,,,,,,,,,,,,,,,,,,,,,,,,,,,,,,,
450,8.5,33,3.89,24,2,3,3,1,0,6,0.71,5,0,0,1,0,0,Carlos Alcaraz,15,7,764,2,3,5,2,0,0,4,0,1.7,1.7,1.6,3.4,19,42,21,0.24,0.35,0.59,0.24,0.59,0.20,0.19,0.40,0.20,0.40,26,11,42.3,3.06,1.30,0.08,0.18,20.3,1,0.07,+0.3,+0.3,224,278,80.6,3963,1007,96,112,85.7,95,107,88.8,24,37,64.9,0.7,+1.4,13,20,18,3,265,12,2,1,2,11,6,3,2,1,0,1,10,11,5,5,3,3,3,11,27.3,8,9,2,7,5,16,10,0,378,15,63,168,156,19,378,18,9,50.0,7,38.9,211,1331,707,21,2,14,13,247,0,13,12,1,0,0,0,37,14,8,63.6,51,22.3,84,2,8,22,0,1.47,12,9,+3,+0.35,+0.52,8.2,11.0,-2.9,-0.34,-0.28,,,,,,,,,,,,,,,,,,,,,,,,,,,,,,,,,,,,,,,,,
311,26.3,98,3.73,74,15,5,4,0,0,10,0.38,9,1,0,0,0,0,Trent Alexander-Arnold,33,28,"2,365",3,6,9,3,0,0,5,0,1.9,1.9,7.3,9.2,51,232,94,0.11,0.23,0.34,0.11,0.34,0.07,0.28,0.35,0.07,0.35,45,8,17.8,1.71,0.30,0.07,0.38,23.6,3,0.04,+1.1,+1.1,1448,1971,73.5,27901,11363,632,704,89.8,589,771,76.4,203,418,48.6,7.4,-1.3,52,207,65,20,1651,310,63,12,32,153,192,55,34,12,1,10,36,72,50,44,19,9,49,105,46.7,56,26,9,17,31,103,55,4,2253,88,593,1014,660,44,2253,37,17,45.9,17,45.9,1184,5358,2860,36,9,19,15,1436,0,11,9,1,0,0,0,132,3,13,18.8,72,69.2,79,12,5,29,1,2.27,67,25,+42,+1.60,+1.34,58.6,21.7,+36.9,+1.40,+0.84,,,,,,,,,,,,,,,,,,,,,,,,,,,,,,,,,,,,,,,,,
310,27.9,7,0.25,7,0,0,0,0,0,1,0.04,1,0,0,0,0,0,Alisson,28,28,"2,508",0,0,0,0,0,0,0,0,0.0,0.0,0.6,0.6,0,1,0,0.00,0.00,0.00,0.00,0.00,0.00,0.02,0.02,0.00,0.02,0,0,,0.00,0.00,,,,0,,0.0,0.0,794,959,82.8,17555,11360,229,232,98.7,426,433,98.4,137,289,47.4,0.2,-0.6,1,12,0,0,836,121,41,1,1,0,0,0,0,0,0,2,1,1,0,1,0,0,0,1,0.0,1,0,0,0,0,1,13,1,1011,742,991,20,0,0,1011,1,1,100.0,0,0.0,657,2609,1586,0,0,1,0,618,0,0,2,0,0,0,0,47,7,0,100.0,90,73.3,90,27,0,,0,2.18,64,29,+35,+1.26,+0.27,62.2,27.4,+34.9,+1.25,+0.39,28,28,"2,508",29,1.04,100,73,72.0,18,7,3,9,32.1,1,1,0,0,0.0,0,2,2,30.5,0.30,+3.5,+0.13,68,203,33.5,877,128,19.7,26.6,80,37.5,33.4,255,11,4.3,49,1.76,16.0
391,1.7,8,4.59,6,0,1,1,0,0,0,0.00,0,0,0,0,0,0,Miguel Almirón,9,1,157,0,0,0,0,0,0,0,0,0.5,0.5,0.3,0.8,3,6,18,0.00,0.00,0.00,0.00,0.00,0.30,0.15,0.45,0.30,0.45,6,2,33.3,3.44,1.15,0.00,0.00,14.2,0,0.09,-0.5,-0.5,54,66,81.8,707,219,39,42,92.9,13,16,81.3,1,3,33.3,0.2,-0.3,3,3,1,0,64,1,0,1,0,0,1,0,0,0,0,1,2,3,2,2,0,1,2,3,66.7,1,2,0,2,0,3,0,0,81,1,10,35,36,9,81,2,1,50.0,1,50.0,54,284,93,3,2,0,2,59,0,1,3,2,0,0,0,4,0,2,0.0,17,4.6,67,0,8,11,14,1.56,1,3,-2,-1.15,-1.78,2.8,3.6,-0.8,-0.47,-1.00,,,,,,,,,,,,,,,,,,,,,,,,,,,,,,,,,,,,,,,,,
796,0.0,0,0.00,0,0,0,0,0,0,0,0.00,0,0,0,0,0,0,Olabade Aluko,1,0,2,0,0,0,0,0,0,0,0,0.0,0.0,0.0,0.0,0,0,0,0.00,0.00,0.00,0.00,0.00,0.00,0.00,0.00,0.00,0.00,0,0,,0.00,0.00,,,,0,,0.0,0.0,3,5,60.0,39,0,2,3,66.7,1,2,50.0,0,0,,0.0,0.0,0,0,0,0,4,1,1,0,0,0,0,0,0,0,0,0,0,1,1,0,0,1,1,1,100.0,0,0,0,0,0,1,0,0,6,0,0,6,1,0,6,1,0,0.0,1,100.0,2,1,0,0,0,0,1,2,0,0,0,0,0,0,0,0,0,0,,,,,,,,,,,,,,,,,,,,,,,,,,,,,,,,,,,,,,,,,,,,,,,,,,,,,,,,,,,,
511,19.7,28,1.42,24,0,2,1,1,0,2,0.10,2,0,0,0,0,0,Edson Álvarez,28,20,"1,772",0,1,1,0,0,0,9,1,0.4,0.4,0.8,1.2,24,85,18,0.00,0.05,0.05,0.00,0.05,0.02,0.04,0.06,0.02,0.06,12,1,8.3,0.61,0.05,0.00,0.00,26.3,0,0.03,-0.4,-0.4,861,1003,85.8,14393,4200,424,475,89.3,361,402,89.8,66,92,71.7,0.9,+0.2,12,92,12,3,980,16,12,3,12,6,3,0,0,0,0,7,10,50,27,27,15,8,17,35,48.6,18,23,8,15,18,68,46,1,1239,67,361,693,194,12,1239,33,14,42.4,14,42.4,687,3783,1714,22,2,27,15,830,1,42,18,4,0,0,0,88,30,23,56.6,63,51.8,76,4,8,32,2,1.25,19,29,-10,-0.51,-0.18,23.5,29.7,-6.2,-0.32,+0.04,,,,,,,,,,,,,,,,,,,,,,,,,,,,,,,,,,,,,,,,,
606,0.0,0,0.00,0,0,0,0,0,0,0,0.00,0,0,0,0,0,0,Will Alves,1,0,1,0,0,0,0,0,0,0,0,0.0,0.0,0.0,0.0,0,0,1,0.00,0.00,0.00,0.00,0.00,0.00,0.00,0.00,0.00,0.00,0,0,,0.00,0.00,,,,0,,0.0,0.0,1,1,100.0,12,0,1,1,100.0,0,0,,0,0,,0.0,0.0,0,0,0,0,1,0,0,0,0,0,0,0,0,0,0,0,0,0,0,0,0,0,0,0,,0,0,0,0,0,0,0,0,1,0,0,0,1,0,1,0,0,,0,,1,5,5,0,0,0,0,1,0,0,0,0,0,0,0,0,0,0,,,,,,,,,,,,,,,,,,,,,,,,,,,,,,,,,,,,,,,,,,,,,,,,,,,,,,,,,,,,
670,3.8,8,2.08,7,0,0,1,0,0,0,0.00,0,0,0,0,0,0,Harry Amass,5,4,346,0,0,0,0,0,0,0,0,0.1,0.1,0.0,0.1,9,7,23,0.00,0.00,0.00,0.00,0.00,0.02,0.01,0.02,0.02,0.02,3,0,0.0,0.78,0.00,0.00,,21.7,0,0.02,-0.1,-0.1,149,181,82.3,1920,387,97,105,92.4,44,56,78.6,3,11,27.3,0.1,0.0,1,5,0,0,150,31,2,0,0,9,29,0,0,0,0,0,3,6,2,5,1,0,2,8,25.0,6,11,1,10,2,8,11,0,250,13,82,88,84,5,250,8,3,37.5,4,50.0,132,705,376,6,2,18,5,124,0,2,4,1,0,0,0,26,7,6,53.8,69,10.1,81,3,1,22,8,0.60,5,9,-4,-1.04,-0.86,5.4,6.3,-0.9,-0.24,-0.23,,,,,,,,,,,,,,,,,,,,,,,,,,,,,,,,,,,,,,,,,
451,0.3,2,6.43,1,0,0,0,1,0,0,0.00,0,0,0,0,0,0,Samuel Amo-Ameyaw,2,0,28,0,0,0,0,0,0,1,0,0.0,0.0,0.1,0.1,1,0,3,0.00,0.00,0.00,0.00,0.00,0.07,0.22,0.29,0.07,0.29,1,0,0.0,3.21,0.00,0.00,,20.7,0,0.02,0.0,0.0,8,9,88.9,107,13,6,6,100.0,2,3,66.7,0,0,,0.1,-0.1,1,0,1,1,8,1,0,0,0,2,0,1,0,0,0,0,0,1,0,0,1,0,1,1,100.0,0,0,0,0,0,1,0,0,16,0,5,5,7,1,16,4,0,0.0,3,75.0,11,98,68,0,1,0,2,11,0,1,2,0,0,0,0,1,0,1,0.0,,,,,,,,,,,,,,,,,,,,,,,,,,,,,,,,,,,,,,,,,,,,,,,,,,,,,,,,,,,
771,0.1,0,0.00,0,0,0,0,0,0,0,0.00,0,0,0,0,0,0,Mathis Amougou,1,0,8,0,0,0,0,0,0,0,0,0.0,0.0,0.0,0.0,0,1,0,0.00,0.00,0.00,0.00,0.00,0.00,0.00,0.00,0.00,0.00,0,0,,0.00,0.00,,,,0,,0.0,0.0,7,7,100.0,69,30,6,6,100.0,1,1,100.0,0,0,,0.0,0.0,0,2,0,0,7,0,0,0,0,0,0,0,0,0,0,0,0,0,0,0,0,0,0,0,,0,0,0,0,0,0,0,0,9,1,2,4,3,0,9,0,0,,0,,7,25,5,1,0,0,1,6,0,0,0,0,0,0,0,2,0,0,,,,,,,,,,,,,,,,,,,,,,,,,,,,,,,,,,,,,,,,,,,,,,,,,,,,,,,,,,,,
676,1.0,1,1.00,1,0,0,0,0,0,0,0.00,0,0,0,0,0,0,Joachim Andersen,1,1,90,0,0,0,0,0,0,1,0,0.0,0.0,0.0,0.0,1,4,1,0.00,0.00,0.00,0.00,0.00,0.04,0.00,0.04,0.04,0.04,1,1,100.0,1.00,1.00,0.00,0.00,25.2,0,0.04,0.0,0.0,61,83,73.5,1227,526,19,21,90.5,31,37,83.8,9,21,42.9,0.0,0.0,0,9,1,0,81,2,1,0,0,1,0,1,0,0,0,0,0,1,1,1,0,0,1,2,50.0,1,0,0,0,0,1,7,0,93,14,38,50,5,0,93,0,0,,0,,49,189,103,1,0,0,1,67,0,2,0,0,0,0,0,7,2,0,100.0,,,,,,,,,,,,,,,,,,,,,,,,,,,,,,,,,,,,,,,,,,,,,,,,,,,,,,,,,,,
191,28.7,35,1.23,27,1,0,7,0,0,2,0.07,1,1,0,0,0,0,Joachim Andersen,29,29,"2,583",0,0,0,0,0,0,6,1,1.0,1.0,0.5,1.5,16,112,2,0.00,0.00,0.00,0.00,0.00,0.04,0.02,0.05,0.04,0.05,19,4,21.1,0.66,0.14,0.00,0.00,15.1,0,0.05,-1.0,-1.0,1654,2000,82.7,36471,14436,456,497,91.8,918,985,93.2,269,487,55.2,0.5,-0.5,4,196,6,3,1891,102,81,0,35,12,9,0,0,0,0,7,8,27,18,20,6,1,15,24,62.5,9,37,28,9,34,61,188,1,2336,340,1233,1013,102,22,2336,6,4,66.7,0,0.0,1350,6505,3435,14,1,6,3,1621,0,18,19,0,0,1,1,122,70,39,64.2,89,75.5,89,28,0,,2,1.45,43,42,+1,+0.03,+0.14,39.5,35.8,+3.7,+0.13,+0.33,,,,,,,,,,,,,,,,,,,,,,,,,,,,,,,,,,,,,,,,,
423,30.3,87,2.87,43,20,7,8,4,5,10,0.33,4,3,0,1,1,1,Elliot Anderson,37,33,"2,728",2,6,8,2,0,0,10,0,2.1,2.1,3.3,5.4,52,143,95,0.07,0.20,0.26,0.07,0.26,0.07,0.11,0.18,0.07,0.18,40,7,17.5,1.32,0.23,0.05,0.29,18.8,0,0.05,-0.1,-0.1,1085,1386,78.3,17458,5922,572,640,89.4,402,496,81.0,77,165,46.7,3.6,+2.7,37,121,19,2,1292,85,26,7,4,86,2,48,17,28,0,9,35,92,56,54,29,9,48,111,43.2,63,48,9,39,31,123,76,4,1832,102,424,891,547,72,1832,75,36,48.0,30,40.0,932,5071,2366,32,21,60,49,1089,0,49,58,4,0,0,0,207,56,30,65.1,74,79.8,79,13,4,27,0,1.76,49,37,+12,+0.40,+0.40,35.2,39.3,-4.1,-0.13,-0.22,,,,,,,,,,,,,,,,,,,,,,,,,,,,,,,,,,,,,,,,,
642,27.5,49,1.78,41,3,1,0,0,4,3,0.11,2,1,0,0,0,0,André,33,31,"2,472",0,0,0,0,0,0,7,0,0.4,0.4,0.8,1.3,10,109,11,0.00,0.00,0.00,0.00,0.00,0.02,0.03,0.05,0.02,0.05,10,1,10.0,0.36,0.04,0.00,0.00,25.5,0,0.04,-0.4,-0.4,1247,1342,92.9,19660,5471,646,677,95.4,475,500,95.0,80,98,81.6,0.7,-0.8,18,111,5,0,1308,32,28,5,15,0,2,0,0,0,0,2,14,91,55,41,41,9,37,63,58.7,26,42,8,34,37,128,30,1,1623,89,439,1046,155,3,1623,32,16,50.0,12,37.5,912,3764,1688,17,0,30,21,1093,0,36,34,0,0,1,0,194,2,6,25.0,75,72.3,80,14,2,3,2,1.15,39,46,-7,-0.25,+0.50,29.9,40.5,-10.6,-0.39,-0.02,,,,,,,,,,,,,,,,,,,,,,,,,,,,,,,,,,,,,,,,,
512,9.3,22,2.37,14,0,1,5,1,1,4,0.43,0,0,0,4,0,0,Michail Antonio,14,11,836,1,1,2,1,0,0,1,0,2.2,2.2,1.6,3.8,29,18,59,0.11,0.11,0.22,0.11,0.22,0.24,0.17,0.41,0.24,0.41,19,4,21.1,2.05,0.43,0.05,0.25,12.6,0,0.12,-1.2,-1.2,114,188,60.6,2183,424,52,72,72.2,37,62,59.7,22,31,71.0,0.9,-0.6,9,11,6,2,175,11,0,3,6,25,7,0,0,0,0,2,14,2,2,0,1,1,2,3,66.7,1,6,0,6,0,2,2,0,296,3,26,124,151,36,296,27,9,33.3,13,48.1,173,1177,695,13,9,35,19,221,0,12,7,4,0,0,0,22,17,22,43.6,60,24.4,66,0,3,37,0,1.07,13,18,-5,-0.54,-0.16,11.4,17.8,-6.4,-0.69,-0.47,,,,,,,,,,,,,,,,,,,,,,,,,,,,,,,,,,,,,,,,,
371,3.5,2,0.57,2,0,0,0,0,0,0,0.00,0,0,0,0,0,0,Jonny Evans,7,3,315,0,0,0,0,0,0,1,0,0.1,0.1,0.0,0.1,3,10,3,0.00,0.00,0.00,0.00,0.00,0.04,0.00,0.04,0.04,0.04,2,1,50.0,0.57,0.29,0.00,0.00,11.4,0,0.06,-0.1,-0.1,192,217,88.5,3090,906,90,95,94.7,89,100,89.0,7,14,50.0,0.0,0.0,0,10,1,0,197,20,5,0,0,0,3,0,0,0,0,0,1,8,6,4,4,0,3,6,50.0,3,3,2,1,5,13,15,0,250,36,139,100,15,3,250,1,1,100.0,0,0.0,143,574,242,2,0,1,0,151,0,5,6,0,0,0,0,16,9,3,75.0,45,9.2,77,1,4,21,10,2.43,8,2,+6,+1.71,+2.18,5.6,3.0,+2.6,+0.75,+0.86,,,,,,,,,,,,,,,,,,,,,,,,,,,,,,,,,,,,,,,,,
592,5.5,5,0.91,5,0,0,0,0,0,0,0.00,0,0,0,0,0,0,Julian Araujo,12,7,497,0,0,0,0,0,0,2,0,0.0,0.0,0.1,0.1,4,14,22,0.00,0.00,0.00,0.00,0.00,0.00,0.01,0.01,0.00,0.01,0,0,,0.00,0.00,,,,0,,0.0,0.0,178,225,79.1,3006,890,84,94,89.4,83,96,86.5,10,29,34.5,0.1,-0.1,1,17,3,2,198,27,2,0,0,9,25,0,0,0,0,0,2,10,5,4,6,0,5,12,41.7,7,3,0,3,6,16,18,0,275,20,90,136,55,2,275,1,0,0.0,1,100.0,126,482,258,3,0,5,2,149,0,7,2,1,0,0,0,29,3,9,25.0,41,14.5,62,0,5,12,7,1.08,2,10,-8,-1.45,-2.06,6.8,9.4,-2.6,-0.47,-1.02,,,,,,,,,,,,,,,,,,,,,,,,,,,,,,,,,,,,,,,,,
513,25.1,3,0.12,2,1,0,0,0,0,0,0.00,0,0,0,0,0,0,Alphonse Areola,26,25,"2,260",0,0,0,0,0,0,0,0,0.0,0.0,0.0,0.0,0,1,0,0.00,0.00,0.00,0.00,0.00,0.00,0.00,0.00,0.00,0.00,0,0,,0.00,0.00,,,,0,,0.0,0.0,688,989,69.6,18224,12284,153,154,99.4,334,350,95.4,198,473,41.9,0.0,0.0,0,11,0,0,716,268,72,0,3,0,0,0,0,0,0,5,3,2,2,2,0,0,2,3,66.7,1,0,0,0,0,2,15,3,1049,833,1038,12,0,0,1049,0,0,,0,,601,2480,1348,0,0,0,0,555,0,0,0,0,0,0,1,29,2,0,100.0,87,66.1,88,24,1,55,8,0.96,29,41,-12,-0.48,-0.17,30.1,37.3,-7.2,-0.29,+0.14,26,25,"2,260",41,1.63,115,77,64.3,5,7,13,5,20.0,0,0,0,0,,0,5,3,35.4,0.31,-2.6,-0.10,135,384,35.2,788,119,34.4,32.1,196,57.7,42.9,394,15,3.8,30,1.19,15.0
452,22.4,37,1.66,32,0,2,1,2,0,1,0.04,1,0,0,0,0,0,Joe Aribo,32,21,"2,013",3,0,3,3,0,0,1,0,2.7,2.7,1.6,4.3,36,75,65,0.13,0.00,0.13,0.13,0.13,0.12,0.07,0.19,0.12,0.19,17,7,41.2,0.76,0.31,0.18,0.43,14.0,0,0.16,+0.3,+0.3,929,1046,88.8,13689,2630,514,563,91.3,357,391,91.3,31,45,68.9,1.3,-1.6,16,51,4,1,1032,13,4,2,1,10,4,0,0,0,0,1,15,47,33,17,24,6,17,35,48.6,18,28,11,17,20,67,32,3,1271,52,313,670,299,44,1271,49,21,42.9,22,44.9,745,4068,2021,29,12,27,19,925,0,20,28,1,0,1,0,112,25,24,51.0,63,58.9,79,8,11,32,6,0.34,17,56,-39,-1.74,-0.40,19.4,55.1,-35.7,-1.60,-0.54,,,,,,,,,,,,,,,,,,,,,,,,,,,,,,,,,,,,,,,,,
453,13.9,19,1.37,12,1,2,4,0,0,4,0.29,1,0,0,3,0,0,Adam Armstrong,20,15,"1,248",2,2,4,2,0,1,4,0,3.3,2.3,1.2,3.5,25,21,79,0.14,0.14,0.29,0.14,0.29,0.24,0.09,0.32,0.17,0.25,25,7,28.0,1.80,0.50,0.08,0.29,16.6,0,0.09,-1.3,-0.3,231,288,80.2,3320,446,138,158,87.3,81,95,85.3,6,13,46.2,0.6,+0.8,9,10,8,2,268,18,0,0,1,14,3,0,0,0,0,2,12,12,3,2,7,3,3,14,21.4,11,6,1,5,3,15,8,0,377,11,44,143,192,49,376,14,6,42.9,8,57.1,235,1324,599,13,6,11,18,286,0,12,5,9,0,0,0,23,5,9,35.7,62,36.5,75,4,5,25,4,0.30,7,35,-28,-2.02,-0.69,12.8,32.4,-19.6,-1.41,-0.07,,,,,,,,,,,,,,,,,,,,,,,,,,,,,,,,,,,,,,,,,
603,0.5,1,1.87,1,0,0,0,0,0,0,0.00,0,0,0,0,0,0,Harrison Armstrong,3,0,48,0,0,0,0,0,0,1,0,0.4,0.4,0.1,0.4,1,1,0,0.00,0.00,0.00,0.00,0.00,0.69,0.14,0.82,0.69,0.82,1,0,0.0,1.87,0.00,0.00,,5.8,0,0.37,-0.4,-0.4,7,15,46.7,149,15,3,4,75.0,2,5,40.0,2,4,50.0,0.0,-0.1,1,1,0,0,13,1,0,0,0,1,0,0,0,0,0,1,0,0,0,0,0,0,0,1,0.0,1,0,0,0,0,0,1,0,20,0,3,12,7,2,20,1,1,100.0,0,0.0,15,110,43,2,0,2,3,14,0,2,2,0,0,0,0,2,0,2,0.0,,,,,,,,,,,,,,,,,,,,,,,,,,,,,,,,,,,,,,,,,,,,,,,,,,,,,,,,,,,
152,31.0,4,0.13,2,2,0,0,0,0,0,0.00,0,0,0,0,0,0,Kepa Arrizabalaga,31,31,"2,790",0,0,0,0,0,0,3,0,0.1,0.1,0.0,0.1,0,2,0,0.00,0.00,0.00,0.00,0.00,0.00,0.00,0.00,0.00,0.00,1,0,0.0,0.03,0.00,0.00,,9.7,0,0.06,-0.1,-0.1,752,1027,73.2,20531,13943,120,122,98.4,390,397,98.2,241,500,48.2,0.0,0.0,1,10,0,0,728,295,103,0,0,0,0,0,0,0,0,4,2,1,0,1,0,0,0,2,0.0,2,2,0,2,0,1,15,3,1087,800,1057,29,1,1,1087,1,1,100.0,0,0.0,621,3129,1797,0,0,0,0,486,0,2,6,0,0,2,0,56,7,1,87.5,90,81.6,90,31,0,,1,1.48,50,39,+11,+0.35,+0.21,53.6,38.3,+15.3,+0.49,+0.46,31,31,"2,790",39,1.26,134,95,73.9,13,7,11,8,25.8,4,4,0,0,0.0,0,4,0,41.0,0.28,+2.0,+0.07,132,365,36.2,831,122,33.2,32.9,192,46.4,38.7,367,22,6.0,54,1.74,16.0
762,8.3,35,4.24,22,7,1,1,3,1,3,0.36,2,0,0,1,0,0,Marco Asensio,13,9,743,3,1,4,3,0,2,2,0,4.4,2.9,1.0,3.8,22,45,38,0.36,0.12,0.48,0.36,0.48,0.54,0.12,0.66,0.35,0.47,22,9,40.9,2.66,1.09,0.14,0.33,19.6,1,0.13,-1.4,+0.1,242,313,77.3,3581,1081,138,152,90.8,84,103,81.6,11,33,33.3,1.2,0.0,16,20,11,2,271,39,14,2,1,38,0,23,11,1,0,3,8,7,5,0,7,0,3,9,33.3,6,7,1,6,2,9,3,0,386,6,38,158,200,30,384,19,12,63.2,5,26.3,242,1466,682,21,5,9,8,265,0,11,8,2,0,0,0,28,0,1,0.0,57,21.7,72,3,4,23,0,2.00,18,8,+10,+1.21,+1.31,14.1,11.1,+3.0,+0.36,+0.26,,,,,,,,,,,,,,,,,,,,,,,,,,,,,,,,,,,,,,,,,
479,1.0,0,0.00,0,0,0,0,0,0,0,0.00,0,0,0,0,0,0,Brandon Austin,1,1,90,0,0,0,0,0,0,0,0,0.0,0.0,0.0,0.0,0,0,0,0.00,0.00,0.00,0.00,0.00,0.00,0.00,0.00,0.00,0.00,0,0,,0.00,0.00,,,,0,,0.0,0.0,22,32,68.8,526,386,7,7,100.0,9,9,100.0,6,16,37.5,0.0,0.0,0,0,0,0,24,8,2,0,0,0,0,0,0,0,0,0,0,0,0,0,0,0,0,0,,0,0,0,0,0,0,1,0,36,30,36,0,0,0,36,0,0,,0,,22,104,46,0,0,0,0,16,0,0,2,0,0,0,0,1,2,0,100.0,,,,,,,,,,,,,,,,,,,1,1,90,2,2.00,4,2,50.0,0,0,1,0,0.0,0,0,0,0,,0,0,0,2.2,0.55,+0.2,+0.20,3,11,27.3,26,5,38.5,32.3,6,16.7,29.0,15,5,33.3,2,2.00,12.4
424,4.6,9,1.95,5,0,1,2,1,0,1,0.22,0,0,0,1,0,0,Taiwo Awoniyi,26,3,416,1,0,1,1,0,0,0,0,2.1,2.1,0.1,2.2,6,7,20,0.22,0.00,0.22,0.22,0.22,0.46,0.02,0.48,0.46,0.48,10,4,40.0,2.16,0.87,0.10,0.25,12.6,0,0.21,-1.1,-1.1,61,96,63.5,705,157,42,59,71.2,14,25,56.0,1,5,20.0,0.1,-0.1,2,5,2,0,96,0,0,1,0,2,0,0,0,0,0,0,4,6,3,0,3,3,4,5,80.0,1,1,0,1,0,6,7,0,167,5,16,78,74,21,167,9,4,44.4,5,55.6,90,402,183,5,2,19,19,113,0,8,10,1,0,0,0,18,13,38,25.5,16,12.2,64,0,23,10,7,1.92,5,10,-5,-1.08,-1.59,5.7,6.5,-0.8,-0.18,-0.10,,,,,,,,,,,,,,,,,,,,,,,,,,,,,,,,,,,,,,,,,
600,21.8,61,2.79,36,13,3,3,4,2,6,0.27,4,2,0,0,0,0,Yasin Ayari,34,22,"1,965",2,1,3,2,0,0,3,0,2.4,2.4,2.3,4.8,30,75,61,0.09,0.05,0.14,0.09,0.14,0.11,0.11,0.22,0.11,0.22,28,8,28.6,1.28,0.37,0.07,0.25,18.7,2,0.09,-0.4,-0.4,793,973,81.5,11915,3328,465,509,91.4,269,319,84.3,40,98,40.8,2.6,-1.3,30,55,18,4,880,92,34,10,1,69,3,37,27,6,1,1,14,59,32,15,31,13,26,56,46.4,30,24,6,18,20,79,26,0,1233,58,275,624,354,45,1233,45,18,40.0,18,40.0,655,3244,1466,25,6,38,22,801,0,37,26,3,0,1,0,118,16,20,44.4,58,57.5,78,8,12,22,2,1.68,31,28,+3,+0.14,-0.11,32.5,29.6,+2.9,+0.13,+0.05,,,,,,,,,,,,,,,,,,,,,,,,,,,,,,,,,,,,,,,,,
647,1.3,1,0.78,1,0,0,0,0,0,0,0.00,0,0,0,0,0,0,Odsonne Édouard,2,1,115,0,0,0,0,0,0,0,0,0.4,0.4,0.0,0.4,3,4,7,0.00,0.00,0.00,0.00,0.00,0.31,0.04,0.34,0.31,0.34,5,1,20.0,3.91,0.78,0.00,0.00,20.9,0,0.08,-0.4,-0.4,17,28,60.7,230,46,11,16,68.8,4,7,57.1,1,1,100.0,0.0,0.0,1,2,0,0,28,0,0,0,0,1,0,0,0,0,0,0,2,1,0,0,1,0,0,2,0.0,2,1,0,1,0,1,1,0,45,1,4,23,18,8,45,1,0,0.0,1,100.0,24,117,56,1,2,4,1,26,0,4,0,2,0,0,0,5,1,4,20.0,,,,,,,,,,,,,,,,,,,,,,,,,,,,,,,,,,,,,,,,,,,,,,,,,,,,,,,,,,,
192,18.2,41,2.25,24,8,3,4,1,1,2,0.11,1,0,0,1,0,0,Jordan Ayew,30,19,"1,638",5,0,5,4,1,1,5,0,3.2,2.4,1.1,3.5,49,46,86,0.27,0.00,0.27,0.22,0.22,0.17,0.06,0.24,0.13,0.19,31,8,25.8,1.70,0.44,0.13,0.50,18.8,4,0.08,+1.8,+1.6,401,540,74.3,5942,1216,219,252,86.9,138,183,75.4,24,59,40.7,1.5,-1.1,16,25,14,7,490,49,13,3,2,60,5,28,15,8,3,1,11,27,15,8,14,5,7,23,30.4,16,21,2,19,12,39,19,0,798,21,103,407,312,55,797,64,26,40.6,32,50.0,479,3374,1540,37,11,63,40,540,0,30,59,7,0,0,0,93,37,80,31.6,55,47.9,77,4,11,16,6,0.77,17,41,-24,-1.32,-0.16,16.1,28.9,-12.7,-0.70,+0.64,,,,,,,,,,,,,,,,,,,,,,,,,,,,,,,,,,,,,,,,,
153,4.0,2,0.49,2,0,0,0,0,0,0,0.00,0,0,0,0,0,0,Axel Disasi,6,4,364,1,0,1,1,0,0,1,0,0.3,0.3,0.1,0.4,6,16,2,0.25,0.00,0.25,0.25,0.25,0.07,0.02,0.09,0.07,0.09,2,1,50.0,0.49,0.25,0.50,1.00,12.3,0,0.14,+0.7,+0.7,266,293,90.8,4218,1367,136,144,94.4,117,126,92.9,9,13,69.2,0.1,-0.1,2,20,2,0,266,27,10,0,1,0,17,0,0,0,0,0,2,7,4,5,1,1,6,11,54.5,5,4,1,3,2,9,11,1,323,17,110,175,40,2,323,1,1,100.0,0,0.0,196,953,519,3,0,1,3,242,0,2,0,0,0,0,0,15,5,2,71.4,61,10.6,79,2,2,24,9,2.17,5,3,+2,+0.49,-0.07,9.5,6.3,+3.2,+0.79,+0.28,,,,,,,,,,,,,,,,,,,,,,,,,,,,,,,,,,,,,,,,,
28,12.7,38,3.01,23,1,8,3,3,0,4,0.32,4,0,0,0,0,0,Leon Bailey,24,14,"1,139",1,2,3,1,0,0,3,0,1.7,1.7,1.5,3.3,58,35,121,0.08,0.16,0.24,0.08,0.24,0.14,0.12,0.26,0.14,0.26,28,6,21.4,2.21,0.47,0.04,0.17,17.3,2,0.06,-0.7,-0.7,277,390,71.0,4313,1055,152,186,81.7,100,123,81.3,18,38,47.4,3.0,+0.5,16,16,20,2,369,18,0,5,1,34,1,17,9,0,0,3,24,7,5,2,3,2,3,11,27.3,8,6,0,6,3,10,12,0,545,18,77,155,323,70,545,57,22,38.6,24,42.1,348,2582,1371,23,34,35,25,390,0,12,18,3,1,0,0,59,6,9,40.0,47,33.3,65,2,10,23,5,1.54,22,19,+3,+0.24,+0.08,20.3,13.7,+6.7,+0.53,+0.55,,,,,,,,,,,,,,,,,,,,,,,,,,,,,,,,,,,,,,,,,
115,29.6,66,2.23,55,0,2,5,1,3,4,0.14,2,0,0,0,1,1,Carlos Baleba,34,31,"2,661",3,1,4,3,0,0,8,1,3.1,3.1,1.3,4.4,43,118,29,0.10,0.03,0.14,0.10,0.14,0.10,0.05,0.15,0.10,0.15,44,11,25.0,1.49,0.37,0.07,0.27,25.5,1,0.07,-0.1,-0.1,1149,1314,87.4,19305,4741,544,591,92.0,487,528,92.2,94,148,63.5,1.2,-0.3,21,109,23,3,1289,23,10,7,3,9,3,0,0,0,0,2,14,79,46,26,37,16,48,80,60.0,32,47,11,36,46,125,44,1,1697,94,410,994,339,12,1697,57,33,57.9,20,35.1,971,5692,2810,45,3,39,42,1035,1,40,48,0,0,2,0,197,39,26,60.0,78,77.8,83,15,3,27,2,1.68,55,39,+16,+0.54,+1.61,47.0,39.6,+7.4,+0.25,+0.64,,,,,,,,,,,,,,,,,,,,,,,,,,,,,,,,,,,,,,,,,
29,6.5,18,2.78,15,1,2,0,0,0,3,0.46,3,0,0,0,0,0,Ross Barkley,20,3,581,3,1,4,3,0,0,3,0,1.8,1.8,0.6,2.4,15,36,10,0.46,0.15,0.62,0.46,0.62,0.27,0.10,0.37,0.27,0.37,16,5,31.3,2.48,0.77,0.19,0.60,14.2,0,0.11,+1.2,+1.2,337,395,85.3,5232,1260,176,201,87.6,142,155,91.6,13,20,65.0,0.4,+0.4,9,32,6,0,381,13,11,0,3,1,1,0,0,0,0,1,9,14,3,4,10,0,9,14,64.3,5,9,3,6,10,24,5,0,464,17,75,275,121,19,464,16,12,75.0,4,25.0,277,1560,733,15,2,7,8,328,0,8,3,0,0,0,0,43,6,4,60.0,29,17.0,85,2,17,19,4,1.75,10,10,0,0.00,-0.22,11.7,6.2,+5.5,+0.85,+0.84,,,,,,,,,,,,,,,,,,,,,,,,,,,,,,,,,,,,,,,,,
392,19.5,64,3.27,44,1,7,6,6,0,9,0.46,6,0,1,1,1,0,Harvey Barnes,33,17,"1,755",9,4,13,9,0,0,0,0,7.2,7.2,4.0,11.2,93,83,192,0.46,0.21,0.67,0.46,0.67,0.37,0.20,0.57,0.37,0.57,63,20,31.7,3.23,1.03,0.14,0.45,15.1,0,0.11,+1.8,+1.8,474,607,78.1,6642,1989,302,348,86.8,149,204,73.0,14,26,53.8,4.6,0.0,26,25,41,9,590,15,3,5,1,47,10,2,0,0,0,2,17,16,9,4,6,6,3,11,27.3,8,8,2,6,6,22,15,1,810,17,97,257,462,128,810,64,24,37.5,33,51.6,561,4196,2467,48,47,33,23,647,0,15,22,5,0,0,0,55,6,15,28.6,53,51.3,80,6,16,25,1,1.82,34,23,+11,+0.56,+0.02,31.0,24.1,+6.9,+0.35,-0.27,,,,,,,,,,,,,,,,,,,,,,,,,,,,,,,,,,,,,,,,,
241,34.2,23,0.67,19,1,2,0,0,1,3,0.09,2,0,0,0,0,1,Calvin Bassey,35,34,"3,074",1,0,1,1,0,0,7,0,1.0,1.0,0.1,1.2,39,116,15,0.03,0.00,0.03,0.03,0.03,0.03,0.00,0.03,0.03,0.03,14,4,28.6,0.41,0.12,0.07,0.25,15.3,0,0.07,0.0,0.0,1934,2155,89.7,34171,11961,821,862,95.2,941,1003,93.8,140,228,61.4,0.4,-0.1,3,152,3,0,2025,128,48,0,10,8,8,0,0,0,0,2,17,54,34,35,19,0,22,31,71.0,9,40,17,23,20,74,118,8,2463,324,1205,1151,132,19,2463,33,15,45.5,11,33.3,1571,8212,4940,20,5,34,8,1716,0,26,32,2,0,0,0,168,43,33,56.6,88,89.9,90,34,1,14,2,1.51,49,47,+2,+0.06,+0.58,44.5,38.9,+5.7,+0.17,+1.16,,,,,,,,,,,,,,,,,,,,,,,,,,,,,,,,,,,,,,,,,
367,4.0,0,0.00,0,0,0,0,0,0,0,0.00,0,0,0,0,0,0,Altay Bayındır,4,4,360,0,0,0,0,0,0,0,0,0.0,0.0,0.0,0.0,0,0,0,0.00,0.00,0.00,0.00,0.00,0.00,0.00,0.00,0.00,0.00,0,0,,0.00,0.00,,,,0,,0.0,0.0,92,152,60.5,2444,1386,13,13,100.0,52,55,94.5,26,81,32.1,0.0,0.0,0,1,0,0,121,31,7,0,0,0,0,0,0,0,0,0,2,0,0,0,0,0,0,1,0.0,1,0,0,0,0,0,9,1,168,145,166,2,0,0,168,0,0,,0,,110,432,196,0,0,0,0,103,0,0,1,0,0,0,0,3,1,1,50.0,,,,,,,,,,,,,,,,,,,4,4,360,10,2.50,17,8,41.2,1,0,3,1,25.0,0,0,0,0,,0,0,1,10.1,0.59,+1.1,+0.27,13,62,21.0,128,12,34.4,34.1,24,75.0,53.8,56,4,7.1,7,1.75,12.0
455,28.1,16,0.57,15,0,0,1,0,0,0,0.00,0,0,0,0,0,0,Jan Bednarek,30,30,"2,531",2,0,2,2,0,0,7,0,0.7,0.7,0.5,1.2,5,60,2,0.07,0.00,0.07,0.07,0.07,0.02,0.02,0.04,0.02,0.04,5,2,40.0,0.18,0.07,0.40,1.00,16.0,0,0.13,+1.3,+1.3,1564,1687,92.7,27781,8925,590,620,95.2,856,903,94.8,105,137,76.6,0.9,-0.5,5,72,1,0,1606,79,33,0,7,1,1,0,0,0,0,2,4,36,19,23,13,0,16,31,51.6,15,47,36,11,56,92,190,5,2049,386,1091,924,41,15,2049,3,3,100.0,0,0.0,1046,3845,1742,5,1,9,3,1307,0,31,13,0,0,1,0,106,71,37,65.7,84,74.0,84,26,0,,0,0.37,19,57,-38,-1.35,+0.88,23.8,56.5,-32.6,-1.16,+0.81,,,,,,,,,,,,,,,,,,,,,,,,,,,,,,,,,,,,,,,,,
456,3.7,2,0.54,1,0,0,0,0,1,0,0.00,0,0,0,0,0,0,Armel Bella Kotchap,4,2,331,0,0,0,0,0,0,0,0,0.3,0.3,0.0,0.3,0,5,0,0.00,0.00,0.00,0.00,0.00,0.09,0.00,0.09,0.09,0.09,1,0,0.0,0.27,0.00,0.00,,9.1,0,0.32,-0.3,-0.3,202,224,90.2,3829,956,65,66,98.5,119,123,96.7,16,29,55.2,0.0,0.0,0,6,0,0,219,4,4,0,0,0,0,0,0,0,0,1,1,7,5,5,2,0,3,6,50.0,3,2,2,0,5,12,21,1,263,33,147,115,3,1,263,1,0,0.0,1,100.0,186,936,326,0,0,1,0,192,0,3,2,0,0,0,0,19,6,5,54.5,,,,,,,,,,,,,,,,,,,,,,,,,,,,,,,,,,,,,,,,,,,,,,,,,,,,,,,,,,,
535,18.6,57,3.06,35,5,4,4,7,2,11,0.59,8,1,0,0,1,1,Jean-Ricner Bellegarde,35,20,"1,677",2,7,9,2,0,0,3,0,1.5,1.5,3.8,5.3,52,43,89,0.11,0.38,0.48,0.11,0.48,0.08,0.20,0.29,0.08,0.29,22,5,22.7,1.18,0.27,0.09,0.40,21.2,2,0.07,+0.5,+0.5,475,599,79.3,7404,1436,271,304,89.1,152,188,80.9,36,62,58.1,2.8,+3.2,27,30,18,8,575,23,9,5,4,44,3,5,4,0,0,1,21,39,24,17,19,3,14,20,70.0,6,19,3,16,10,49,18,1,843,24,148,394,318,48,843,61,14,23.0,31,50.8,528,3269,1573,38,11,42,29,592,0,31,47,1,0,0,0,62,10,19,34.5,48,49.0,69,1,15,20,2,1.09,29,31,-2,-0.11,+0.56,22.8,26.3,-3.5,-0.19,+0.37,,,,,,,,,,,,,,,,,,,,,,,,,,,,,,,,,,,,,,,,,
480,18.3,45,2.46,36,0,1,5,1,2,3,0.16,3,0,0,0,0,0,Rodrigo Bentancur,26,21,"1,645",2,0,2,2,0,0,9,0,1.3,1.3,0.4,1.7,28,100,34,0.11,0.00,0.11,0.11,0.11,0.07,0.02,0.10,0.07,0.10,22,5,22.7,1.20,0.27,0.09,0.40,17.4,0,0.06,+0.7,+0.7,946,1076,87.9,15392,3700,450,496,90.7,425,459,92.6,47,63,74.6,1.0,-0.4,10,109,13,2,1036,38,31,4,2,4,2,0,0,0,0,2,19,40,22,19,17,4,19,40,47.5,21,25,8,17,40,80,38,1,1302,76,323,774,216,24,1302,19,9,47.4,8,42.1,764,3568,1502,24,5,19,20,848,0,34,10,1,0,0,0,121,36,30,54.5,63,48.1,75,7,5,15,1,1.04,26,26,0,0.00,+0.05,30.1,26.4,+3.7,+0.20,+0.62,,,,,,,,,,,,,,,,,,,,,,,,,,,,,,,,,,,,,,,,,
536,2.0,0,0.00,0,0,0,0,0,0,0,0.00,0,0,0,0,0,0,Daniel Bentley,2,2,180,0,0,0,0,0,0,0,0,0.0,0.0,0.0,0.0,0,0,0,0.00,0.00,0.00,0.00,0.00,0.00,0.00,0.00,0.00,0.00,0,0,,0.00,0.00,,,,0,,0.0,0.0,49,65,75.4,1252,851,6,6,100.0,33,33,100.0,10,26,38.5,0.0,0.0,0,1,0,0,45,20,7,0,0,0,0,0,0,0,0,0,0,0,0,0,0,0,0,0,,0,0,0,0,0,0,1,0,69,50,68,1,0,0,69,0,0,,0,,39,218,134,0,0,0,0,26,0,0,0,0,0,0,0,4,2,0,100.0,,,,,,,,,,,,,,,,,,,2,2,180,4,2.00,12,8,66.7,1,0,1,1,50.0,0,0,0,0,,1,0,0,3.9,0.33,-0.1,-0.04,7,21,33.3,52,6,25.0,28.1,13,61.5,46.4,25,0,0.0,3,1.50,16.4
622,24.7,48,1.94,43,1,1,1,0,2,2,0.08,2,0,0,0,0,0,Sander Berge,31,26,"2,224",0,0,0,0,0,0,6,0,0.4,0.4,0.6,1.0,29,124,9,0.00,0.00,0.00,0.00,0.00,0.01,0.03,0.04,0.01,0.04,3,1,33.3,0.12,0.04,0.00,0.00,8.7,0,0.12,-0.4,-0.4,1091,1193,91.5,19377,4626,452,491,92.1,526,557,94.4,96,115,83.5,0.6,-0.6,18,116,5,0,1152,41,40,3,7,3,1,0,0,0,0,0,8,50,30,23,23,4,27,39,69.2,12,27,8,19,21,71,38,1,1384,81,374,799,217,14,1384,20,11,55.0,6,30.0,804,4467,2065,25,2,15,16,892,0,31,10,0,0,0,0,126,28,22,56.0,72,65.0,81,16,5,23,0,1.48,33,35,-2,-0.08,-0.23,29.9,30.2,-0.3,-0.01,-0.18,,,,,,,,,,,,,,,,,,,,,,,,,,,,,,,,,,,,,,,,,
481,13.5,22,1.63,16,4,0,2,0,0,4,0.30,3,0,0,1,0,0,Lucas Bergvall,27,11,"1,212",0,1,1,0,0,0,3,0,0.7,0.7,0.6,1.3,33,49,31,0.00,0.07,0.07,0.00,0.07,0.05,0.04,0.09,0.05,0.09,12,2,16.7,0.89,0.15,0.00,0.00,19.9,0,0.06,-0.7,-0.7,629,720,87.4,10567,2202,295,321,91.9,264,294,89.8,53,71,74.6,0.8,+0.4,11,53,7,3,675,44,21,0,8,21,10,8,5,2,0,1,11,39,19,14,20,5,17,32,53.1,15,18,8,10,24,63,22,3,885,36,188,478,232,22,885,45,21,46.7,20,44.4,531,3392,1634,21,4,20,19,586,0,20,17,0,0,0,0,73,9,8,52.9,45,35.4,81,6,16,20,7,1.11,29,25,+4,+0.30,+0.50,20.9,24.4,-3.5,-0.26,-0.22,,,,,,,,,,,,,,,,,,,,,,,,,,,,,,,,,,,,,,,,,
296,27.6,42,1.52,33,6,1,0,2,0,3,0.11,3,0,0,0,0,0,Victor Bernth Kristiansen,30,29,"2,482",0,1,1,0,0,0,1,0,0.3,0.3,1.4,1.7,40,70,78,0.00,0.04,0.04,0.00,0.04,0.01,0.05,0.06,0.01,0.06,3,0,0.0,0.11,0.00,0.00,,17.7,0,0.11,-0.3,-0.3,1023,1321,77.4,16420,5859,519,581,89.3,418,524,79.8,65,157,41.4,1.7,-0.4,18,76,23,18,1067,246,40,1,2,97,189,17,14,2,0,8,24,87,51,56,26,5,49,91,53.8,42,38,15,23,42,129,75,3,1614,115,577,722,329,17,1614,18,8,44.4,9,50.0,816,3948,1866,26,5,15,13,887,0,19,18,3,0,1,1,99,22,42,34.4,83,72.6,85,20,1,14,5,0.60,19,62,-43,-1.56,-1.18,20.6,53.4,-32.8,-1.19,-0.57,,,,,,,,,,,,,,,,,,,,,,,,,,,,,,,,,,,,,,,,,
218,17.0,26,1.52,16,0,3,3,4,0,1,0.06,1,0,0,0,0,0,Beto,30,15,"1,534",8,0,8,8,0,0,2,0,8.2,8.2,1.2,9.4,15,16,77,0.47,0.00,0.47,0.47,0.47,0.48,0.07,0.55,0.48,0.55,49,23,46.9,2.87,1.35,0.16,0.35,13.1,0,0.17,-0.2,-0.2,156,268,58.2,2060,282,92,137,67.2,44,83,53.0,7,9,77.8,0.5,-1.2,12,7,8,1,264,4,0,1,2,4,0,1,0,0,0,0,13,14,6,2,8,4,5,8,62.5,3,12,2,10,4,18,24,1,520,29,51,233,242,86,520,38,19,50.0,17,44.7,267,1242,478,12,9,71,37,378,0,33,23,16,0,0,0,40,99,105,48.5,51,44.9,82,6,15,20,8,1.07,23,24,-1,-0.06,-0.01,21.3,18.6,+2.7,+0.16,+0.50,,,,,,,,,,,,,,,,,,,,,,,,,,,,,,,,,,,,,,,,,
76,2.0,16,7.83,13,0,0,1,0,2,0,0.00,0,0,0,0,0,0,Philip Billing,10,1,184,0,0,0,0,0,0,1,0,0.6,0.6,1.1,1.7,3,15,13,0.00,0.00,0.00,0.00,0.00,0.28,0.54,0.82,0.28,0.82,5,1,20.0,2.45,0.49,0.00,0.00,17.9,0,0.11,-0.6,-0.6,70,102,68.6,1023,400,43,51,84.3,19,27,70.4,4,15,26.7,1.0,-1.1,9,9,7,2,91,10,1,1,1,10,1,6,2,2,1,1,2,14,5,7,6,1,3,4,75.0,1,3,0,3,5,19,2,0,148,5,20,72,57,12,148,3,1,33.3,0,0.0,58,254,163,1,1,7,4,75,0,3,2,0,0,0,0,14,6,4,60.0,18,5.4,72,0,9,12,3,1.90,5,4,+1,+0.49,+0.18,5.4,3.3,+2.2,+1.05,+0.68,,,,,,,,,,,,,,,,,,,,,,,,,,,,,,,,,,,,,,,,,
482,15.6,16,1.02,15,0,0,0,0,1,0,0.00,0,0,0,0,0,0,Yves Bissouma,28,16,"1,408",2,0,2,2,0,0,7,0,0.6,0.6,0.3,0.9,15,75,3,0.13,0.00,0.13,0.13,0.13,0.04,0.02,0.06,0.04,0.06,11,4,36.4,0.70,0.26,0.18,0.50,23.4,0,0.06,+1.4,+1.4,755,852,88.6,11376,2858,413,448,92.2,278,300,92.7,36,60,60.0,0.6,-0.3,6,61,10,1,807,42,41,2,2,2,1,0,0,0,0,3,10,49,31,20,25,4,19,34,55.9,15,11,6,5,18,67,40,4,1039,71,304,584,159,5,1039,22,7,31.8,15,68.2,610,3602,1611,17,0,25,15,704,0,28,18,0,0,2,0,85,7,7,50.0,50,41.2,72,4,12,21,6,1.11,28,28,0,0.00,+0.04,22.0,27.5,-5.5,-0.35,-0.40,,,,,,,,,,,,,,,,,,,,,,,,,,,,,,,,,,,,,,,,,
343,0.2,2,11.25,1,0,1,0,0,0,0,0.00,0,0,0,0,0,0,Oscar Bobb,3,0,16,0,0,0,0,0,0,0,0,0.0,0.0,0.1,0.1,1,1,1,0.00,0.00,0.00,0.00,0.00,0.00,0.41,0.41,0.00,0.41,0,0,,0.00,0.00,,,,0,,0.0,0.0,13,15,86.7,169,33,8,10,80.0,4,4,100.0,0,0,,0.0,-0.1,1,0,1,0,14,1,0,0,0,0,0,0,0,0,0,0,0,0,0,0,0,0,0,0,,0,0,0,0,0,0,0,0,15,0,2,6,7,0,15,2,2,100.0,0,0.0,10,67,32,0,0,0,0,13,0,0,1,0,0,0,0,2,0,0,,,,,,,,,,,,,,,,,,,,,,,,,,,,,,,,,,,,,,,,,,,,,,,,,,,,,,,,,,,,
598,5.3,10,1.89,8,1,0,0,0,1,1,0.19,1,0,0,0,0,0,Lamare Bogarde,8,5,476,0,0,0,0,0,0,2,0,0.0,0.0,0.1,0.2,12,14,9,0.00,0.00,0.00,0.00,0.00,0.01,0.02,0.03,0.01,0.03,1,1,100.0,0.19,0.19,0.00,0.00,20.2,0,0.04,0.0,0.0,240,272,88.2,3682,1154,129,139,92.8,107,116,92.2,3,9,33.3,0.1,-0.1,2,24,1,0,239,31,14,0,0,0,17,0,0,0,0,2,1,14,6,6,6,2,10,16,62.5,6,5,3,2,1,15,13,0,325,16,95,191,40,4,325,4,2,50.0,1,25.0,173,1031,599,6,1,6,8,212,0,8,11,0,0,0,0,13,6,6,50.0,60,13.9,77,2,3,30,14,1.50,10,11,-1,-0.19,-0.43,7.5,9.3,-1.8,-0.34,-0.58,,,,,,,,,,,,,,,,,,,,,,,,,,,,,,,,,,,,,,,,,
425,1.7,0,0.00,0,0,0,0,0,0,0,0.00,0,0,0,0,0,0,Willy Boly,6,1,150,0,0,0,0,0,0,1,0,0.1,0.1,0.0,0.1,0,2,0,0.00,0.00,0.00,0.00,0.00,0.04,0.00,0.04,0.04,0.04,1,1,100.0,0.60,0.60,0.00,0.00,10.2,0,0.07,-0.1,-0.1,55,70,78.6,1010,477,20,22,90.9,30,32,93.8,4,15,26.7,0.0,0.0,0,3,0,0,69,1,1,0,0,0,0,0,0,0,0,0,0,6,1,5,1,0,4,4,100.0,0,4,2,2,3,9,12,0,97,22,63,32,2,1,97,0,0,,0,,35,128,45,0,0,1,0,46,0,1,0,0,0,0,0,5,6,2,75.0,25,4.4,90,1,5,12,23,2.17,3,1,+2,+1.20,+0.92,2.6,2.7,0.0,-0.03,+0.07,,,,,,,,,,,,,,,,,,,,,,,,,,,,,,,,,,,,,,,,,
393,4.6,4,0.87,1,0,0,3,0,0,0,0.00,0,0,0,0,0,0,Sven Botman,8,6,412,0,0,0,0,0,0,1,0,0.5,0.5,0.5,1.1,0,7,0,0.00,0.00,0.00,0.00,0.00,0.12,0.12,0.24,0.12,0.24,5,2,40.0,1.09,0.44,0.00,0.00,7.1,0,0.12,-0.5,-0.5,220,246,89.4,3768,1437,93,107,86.9,103,107,96.3,15,21,71.4,0.2,-0.5,2,13,0,0,238,8,7,1,2,0,1,0,0,0,0,0,0,12,9,6,5,1,7,9,77.8,2,5,4,1,5,17,25,1,304,40,132,160,16,11,304,3,1,33.3,1,33.3,145,670,337,1,0,5,1,197,0,5,4,0,0,0,0,14,17,9,65.4,52,12.0,67,1,2,5,2,1.63,7,4,+3,+0.66,+0.12,8.0,4.8,+3.2,+0.71,+0.26,,,,,,,,,,,,,,,,,,,,,,,,,,,,,,,,,,,,,,,,,
514,33.0,113,3.42,70,13,6,13,9,2,15,0.45,11,2,1,1,0,0,Jarrod Bowen,34,34,"2,973",13,8,21,12,1,1,1,0,8.6,7.8,6.8,14.7,109,91,212,0.39,0.24,0.64,0.36,0.61,0.26,0.21,0.47,0.24,0.44,86,36,41.9,2.60,1.09,0.14,0.33,17.4,1,0.09,+4.4,+4.2,584,815,71.7,9476,2687,326,388,84.0,187,250,74.8,54,94,57.4,6.5,+1.2,51,41,46,8,722,87,6,7,4,106,3,44,28,15,0,6,44,41,26,13,12,16,19,40,47.5,21,22,4,18,16,57,25,0,1252,28,132,466,678,171,1251,130,44,33.8,76,58.5,741,5306,2501,46,61,70,77,834,0,20,51,10,0,0,0,129,12,48,20.0,87,86.9,87,27,0,,0,1.15,41,50,-9,-0.27,+1.14,41.4,50.6,-9.2,-0.28,+0.44,,,,,,,,,,,,,,,,,,,,,,,,,,,,,,,,,,,,,,,,,
313,8.4,19,2.27,13,0,5,0,1,0,4,0.48,3,0,1,0,0,0,Conor Bradley,19,7,754,0,2,2,0,0,0,4,0,0.7,0.7,1.4,2.1,35,33,39,0.00,0.24,0.24,0.00,0.24,0.08,0.17,0.25,0.08,0.25,10,3,30.0,1.19,0.36,0.00,0.00,14.2,0,0.07,-0.7,-0.7,456,544,83.8,6875,1711,261,286,91.3,175,198,88.4,12,36,33.3,1.4,+0.6,7,26,3,1,471,71,13,0,2,7,58,0,0,0,0,2,12,14,10,7,5,2,11,22,50.0,11,9,2,7,4,18,31,0,663,32,197,299,178,43,663,25,10,40.0,12,48.0,369,2332,1356,22,9,13,5,411,0,12,14,1,0,0,0,51,11,7,61.1,40,22.0,68,1,12,23,6,1.84,13,10,+3,+0.36,-1.06,17.2,12.4,+4.8,+0.58,-0.73,,,,,,,,,,,,,,,,,,,,,,,,,,,,,,,,,,,,,,,,,
219,27.9,13,0.47,11,1,0,0,1,0,2,0.07,1,1,0,0,0,0,Jarrad Branthwaite,30,28,"2,511",0,1,1,0,0,0,4,0,1.2,1.2,0.7,1.9,10,66,2,0.00,0.04,0.04,0.00,0.04,0.04,0.02,0.07,0.04,0.07,10,3,30.0,0.36,0.11,0.00,0.00,8.2,0,0.12,-1.2,-1.2,984,1198,82.1,19285,7699,368,409,90.0,488,539,90.5,121,218,55.5,0.6,+0.3,3,86,3,0,1141,51,38,1,17,5,3,0,0,0,0,6,7,36,20,26,10,0,20,28,71.4,8,31,23,8,27,63,191,4,1520,211,783,676,69,28,1520,6,3,50.0,2,33.3,747,4143,2515,14,2,8,4,894,0,12,18,1,0,0,0,93,61,42,59.2,84,73.4,89,27,2,4,0,1.33,34,28,+6,+0.22,+1.01,31.1,30.0,+1.1,+0.04,+0.59,,,,,,,,,,,,,,,,,,,,,,,,,,,,,,,,,,,,,,,,,
457,11.9,16,1.34,13,2,0,1,0,0,1,0.08,1,0,0,0,0,0,James Bree,17,13,"1,075",0,1,1,0,0,0,0,0,0.1,0.1,0.9,1.0,13,34,43,0.00,0.08,0.08,0.00,0.08,0.01,0.08,0.08,0.01,0.08,4,1,25.0,0.33,0.08,0.00,0.00,22.7,0,0.03,-0.1,-0.1,500,599,83.5,7922,2204,243,269,90.3,220,253,87.0,27,52,51.9,0.7,+0.1,10,29,7,6,549,49,9,0,0,29,36,3,2,0,0,1,9,19,14,8,10,1,10,25,40.0,15,10,3,7,9,28,29,0,694,49,221,308,170,11,694,8,4,50.0,2,25.0,363,1586,808,12,1,9,5,443,0,4,5,0,0,0,0,65,12,7,63.2,63,31.4,78,7,4,15,15,0.29,8,31,-23,-1.93,-0.51,9.3,31.2,-21.9,-1.83,-0.67,,,,,,,,,,,,,,,,,,,,,,,,,,,,,,,,,,,,,,,,,
584,5.0,9,1.80,7,0,0,0,2,0,0,0.00,0,0,0,0,0,0,Ben Brereton,10,4,449,0,0,0,0,0,0,1,0,0.9,0.9,0.1,1.0,12,9,42,0.00,0.00,0.00,0.00,0.00,0.18,0.02,0.20,0.18,0.20,11,1,9.1,2.20,0.20,0.00,0.00,17.3,0,0.08,-0.9,-0.9,128,166,77.1,1836,383,83,95,87.4,36,53,67.9,7,11,63.6,0.1,-0.1,3,9,2,1,163,2,1,1,0,5,1,0,0,0,0,1,3,3,2,0,2,1,1,9,11.1,8,2,1,1,0,3,4,0,206,4,19,76,112,20,206,4,1,25.0,2,50.0,136,791,394,13,4,9,4,171,0,4,8,1,0,0,0,16,9,7,56.3,45,13.1,78,2,6,23,4,0.20,2,10,-8,-1.60,-0.03,5.0,11.0,-6.0,-1.20,+0.20,,,,,,,,,,,,,,,,,,,,,,,,,,,,,,,,,,,,,,,,,
262,7.8,22,2.82,15,0,6,1,0,0,2,0.26,1,0,1,0,0,0,Nathan Broadhead,18,7,702,2,0,2,2,0,0,1,0,1.7,1.7,0.7,2.4,20,14,33,0.26,0.00,0.26,0.26,0.26,0.22,0.09,0.31,0.22,0.31,13,8,61.5,1.67,1.03,0.15,0.25,15.8,0,0.13,+0.3,+0.3,178,228,78.1,2473,457,110,123,89.4,58,72,80.6,3,12,25.0,1.1,-0.7,7,12,6,0,218,10,0,3,1,9,2,3,3,0,0,0,11,9,4,3,6,0,3,12,25.0,9,8,1,7,4,13,5,0,317,7,41,161,126,21,317,34,17,50.0,15,44.1,174,1238,584,16,5,19,15,222,0,4,13,2,0,0,0,32,1,10,9.1,39,20.5,74,1,11,17,7,0.44,12,12,0,0.00,+1.52,9.1,11.6,-2.5,-0.32,+0.87,,,,,,,,,,,,,,,,,,,,,,,,,,,,,,,,,,,,,,,,,
156,3.7,7,1.89,7,0,0,0,0,0,0,0.00,0,0,0,0,0,0,Armando Broja,10,4,334,0,0,0,0,0,0,1,0,0.1,0.1,0.2,0.3,12,2,26,0.00,0.00,0.00,0.00,0.00,0.03,0.05,0.08,0.03,0.08,4,0,0.0,1.08,0.00,0.00,,17.3,0,0.03,-0.1,-0.1,53,73,72.6,594,101,35,45,77.8,10,12,83.3,2,3,66.7,0.1,-0.2,4,3,0,0,72,0,0,0,0,1,0,0,0,0,0,1,1,3,1,1,1,1,0,0,,0,3,0,3,1,4,4,0,127,4,14,47,72,18,127,16,8,50.0,7,43.8,64,577,281,8,3,16,13,94,0,6,4,3,0,0,0,9,18,21,46.2,33,9.8,58,0,6,17,3,1.00,1,2,-1,-0.27,-0.24,3.1,3.8,-0.7,-0.19,-0.08,,,,,,,,,,,,,,,,,,,,,,,,,,,,,,,,,,,,,,,,,
62,10.7,46,4.31,36,6,2,2,0,0,2,0.19,1,0,0,1,0,0,David Brooks,29,9,960,2,0,2,2,0,0,3,0,2.5,2.5,1.9,4.4,35,35,83,0.19,0.00,0.19,0.19,0.19,0.24,0.18,0.41,0.24,0.41,25,12,48.0,2.34,1.13,0.08,0.17,16.3,0,0.10,-0.5,-0.5,310,411,75.4,4795,1429,176,205,85.9,101,130,77.7,24,47,51.1,2.0,-1.9,20,22,18,6,366,44,14,3,0,52,10,17,7,4,0,1,14,14,6,2,8,4,2,16,12.5,14,18,2,16,5,19,9,1,545,15,59,207,289,39,545,34,11,32.4,20,58.8,342,2344,1115,25,10,30,14,375,0,11,18,0,0,0,0,50,7,10,41.2,33,28.1,67,0,20,18,7,1.41,23,12,+11,+1.03,+0.99,20.7,14.7,+5.9,+0.56,+0.21,,,,,,,,,,,,,,,,,,,,,,,,,,,,,,,,,,,,,,,,,
31,1.1,3,2.76,2,0,0,1,0,0,0,0.00,0,0,0,0,0,0,Emi Buendía,12,0,98,0,0,0,0,0,0,1,0,0.7,0.7,0.0,0.7,3,7,6,0.00,0.00,0.00,0.00,0.00,0.60,0.02,0.62,0.60,0.62,5,0,0.0,4.59,0.00,0.00,,19.1,1,0.13,-0.7,-0.7,49,60,81.7,624,166,33,36,91.7,12,14,85.7,1,5,20.0,0.0,0.0,1,4,1,0,59,1,1,1,0,0,0,0,0,0,0,0,0,6,6,3,2,1,0,5,0.0,5,5,1,4,0,6,2,0,82,0,17,35,31,3,82,2,0,0.0,2,100.0,53,185,119,5,0,4,3,64,0,4,6,0,0,0,0,8,0,2,0.0,8,2.9,,0,12,8,11,2.00,1,2,-1,-0.92,-1.14,1.9,2.0,-0.1,-0.08,-0.24,,,,,,,,,,,,,,,,,,,,,,,,,,,,,,,,,,,,,,,,,
564,18.7,12,0.64,10,1,0,0,0,1,4,0.21,3,0,0,0,0,1,Santiago Bueno,29,18,"1,687",0,0,0,0,0,0,2,0,0.4,0.4,0.0,0.4,1,28,1,0.00,0.00,0.00,0.00,0.00,0.02,0.00,0.02,0.02,0.02,6,3,50.0,0.32,0.16,0.00,0.00,14.0,0,0.07,-0.4,-0.4,741,842,88.0,13598,4177,260,281,92.5,417,444,93.9,51,91,56.0,0.1,0.0,0,24,2,0,807,34,21,1,3,0,4,0,0,0,0,1,9,41,21,22,18,1,17,22,77.3,5,36,21,15,15,56,70,0,1025,170,522,485,21,6,1025,4,0,0.0,4,100.0,555,2727,1430,2,0,2,2,660,0,26,5,0,0,0,0,43,35,31,53.0,58,49.3,87,14,11,12,8,1.31,26,34,-8,-0.43,-0.06,22.5,29.2,-6.6,-0.35,+0.05,,,,,,,,,,,,,,,,,,,,,,,,,,,,,,,,,,,,,,,,,
117,16.9,51,3.01,27,11,9,1,3,0,5,0.30,1,2,2,0,0,0,Facundo Buonanotte,31,14,"1,523",5,2,7,5,0,0,8,0,3.9,3.9,3.1,7.0,39,54,74,0.30,0.12,0.41,0.30,0.41,0.23,0.18,0.41,0.23,0.41,36,12,33.3,2.13,0.71,0.14,0.42,17.6,0,0.11,+1.1,+1.1,437,572,76.4,6930,1757,236,276,85.5,150,182,82.4,35,74,47.3,2.3,-1.1,24,41,13,2,501,67,24,7,4,43,10,26,19,1,0,4,9,53,32,17,22,14,21,67,31.3,46,34,6,28,12,65,14,0,874,26,128,452,307,39,874,83,28,33.7,49,59.0,479,2997,1347,26,9,58,39,528,0,37,35,3,0,0,0,79,18,36,33.3,49,44.5,80,6,17,24,3,0.52,17,33,-16,-0.95,+0.53,16.8,28.6,-11.8,-0.70,+0.60,,,,,,,,,,,,,,,,,,,,,,,,,,,,,,,,,,,,,,,,,
263,17.1,14,0.82,14,0,0,0,0,0,3,0.18,3,0,0,0,0,0,Cameron Burgess,18,16,"1,541",0,2,2,0,0,0,0,0,1.1,1.1,0.5,1.6,2,42,4,0.00,0.12,0.12,0.00,0.12,0.06,0.03,0.09,0.06,0.09,10,2,20.0,0.58,0.12,0.00,0.00,9.6,0,0.11,-1.1,-1.1,626,774,80.9,11461,5485,259,285,90.9,295,340,86.8,64,127,50.4,0.4,+1.5,7,47,4,0,710,60,28,1,1,0,0,0,0,0,0,4,7,17,12,14,3,0,9,11,81.8,2,20,15,5,14,31,128,3,982,248,609,327,48,24,982,0,0,,0,,430,1965,1002,4,0,3,0,573,0,6,4,1,0,0,0,44,44,22,66.7,86,45.1,90,16,2,51,5,0.72,19,37,-18,-1.05,+0.29,16.2,33.9,-17.7,-1.03,-0.05,,,,,,,,,,,,,,,,,,,,,,,,,,,,,,,,,,,,,,,,,
395,37.0,27,0.73,21,1,0,4,1,0,4,0.11,3,1,0,0,0,0,Dan Burn,37,37,"3,330",1,1,2,1,0,0,11,0,2.0,2.0,0.9,2.8,12,75,14,0.03,0.03,0.05,0.03,0.05,0.05,0.02,0.08,0.05,0.08,23,7,30.4,0.62,0.19,0.04,0.14,9.7,0,0.09,-1.0,-1.0,1774,2006,88.4,32347,11375,621,692,89.7,1029,1088,94.6,110,181,60.8,1.1,+0.1,9,50,9,0,1968,37,25,0,12,3,8,0,0,0,0,1,16,39,24,22,15,2,20,36,55.6,16,36,26,10,27,66,197,4,2386,366,1305,959,130,52,2386,4,3,75.0,1,25.0,1346,6322,2798,8,1,24,3,1615,0,34,12,5,0,0,2,103,146,75,66.1,90,97.4,90,37,0,,0,1.78,68,45,+23,+0.62,+2.62,62.1,44.7,+17.5,+0.47,-0.30,,,,,,,,,,,,,,,,,,,,,,,,,,,,,,,,,,,,,,,,,
264,10.3,16,1.55,12,0,1,1,2,0,1,0.10,1,0,0,0,0,0,Wes Burns,18,12,926,0,1,1,0,0,0,1,0,0.5,0.5,1.6,2.2,38,8,65,0.00,0.10,0.10,0.00,0.10,0.05,0.16,0.21,0.05,0.21,7,1,14.3,0.68,0.10,0.00,0.00,18.3,0,0.07,-0.5,-0.5,153,253,60.5,2416,597,82,102,80.4,51,78,65.4,14,36,38.9,1.2,-0.6,10,8,8,7,244,9,1,0,1,46,8,0,0,0,0,0,24,13,11,1,9,3,4,10,40.0,6,7,2,5,10,23,13,2,350,21,69,129,160,18,350,24,9,37.5,14,58.3,216,1458,696,13,10,17,13,220,0,4,11,0,0,0,0,50,8,21,27.6,51,27.1,67,0,6,20,3,0.67,7,23,-16,-1.56,-0.47,9.6,23.2,-13.6,-1.32,-0.43,,,,,,,,,,,,,,,,,,,,,,,,,,,,,,,,,,,,,,,,,
665,0.1,0,0.00,0,0,0,0,0,0,0,0.00,0,0,0,0,0,0,Nathan Butler-Oyedeji,1,0,7,0,0,0,0,0,0,0,0,0.1,0.1,0.0,0.1,0,0,0,0.00,0.00,0.00,0.00,0.00,0.94,0.00,0.94,0.94,0.94,1,1,100.0,12.86,12.86,0.00,0.00,15.6,0,0.07,-0.1,-0.1,0,0,,0,0,0,0,,0,0,,0,0,,0.0,0.0,0,0,0,0,0,0,0,0,0,0,0,0,0,0,0,0,0,0,0,0,0,0,0,0,,0,0,0,0,0,0,0,0,1,0,0,0,1,1,1,0,0,,0,,0,0,0,0,0,0,0,0,0,0,0,0,0,0,0,0,0,0,,,,,,,,,,,,,,,,,,,,,,,,,,,,,,,,,,,,,,,,,,,,,,,,,,,,,,,,,,,,
157,37.2,98,2.63,86,0,2,0,3,7,9,0.24,6,0,0,0,2,1,Moisés Caicedo,38,38,"3,351",1,2,3,1,0,0,11,0,0.8,0.8,3.0,3.8,43,215,37,0.03,0.05,0.08,0.03,0.08,0.02,0.08,0.10,0.02,0.10,20,3,15.0,0.54,0.08,0.05,0.33,25.3,0,0.04,+0.2,+0.2,1967,2194,89.7,33834,8949,893,964,92.6,878,951,92.3,159,208,76.4,2.8,-1.0,30,235,34,2,2116,74,47,12,13,10,27,0,0,0,0,4,20,114,73,44,54,16,54,86,62.8,32,49,10,39,49,163,60,1,2579,95,562,1570,476,15,2579,64,29,45.3,22,34.4,1409,6882,3384,38,2,37,25,1780,0,70,58,0,2,1,0,229,35,16,68.6,88,98.0,88,33,0,,0,1.82,62,42,+20,+0.54,-0.77,66.9,45.3,+21.6,+0.58,+1.98,,,,,,,,,,,,,,,,,,,,,,,,,,,,,,,,,,,,,,,,,
243,7.0,33,4.71,28,2,0,2,1,0,3,0.43,3,0,0,0,0,0,Tom Cairney,25,3,628,2,0,2,2,0,0,3,1,0.8,0.8,1.1,1.8,18,53,33,0.29,0.00,0.29,0.29,0.29,0.11,0.15,0.26,0.11,0.26,11,4,36.4,1.58,0.57,0.18,0.50,20.4,2,0.07,+1.2,+1.2,569,627,90.7,9151,1910,316,336,94.0,206,223,92.4,42,54,77.8,1.2,-1.1,11,53,7,3,602,25,11,0,2,20,1,8,3,3,0,0,8,13,5,5,2,6,4,7,57.1,3,7,1,6,4,17,3,1,683,12,123,347,223,18,683,13,5,38.5,4,30.8,456,2179,1047,17,4,6,4,553,0,8,19,0,0,0,0,52,5,9,35.7,25,18.4,70,0,22,19,10,1.20,15,12,+3,+0.43,+0.53,10.3,9.7,+0.6,+0.09,+0.05,,,,,,,,,,,,,,,,,,,,,,,,,,,,,,,,,,,,,,,,,
619,21.8,36,1.65,28,2,4,0,1,1,2,0.09,1,0,1,0,0,0,Jens Cajuste,30,25,"1,959",1,1,2,1,0,0,2,0,0.7,0.7,0.8,1.5,26,59,20,0.05,0.05,0.09,0.05,0.09,0.03,0.04,0.07,0.03,0.07,12,1,8.3,0.55,0.05,0.08,1.00,19.7,0,0.05,+0.3,+0.3,647,783,82.6,10596,2229,301,338,89.1,300,352,85.2,31,61,50.8,0.7,+0.2,13,51,6,1,719,64,23,1,5,10,41,0,0,0,0,0,12,44,22,19,23,2,21,49,42.9,28,25,10,15,28,72,33,2,1017,61,286,530,217,15,1017,53,28,52.8,19,35.8,481,2609,1329,23,3,23,17,594,0,24,22,0,0,0,0,107,13,22,37.1,65,57.3,76,3,5,14,3,0.67,24,46,-22,-1.01,+0.47,23.3,43.1,-19.8,-0.91,+0.24,,,,,,,,,,,,,,,,,,,,,,,,,,,,,,,,,,,,,,,,,
578,10.9,13,1.19,11,0,1,1,0,0,2,0.18,2,0,0,0,0,0,Riccardo Calafiori,19,11,983,2,1,3,2,0,0,4,0,0.9,0.9,0.3,1.1,22,54,29,0.18,0.09,0.27,0.18,0.27,0.08,0.03,0.11,0.08,0.11,10,6,60.0,0.92,0.55,0.20,0.33,14.1,0,0.09,+1.1,+1.1,470,549,85.6,6903,1705,280,306,91.5,163,188,86.7,19,28,67.9,0.7,+0.7,6,41,9,1,483,65,7,0,2,11,58,0,0,0,0,1,11,27,19,15,10,2,18,29,62.1,11,12,6,6,9,36,25,0,653,30,164,264,229,30,653,13,9,69.2,3,23.1,308,1655,889,15,3,12,5,394,0,16,6,3,0,0,0,35,22,14,61.1,52,28.7,72,3,8,25,3,2.05,27,12,+15,+1.37,+0.63,20.6,10.4,+10.2,+0.93,+0.37,,,,,,,,,,,,,,,,,,,,,,,,,,,,,,,,,,,,,,,,,
220,17.9,26,1.46,14,0,4,3,3,2,4,0.22,1,0,2,0,1,0,Dominic Calvert-Lewin,26,19,"1,609",3,1,4,3,0,0,2,0,6.7,6.7,0.6,7.4,23,20,112,0.17,0.06,0.22,0.17,0.22,0.38,0.04,0.41,0.38,0.41,50,19,38.0,2.80,1.06,0.06,0.16,12.3,0,0.14,-3.7,-3.7,181,289,62.6,2113,498,130,187,69.5,37,63,58.7,3,8,37.5,0.7,+0.4,7,20,5,1,287,2,0,0,1,6,1,0,0,0,0,0,12,9,7,1,4,4,2,6,33.3,4,7,2,5,7,16,23,0,520,26,45,215,265,88,520,25,10,40.0,13,52.0,280,1445,463,8,17,77,33,417,0,27,23,27,0,0,0,35,85,81,51.2,62,47.0,77,8,7,20,0,1.27,17,18,-1,-0.06,-0.01,18.1,25.1,-7.0,-0.39,-0.51,,,,,,,,,,,,,,,,,,,,,,,,,,,,,,,,,,,,,,,,,
35,9.2,4,0.43,3,0,0,1,0,0,0,0.00,0,0,0,0,0,0,Diego Carlos,10,8,830,0,0,0,0,0,0,1,0,0.6,0.6,0.0,0.6,3,34,0,0.00,0.00,0.00,0.00,0.00,0.07,0.00,0.07,0.07,0.07,4,1,25.0,0.43,0.11,0.00,0.00,6.7,0,0.16,-0.6,-0.6,534,603,88.6,10941,4103,138,151,91.4,341,362,94.2,54,83,65.1,0.1,0.0,0,23,1,0,575,25,17,0,6,0,0,0,0,0,0,3,0,8,3,6,1,1,4,6,66.7,2,13,7,6,5,13,36,2,674,86,331,330,15,6,674,2,2,100.0,0,0.0,419,2133,1162,3,0,1,2,481,0,11,1,1,0,0,0,36,11,10,52.4,83,24.3,90,8,2,55,7,1.30,14,15,-1,-0.11,-0.39,13.8,11.8,+2.0,+0.22,+0.08,,,,,,,,,,,,,,,,,,,,,,,,,,,,,,,,,,,,,,,,,
314,5.1,10,1.97,7,0,1,2,0,0,1,0.20,1,0,0,0,0,0,Fabio Carvalho,19,3,455,2,1,3,2,0,0,1,0,2.5,2.5,0.7,3.2,9,17,23,0.40,0.20,0.59,0.40,0.59,0.49,0.13,0.62,0.49,0.62,12,5,41.7,2.37,0.99,0.17,0.40,14.7,0,0.21,-0.5,-0.5,126,178,70.8,1755,442,78,94,83.0,32,45,71.1,7,18,38.9,0.6,+0.3,4,11,5,1,163,14,4,2,0,10,1,7,3,0,0,1,7,13,9,4,4,5,6,13,46.2,7,6,1,5,3,16,2,0,247,4,44,91,113,22,247,14,2,14.3,10,71.4,137,698,356,3,0,13,8,145,0,5,10,1,0,0,0,30,2,6,25.0,24,13.3,81,0,16,13,6,1.47,9,14,-5,-0.99,-1.41,6.5,11.2,-4.7,-0.92,-1.17,,,,,,,,,,,,,,,,,,,,,,,,,,,,,,,,,,,,,,,,,
368,16.6,53,3.19,49,1,0,3,0,0,4,0.24,4,0,0,0,0,0,Casemiro,24,18,"1,494",1,0,1,1,0,0,5,0,1.9,1.9,2.3,4.2,4,84,28,0.06,0.00,0.06,0.06,0.06,0.11,0.14,0.25,0.11,0.25,32,10,31.3,1.93,0.60,0.03,0.10,19.5,0,0.06,-0.9,-0.9,780,990,78.8,13010,4069,369,425,86.8,313,374,83.7,69,113,61.1,2.0,-2.3,22,81,23,6,963,19,17,9,9,20,2,0,0,0,0,8,22,83,50,50,23,10,45,74,60.8,29,39,10,29,14,97,51,3,1250,75,374,633,251,43,1250,6,3,50.0,3,50.0,660,2047,934,10,0,12,10,800,0,20,19,4,0,0,0,103,36,19,65.5,62,43.7,76,7,6,22,14,1.29,18,20,-2,-0.12,+0.25,22.9,23.0,-0.1,-0.01,+0.04,,,,,,,,,,,,,,,,,,,,,,,,,,,,,,,,,,,,,,,,,
643,26.4,82,3.10,68,2,2,4,5,1,6,0.23,3,0,0,2,1,0,Lucas Paquetá,33,27,"2,380",4,0,4,2,2,2,10,0,5.3,3.7,3.1,6.8,26,155,85,0.15,0.00,0.15,0.08,0.08,0.20,0.12,0.32,0.14,0.26,39,3,7.7,1.47,0.11,0.05,0.67,19.5,4,0.10,-1.3,-1.7,1126,1456,77.3,18683,6014,590,700,84.3,389,494,78.7,119,184,64.7,3.3,-3.1,36,132,44,4,1367,81,35,18,12,29,12,4,1,3,0,8,26,66,37,25,30,11,27,55,49.1,28,29,4,25,18,84,37,6,1796,62,367,989,454,59,1794,47,21,44.7,21,44.7,921,3358,1416,34,2,54,51,1268,0,53,62,6,0,1,0,149,48,57,45.7,72,69.6,82,16,6,29,1,0.94,34,50,-16,-0.61,-0.61,28.7,42.9,-14.2,-0.54,-0.67,,,,,,,,,,,,,,,,,,,,,,,,,,,,,,,,,,,,,,,,,
32,23.0,25,1.09,22,1,1,0,0,1,4,0.17,3,0,0,0,0,1,Matty Cash,27,24,"2,070",1,1,2,1,0,0,7,0,0.5,0.5,1.1,1.6,48,42,90,0.04,0.04,0.09,0.04,0.09,0.02,0.05,0.07,0.02,0.07,13,6,46.2,0.57,0.26,0.08,0.17,18.8,0,0.04,+0.5,+0.5,732,945,77.5,12171,3259,362,406,89.2,306,389,78.7,52,106,49.1,1.3,-0.1,10,39,10,5,781,162,23,0,1,40,139,0,0,0,0,2,21,56,32,29,21,6,31,43,72.1,12,22,8,14,23,79,70,2,1186,90,432,463,304,42,1186,40,19,47.5,16,40.0,595,3700,1864,38,4,20,10,654,0,27,20,1,0,2,0,81,20,20,50.0,77,60.5,82,16,3,38,2,1.78,35,22,+13,+0.57,+0.97,31.5,28.4,+3.1,+0.13,-0.06,,,,,,,,,,,,,,,,,,,,,,,,,,,,,,,,,,,,,,,,,
763,0.2,1,4.50,1,0,0,0,0,0,0,0.00,0,0,0,0,0,0,Eiran Cashin,2,0,20,0,0,0,0,0,0,0,0,0.0,0.0,0.0,0.0,0,6,1,0.00,0.00,0.00,0.00,0.00,0.00,0.00,0.00,0.00,0.00,0,0,,0.00,0.00,,,,0,,0.0,0.0,23,28,82.1,407,196,9,10,90.0,13,13,100.0,1,5,20.0,0.0,0.0,0,5,0,0,28,0,0,0,0,1,0,0,0,0,0,0,0,0,0,0,0,0,0,1,0.0,1,0,0,0,0,0,2,0,32,2,10,20,2,0,32,1,0,0.0,1,100.0,21,133,99,0,0,0,0,25,0,0,0,0,0,0,0,1,2,1,66.7,,,,,,,,,,,,,,,,,,,,,,,,,,,,,,,,,,,,,,,,,,,,,,,,,,,,,,,,,,,
244,18.3,25,1.36,21,0,1,2,1,0,3,0.16,2,0,0,1,0,0,Timothy Castagne,24,17,"1,649",0,1,1,0,0,0,1,0,0.4,0.4,1.2,1.6,17,62,67,0.00,0.05,0.05,0.00,0.05,0.02,0.07,0.09,0.02,0.09,8,3,37.5,0.44,0.16,0.00,0.00,14.0,0,0.05,-0.4,-0.4,780,953,81.8,12441,3910,397,442,89.8,328,382,85.9,37,75,49.3,0.6,-0.2,9,51,5,3,813,140,10,0,1,37,130,0,0,0,0,0,26,46,29,28,15,3,26,45,57.8,19,15,6,9,22,68,83,0,1164,92,449,462,259,32,1164,12,5,41.7,5,41.7,547,2191,1044,15,2,15,5,665,0,15,6,1,0,1,0,57,34,35,49.3,69,48.2,89,16,7,19,9,1.33,30,28,+2,+0.11,+0.21,23.4,22.2,+1.2,+0.06,+0.03,,,,,,,,,,,,,,,,,,,,,,,,,,,,,,,,,,,,,,,,,
666,0.1,0,0.00,0,0,0,0,0,0,0,0.00,0,0,0,0,0,0,Caleb Kporha,12,12,"1,060",0,0,0,0,0,0,0,0,0.0,0.0,0.0,0.0,1,0,0,0.00,0.00,0.00,0.00,0.00,0.00,0.00,0.00,0.00,0.00,0,0,,0.00,0.00,,,,0,,0.0,0.0,5,7,71.4,72,21,4,4,100.0,0,2,0.0,1,1,100.0,0.0,0.0,0,0,1,1,6,1,0,0,0,2,1,0,0,0,0,0,0,2,1,2,0,0,2,2,100.0,0,0,0,0,0,2,1,0,11,1,4,2,5,0,11,0,0,,0,,4,46,36,1,0,0,2,3,0,0,0,0,0,0,0,1,0,1,0.0,88,31.0,88,9,0,,2,1.42,13,13,0,0.00,0.00,16.6,15.2,+1.4,+0.12,-0.26,,,,,,,,,,,,,,,,,,,,,,,,,,,,,,,,,,,,,,,,,
159,10.1,13,1.29,10,0,0,2,0,1,3,0.30,1,0,0,1,0,1,Trevoh Chalobah,13,11,910,0,1,1,0,0,0,2,0,0.8,0.8,1.2,2.0,4,37,2,0.00,0.10,0.10,0.00,0.10,0.08,0.12,0.19,0.08,0.19,7,2,28.6,0.69,0.20,0.00,0.00,11.1,0,0.11,-0.8,-0.8,609,677,90.0,10527,3326,267,281,95.0,300,314,95.5,38,72,52.8,0.3,-0.2,3,42,3,0,654,23,11,1,2,3,10,0,0,0,0,0,3,11,7,5,6,0,7,8,87.5,1,6,3,3,10,21,48,1,774,73,331,389,59,12,774,5,2,40.0,1,20.0,426,1753,772,5,1,3,2,574,0,9,7,0,0,0,0,29,23,12,65.7,70,26.6,81,9,2,10,3,1.77,13,12,+1,+0.10,-0.62,15.7,11.4,+4.4,+0.43,-0.15,,,,,,,,,,,,,,,,,,,,,,,,,,,,,,,,,,,,,,,,,
265,9.5,22,2.32,19,3,0,0,0,0,1,0.11,1,0,0,0,0,0,Conor Chaplin,22,10,857,1,1,2,1,0,0,2,0,1.5,1.5,0.7,2.2,13,29,23,0.11,0.11,0.21,0.11,0.21,0.16,0.07,0.23,0.16,0.23,16,3,18.8,1.68,0.32,0.06,0.33,17.7,0,0.09,-0.5,-0.5,235,319,73.7,3800,927,112,140,80.0,104,127,81.9,11,27,40.7,0.6,+0.3,8,21,7,2,282,37,3,10,1,9,4,0,0,0,0,0,5,15,5,6,6,3,6,14,42.9,8,8,1,7,4,19,3,0,390,7,74,183,138,18,390,8,4,50.0,4,50.0,179,910,467,9,0,12,5,264,0,11,7,0,0,0,0,27,3,9,25.0,39,25.1,71,1,12,13,6,0.41,8,19,-11,-1.16,+0.07,8.8,17.6,-8.8,-0.93,+0.10,,,,,,,,,,,,,,,,,,,,,,,,,,,,,,,,,,,,,,,,,
237,0.5,0,0.00,0,0,0,0,0,0,0,0.00,0,0,0,0,0,0,Youssef Chermiti,4,0,45,0,0,0,0,0,0,1,0,0.1,0.1,0.0,0.1,0,1,6,0.00,0.00,0.00,0.00,0.00,0.22,0.00,0.22,0.22,0.22,3,1,33.3,6.00,2.00,0.00,0.00,13.2,0,0.04,-0.1,-0.1,6,11,54.5,78,14,4,7,57.1,0,1,0.0,1,1,100.0,0.0,0.0,0,1,0,0,11,0,0,0,0,1,0,0,0,0,0,0,0,0,0,0,0,0,0,1,0.0,1,0,0,0,0,0,0,0,15,0,0,6,9,3,15,1,1,100.0,0,0.0,7,21,2,0,0,0,1,13,0,1,1,2,0,0,0,0,2,1,66.7,,,,,,,,,,,,,,,,,,,,,,,,,,,,,,,,,,,,,,,,,,,,,,,,,,,,,,,,,,,
636,1.2,6,5.00,6,0,0,0,0,0,1,0.83,1,0,0,0,0,0,Federico Chiesa,6,1,108,0,0,0,0,0,0,0,0,0.3,0.3,0.2,0.5,3,3,7,0.00,0.00,0.00,0.00,0.00,0.28,0.15,0.43,0.28,0.43,5,2,40.0,4.17,1.67,0.00,0.00,20.4,0,0.07,-0.3,-0.3,27,31,87.1,373,131,17,18,94.4,6,8,75.0,2,2,100.0,0.2,-0.2,2,4,1,0,30,1,0,0,0,2,1,0,0,0,0,0,1,1,0,0,1,0,0,2,0.0,2,1,0,1,0,1,1,1,46,2,10,15,21,4,46,2,0,0.0,2,100.0,31,130,58,1,1,3,4,33,0,3,2,0,0,0,0,6,0,4,0.0,18,3.2,62,0,5,9,13,1.50,5,3,+2,+1.67,+0.50,3.3,2.8,+0.5,+0.43,-0.74,,,,,,,,,,,,,,,,,,,,,,,,,,,,,,,,,,,,,,,,,
160,2.9,8,2.77,6,1,0,1,0,0,0,0.00,0,0,0,0,0,0,Ben Chilwell,8,1,259,1,0,1,1,0,0,1,0,0.2,0.2,0.8,1.0,5,8,15,0.35,0.00,0.35,0.35,0.35,0.08,0.26,0.34,0.08,0.34,5,3,60.0,1.74,1.04,0.20,0.33,25.4,2,0.05,+0.8,+0.8,92,125,73.6,1512,497,48,55,87.3,36,45,80.0,6,18,33.3,0.9,-0.8,5,7,3,0,95,30,6,1,0,7,24,0,0,0,0,0,4,7,6,4,3,0,1,5,20.0,4,6,2,4,6,13,16,0,175,10,63,76,42,3,175,6,2,33.3,3,50.0,68,354,243,2,1,4,2,68,0,2,3,2,0,0,0,20,3,4,42.9,32,7.6,90,1,7,24,4,2.00,6,4,+2,+0.69,+0.75,4.3,2.7,+1.6,+0.55,+0.27,,,,,,,,,,,,,,,,,,,,,,,,,,,,,,,,,,,,,,,,,
537,0.1,2,25.71,2,0,0,0,0,0,0,0.00,0,0,0,0,0,0,Chiquinho,1,0,7,0,0,0,0,0,0,0,0,0.0,0.0,0.0,0.0,0,0,0,0.00,0.00,0.00,0.00,0.00,0.00,0.42,0.42,0.00,0.42,0,0,,0.00,0.00,,,,0,,0.0,0.0,3,3,100.0,71,22,1,1,100.0,1,1,100.0,1,1,100.0,0.0,0.0,1,0,1,1,3,0,0,0,0,1,0,0,0,0,0,0,0,0,0,0,0,0,0,0,,0,0,0,0,0,0,0,0,3,0,0,1,2,1,3,0,0,,0,,1,13,5,0,0,0,0,2,0,1,0,0,0,0,0,1,0,0,,,,,,,,,,,,,,,,,,,,,,,,,,,,,,,,,,,,,,,,,,,,,,,,,,,,,,,,,,,,
287,1.5,3,2.05,2,0,1,0,0,0,0,0.00,0,0,0,0,0,0,Hamza Choudhury,4,1,131,0,0,0,0,0,0,0,0,0.0,0.0,0.4,0.4,4,3,6,0.00,0.00,0.00,0.00,0.00,0.00,0.27,0.27,0.00,0.27,0,0,,0.00,0.00,,,,0,,0.0,0.0,72,84,85.7,991,249,47,50,94.0,23,29,79.3,2,4,50.0,0.2,-0.4,2,10,1,1,81,3,0,0,0,5,3,0,0,0,0,0,1,1,1,1,0,0,1,3,33.3,2,4,2,2,5,6,2,0,100,4,19,61,20,3,100,4,3,75.0,1,25.0,63,246,130,2,2,1,0,71,0,1,0,0,0,0,0,2,0,0,,,,,,,,,,,,,,,,,,,,,,,,,,,,,,,,,,,,,,,,,,,,,,,,,,,,,,,,,,,,
63,23.5,85,3.62,72,7,0,3,2,1,9,0.38,8,1,0,0,0,0,Ryan Christie,29,27,"2,117",2,3,5,2,0,0,9,0,1.8,1.8,3.5,5.4,34,137,44,0.09,0.13,0.21,0.09,0.21,0.08,0.15,0.23,0.08,0.23,33,12,36.4,1.40,0.51,0.06,0.17,19.6,0,0.06,+0.2,+0.2,837,1056,79.3,14882,4269,368,417,88.2,378,430,87.9,82,168,48.8,3.0,-0.5,41,118,33,5,990,60,21,8,9,48,3,26,17,3,2,6,19,54,33,19,27,8,27,64,42.2,37,44,11,33,30,84,51,3,1376,74,256,773,372,46,1376,48,23,47.9,22,45.8,726,3802,1773,40,8,44,25,777,0,43,31,1,0,0,0,182,20,28,41.7,73,61.9,76,10,2,28,0,1.52,40,28,+12,+0.51,+0.51,40.8,29.9,+10.9,+0.46,+0.14,,,,,,,,,,,,,,,,,,,,,,,,,,,,,,,,,,,,,,,,,
266,4.2,1,0.24,1,0,0,0,0,0,0,0.00,0,0,0,0,0,0,Harry Clarke,7,4,379,0,0,0,0,0,0,3,1,0.1,0.1,0.0,0.1,5,14,2,0.00,0.00,0.00,0.00,0.00,0.02,0.01,0.03,0.02,0.03,1,1,100.0,0.24,0.24,0.00,0.00,4.5,0,0.08,-0.1,-0.1,190,236,80.5,3442,1226,87,95,91.6,77,88,87.5,23,40,57.5,0.1,0.0,1,21,1,0,211,25,2,1,0,5,23,0,0,0,0,0,4,5,3,3,2,0,3,6,50.0,3,5,4,1,4,9,14,3,268,18,100,122,47,2,268,2,1,50.0,1,50.0,118,555,222,7,0,4,2,163,1,5,1,0,0,1,0,17,10,4,71.4,54,11.1,85,3,3,14,5,0.43,4,9,-5,-1.19,+0.03,4.3,9.1,-4.8,-1.13,-0.14,,,,,,,,,,,,,,,,,,,,,,,,,,,,,,,,,,,,,,,,,
631,13.1,50,3.81,42,2,3,0,0,3,5,0.38,4,1,0,0,0,0,Jack Clarke,32,12,"1,181",0,4,4,0,0,0,2,0,1.2,1.2,2.3,3.5,39,44,57,0.00,0.30,0.30,0.00,0.30,0.09,0.17,0.26,0.09,0.26,17,2,11.8,1.30,0.15,0.00,0.00,18.9,0,0.07,-1.2,-1.2,302,393,76.8,4942,1242,151,173,87.3,131,153,85.6,16,31,51.6,1.2,+1.7,28,27,9,0,372,19,2,1,3,13,8,7,5,0,0,2,18,32,20,11,10,11,17,34,50.0,17,9,0,9,7,39,29,2,553,24,125,229,215,38,553,50,25,50.0,18,36.0,311,2356,1217,21,12,25,22,338,0,15,23,3,0,0,0,75,7,18,28.0,37,34.5,66,1,20,19,3,0.59,14,31,-17,-1.30,-0.13,13.0,26.5,-13.5,-1.03,-0.04,,,,,,,,,,,,,,,,,,,,,,,,,,,,,,,,,,,,,,,,,
196,5.4,3,0.56,3,0,0,0,0,0,0,0.00,0,0,0,0,0,0,Nathaniel Clyne,13,5,483,0,0,0,0,0,0,1,0,0.0,0.0,0.3,0.3,6,7,8,0.00,0.00,0.00,0.00,0.00,0.00,0.06,0.06,0.00,0.06,2,0,0.0,0.37,0.00,0.00,,31.4,0,0.01,0.0,0.0,171,225,76.0,3113,1102,72,89,80.9,84,95,88.4,14,30,46.7,0.2,-0.3,3,16,2,1,207,16,1,1,1,7,13,0,0,0,0,2,8,12,8,8,3,1,6,11,54.5,5,4,2,2,3,15,14,1,273,18,111,125,37,3,273,1,0,0.0,1,100.0,158,651,314,2,3,5,2,178,0,2,2,0,0,0,0,10,1,7,12.5,37,14.1,70,1,8,16,24,1.31,4,11,-7,-1.30,-1.52,7.4,9.8,-2.4,-0.44,-0.86,,,,,,,,,,,,,,,,,,,,,,,,,,,,,,,,,,,,,,,,,
288,19.0,6,0.32,6,0,0,0,0,0,0,0.00,0,0,0,0,0,0,Conor Coady,22,19,"1,714",1,0,1,1,0,0,3,0,0.4,0.4,0.1,0.5,3,32,0,0.05,0.00,0.05,0.05,0.05,0.02,0.00,0.03,0.02,0.03,2,2,100.0,0.11,0.11,0.50,0.50,6.9,0,0.21,+0.6,+0.6,977,1072,91.1,17121,6371,405,418,96.9,507,523,96.9,61,112,54.5,0.5,-0.1,1,34,2,0,1010,58,29,2,3,0,1,0,0,0,0,4,4,13,9,6,6,1,3,6,50.0,3,32,24,8,13,26,71,2,1210,234,689,503,20,8,1210,2,1,50.0,1,50.0,789,3430,1820,3,1,4,3,878,0,8,2,1,0,2,0,62,13,22,37.1,78,50.1,89,16,3,7,13,0.73,16,42,-26,-1.37,-0.26,15.1,38.2,-23.1,-1.21,-0.36,,,,,,,,,,,,,,,,,,,,,,,,,,,,,,,,,,,,,,,,,
221,2.4,2,0.84,1,0,1,0,0,0,1,0.42,1,0,0,0,0,0,Séamus Coleman,5,3,215,0,0,0,0,0,0,1,0,0.6,0.6,0.0,0.6,1,11,7,0.00,0.00,0.00,0.00,0.00,0.24,0.00,0.24,0.24,0.24,1,1,100.0,0.42,0.42,0.00,0.00,10.5,0,0.57,-0.6,-0.6,74,98,75.5,1299,642,36,38,94.7,27,34,79.4,8,19,42.1,0.0,0.0,0,8,2,0,78,19,0,0,0,4,19,0,0,0,0,1,2,3,2,2,1,0,3,4,75.0,1,5,3,2,1,4,8,0,121,12,42,54,26,3,121,5,4,80.0,1,20.0,54,310,177,2,0,1,1,68,0,0,1,0,0,0,0,7,2,1,66.7,43,6.3,65,1,2,10,13,1.60,4,4,0,0.00,+0.06,3.6,4.6,-1.0,-0.42,-0.33,,,,,,,,,,,,,,,,,,,,,,,,,,,,,,,,,,,,,,,,,
88,38.0,30,0.79,22,2,1,3,2,0,8,0.21,4,1,0,1,2,0,Nathan Collins,38,38,"3,420",2,3,5,2,0,0,5,0,2.5,2.5,1.8,4.3,32,127,18,0.05,0.08,0.13,0.05,0.13,0.07,0.05,0.11,0.07,0.11,17,6,35.3,0.45,0.16,0.12,0.33,10.7,0,0.15,-0.5,-0.5,1705,1985,85.9,32826,10799,557,635,87.7,989,1068,92.6,145,239,60.7,1.6,+1.2,10,111,7,2,1897,83,69,3,6,8,11,0,0,0,0,5,8,40,24,23,12,5,22,36,61.1,14,77,57,20,34,74,226,3,2435,385,1275,1002,169,69,2435,12,6,50.0,5,41.7,1289,6994,4130,12,1,20,8,1490,0,29,31,6,2,0,0,162,117,69,62.9,90,100.0,90,38,0,,0,1.47,66,57,+9,+0.24,,59.0,55.4,+3.6,+0.09,,,,,,,,,,,,,,,,,,,,,,,,,,,,,,,,,,,,,,,,,,
613,2.0,5,2.50,4,0,0,1,0,0,0,0.00,0,0,0,0,0,0,Toby Collyer,6,0,179,0,0,0,0,0,0,0,0,0.2,0.2,0.3,0.4,0,5,2,0.00,0.00,0.00,0.00,0.00,0.09,0.13,0.22,0.09,0.22,1,0,0.0,0.50,0.00,0.00,,6.2,0,0.17,-0.2,-0.2,76,92,82.6,1127,121,37,43,86.0,32,37,86.5,3,4,75.0,0.4,-0.3,2,3,1,0,88,4,1,0,0,0,2,0,0,0,0,0,2,12,9,6,6,0,5,6,83.3,1,2,1,1,2,14,3,0,129,9,46,59,25,3,129,2,1,50.0,1,50.0,68,239,56,0,0,11,1,71,0,2,4,0,0,0,0,17,3,1,75.0,30,5.2,,0,6,30,11,1.67,6,2,+4,+2.01,+2.40,5.2,3.1,+2.2,+1.08,+1.18,,,,,,,,,,,,,,,,,,,,,,,,,,,,,,,,,,,,,,,,,
162,35.0,38,1.09,34,2,0,1,0,1,3,0.09,2,0,0,0,0,1,Levi Colwill,35,35,"3,149",2,1,3,2,0,0,9,0,1.9,1.9,1.1,3.0,14,131,12,0.06,0.03,0.09,0.06,0.09,0.05,0.03,0.09,0.05,0.09,17,4,23.5,0.49,0.11,0.12,0.50,9.5,0,0.11,+0.1,+0.1,2338,2619,89.3,42476,14955,813,880,92.4,1357,1426,95.2,142,253,56.1,1.2,-0.1,14,148,7,3,2418,197,91,3,7,13,7,0,0,0,0,4,21,47,34,25,19,3,18,27,66.7,9,37,25,12,33,80,118,4,2904,383,1363,1417,140,36,2904,12,6,50.0,5,41.7,1621,7389,4028,12,1,14,8,2092,0,45,21,5,0,1,0,121,82,53,60.7,90,92.1,90,34,0,,2,1.77,56,41,+15,+0.43,-1.56,57.8,43.6,+14.2,+0.41,-1.67,,,,,,,,,,,,,,,,,,,,,,,,,,,,,,,,,,,,,,,,,
64,33.1,89,2.69,69,18,0,2,0,0,5,0.15,2,1,0,2,0,0,Lewis Cook,36,32,"2,978",1,3,4,1,0,0,8,1,0.9,0.9,4.1,5.1,33,158,52,0.03,0.09,0.12,0.03,0.12,0.03,0.12,0.15,0.03,0.15,14,4,28.6,0.42,0.12,0.07,0.25,23.4,1,0.07,+0.1,+0.1,1224,1585,77.2,21139,7153,542,635,85.4,546,641,85.2,109,240,45.4,3.8,-1.1,48,157,26,11,1358,225,71,3,2,132,73,77,65,3,0,2,26,81,42,41,36,4,37,67,55.2,30,30,11,19,41,122,70,0,1900,87,440,1010,470,20,1900,20,13,65.0,7,35.0,825,4125,2159,29,4,31,18,965,0,49,10,3,0,1,0,187,41,34,54.7,83,87.1,89,30,4,31,0,1.39,47,43,+4,+0.12,-1.51,55.1,44.5,+10.6,+0.32,-0.68,,,,,,,,,,,,,,,,,,,,,,,,,,,,,,,,,,,,,,,,,
515,0.8,0,0.00,0,0,0,0,0,0,0,0.00,0,0,0,0,0,0,Maxwel Cornet,2,1,72,0,0,0,0,0,0,1,0,0.2,0.2,0.0,0.2,1,0,5,0.00,0.00,0.00,0.00,0.00,0.20,0.00,0.20,0.20,0.20,1,0,0.0,1.25,0.00,0.00,,18.8,0,0.16,-0.2,-0.2,17,22,77.3,262,37,9,10,90.0,6,8,75.0,1,2,50.0,0.0,0.0,0,0,0,0,20,2,0,0,0,3,0,2,2,0,0,0,0,5,5,1,4,0,0,4,0.0,4,0,0,0,0,5,2,0,34,1,8,14,13,2,34,1,0,0.0,1,100.0,16,73,26,0,1,3,0,23,0,0,1,1,0,0,0,2,3,0,100.0,,,,,,,,,,,,,,,,,,,,,,,,,,,,,,,,,,,,,,,,,,,,,,,,,,,,,,,,,,,
516,11.9,18,1.52,14,4,0,0,0,0,1,0.08,0,1,0,0,0,0,Vladimír Coufal,22,11,"1,067",0,0,0,0,0,0,5,0,0.3,0.3,0.7,1.0,26,39,33,0.00,0.00,0.00,0.00,0.00,0.03,0.06,0.08,0.03,0.08,7,2,28.6,0.59,0.17,0.00,0.00,15.5,0,0.04,-0.3,-0.3,470,598,78.6,7419,2842,247,272,90.8,184,228,80.7,28,72,38.9,1.0,-0.7,8,44,13,8,490,106,11,0,0,28,95,0,0,0,0,2,11,22,15,13,7,2,10,22,45.5,12,13,11,2,8,30,39,1,736,61,262,318,159,14,736,15,5,33.3,7,46.7,298,1754,888,10,2,12,8,400,0,22,16,0,0,0,1,39,23,16,59.0,49,31.2,78,5,11,19,11,1.00,12,21,-9,-0.76,-0.49,17.3,19.5,-2.1,-0.18,+0.22,,,,,,,,,,,,,,,,,,,,,,,,,,,,,,,,,,,,,,,,,
726,1.2,0,0.00,0,0,0,0,0,0,0,0.00,0,0,0,0,0,0,Woyo Coulibaly,4,1,109,0,0,0,0,0,0,1,0,0.0,0.0,0.0,0.0,4,3,2,0.00,0.00,0.00,0.00,0.00,0.04,0.00,0.04,0.04,0.04,2,1,50.0,1.65,0.83,0.00,0.00,19.4,0,0.02,0.0,0.0,48,57,84.2,797,314,28,34,82.4,16,19,84.2,4,4,100.0,0.0,0.0,0,3,0,0,44,13,0,0,0,0,13,0,0,0,0,0,0,6,4,4,2,0,2,2,100.0,0,3,1,2,5,11,1,0,76,8,27,31,20,4,76,1,0,0.0,1,100.0,48,288,169,2,1,4,0,36,0,2,1,0,0,0,0,14,0,3,0.0,,,,,,,,,,,,,,,,,,,,,,,,,,,,,,,,,,,,,,,,,,,,,,,,,,,,,,,,,,,
517,9.2,15,1.64,7,8,0,0,0,0,0,0.00,0,0,0,0,0,0,Aaron Cresswell,18,10,824,0,0,0,0,0,0,3,0,0.2,0.2,1.3,1.6,6,36,4,0.00,0.00,0.00,0.00,0.00,0.03,0.15,0.17,0.03,0.17,5,0,0.0,0.55,0.00,0.00,,23.8,2,0.05,-0.2,-0.2,504,610,82.6,9299,3625,229,249,92.0,212,241,88.0,58,107,54.2,1.9,-1.3,9,52,5,2,511,98,33,1,5,36,52,13,11,2,0,1,10,11,7,5,5,1,9,11,81.8,2,9,4,5,8,19,37,0,687,45,270,328,94,2,687,2,1,50.0,1,50.0,291,1102,526,8,0,4,0,437,0,4,2,0,0,0,0,36,7,7,50.0,46,24.1,76,4,8,8,13,1.78,8,8,0,0.00,+0.55,9.7,12.7,-3.0,-0.32,+0.01,,,,,,,,,,,,,,,,,,,,,,,,,,,,,,,,,,,,,,,,,
163,33.2,51,1.54,44,4,0,2,1,0,5,0.15,4,1,0,0,0,0,Marc Cucurella,36,33,"2,988",5,1,6,5,0,0,10,1,2.8,2.8,2.1,4.9,35,118,117,0.15,0.03,0.18,0.15,0.18,0.08,0.06,0.15,0.08,0.15,24,11,45.8,0.72,0.33,0.21,0.45,16.1,0,0.12,+2.2,+2.2,1680,1916,87.7,26450,7598,841,895,94.0,737,824,89.4,69,123,56.1,2.4,-1.1,19,121,12,3,1634,275,28,2,1,31,245,2,0,0,0,7,23,67,45,31,31,5,32,61,52.5,29,49,16,33,28,95,95,3,2244,119,677,1045,532,75,2244,15,4,26.7,9,60.0,944,4027,2336,22,2,28,7,1385,1,37,38,3,0,0,0,130,32,57,36.0,83,87.4,88,27,3,24,0,1.89,60,38,+22,+0.66,+0.87,61.9,40.1,+21.8,+0.66,+0.92,,,,,,,,,,,,,,,,,,,,,,,,,,,,,,,,,,,,,,,,,
586,3.9,1,0.26,1,0,0,0,0,0,0,0.00,0,0,0,0,0,0,Jorge Cuenca,8,4,351,0,0,0,0,0,0,0,0,0.0,0.0,0.0,0.0,0,10,0,0.00,0.00,0.00,0.00,0.00,0.01,0.00,0.01,0.01,0.01,1,0,0.0,0.26,0.00,0.00,,13.1,0,0.02,0.0,0.0,145,173,83.8,2483,858,51,56,91.1,83,93,89.2,7,20,35.0,0.0,0.0,0,7,0,0,160,13,4,0,0,1,2,0,0,0,0,0,0,6,2,5,1,0,3,8,37.5,5,4,4,0,2,8,26,0,214,38,134,74,7,1,214,2,2,100.0,0,0.0,89,302,140,1,0,2,0,133,0,2,2,0,0,0,0,10,6,3,66.7,44,10.3,87,3,4,1,18,1.50,5,8,-3,-0.77,-0.86,4.6,8.8,-4.2,-1.08,-1.26,,,,,,,,,,,,,,,,,,,,,,,,,,,,,,,,,,,,,,,,,
784,0.0,0,0.00,0,0,0,0,0,0,0,0.00,0,0,0,0,0,0,Mateus Mane,33,29,"2,597",0,0,0,0,0,0,0,0,0.0,0.0,0.0,0.0,0,0,0,0.00,0.00,0.00,0.00,0.00,0.00,0.00,0.00,0.00,0.00,0,0,,0.00,0.00,,,,0,,0.0,0.0,4,5,80.0,60,0,3,4,75.0,1,1,100.0,0,0,,0.0,0.0,0,0,0,0,5,0,0,0,0,0,0,0,0,0,0,0,0,0,0,0,0,0,0,0,,0,1,0,1,0,0,0,0,6,0,0,6,0,0,6,0,0,,0,,2,22,7,0,0,0,0,4,0,0,0,0,0,0,0,0,1,0,100.0,79,75.9,85,19,4,31,0,0.97,41,54,-13,-0.45,-0.23,32.6,44.5,-11.9,-0.41,-0.14,,,,,,,,,,,,,,,,,,,,,,,,,,,,,,,,,,,,,,,,,
289,8.2,10,1.23,7,0,2,1,0,0,1,0.12,0,0,1,0,0,0,Patson Daka,23,6,736,1,0,1,1,0,0,0,0,1.3,1.3,0.1,1.3,11,8,36,0.12,0.00,0.12,0.12,0.12,0.15,0.01,0.16,0.15,0.16,15,4,26.7,1.83,0.49,0.07,0.25,14.8,0,0.08,-0.3,-0.3,106,147,72.1,1475,257,64,80,80.0,33,45,73.3,3,3,100.0,0.1,-0.1,1,6,1,0,138,9,0,2,0,3,6,0,0,0,0,0,11,19,10,6,9,4,7,18,38.9,11,7,1,6,1,20,12,0,252,11,46,114,97,29,252,15,2,13.3,10,66.7,141,714,321,7,6,20,12,167,0,15,19,3,0,0,0,18,10,28,26.3,32,21.5,72,1,17,18,4,0.61,7,16,-9,-1.10,+0.17,6.5,17.0,-10.5,-1.29,-0.33,,,,,,,,,,,,,,,,,,,,,,,,,,,,,,,,,,,,,,,,,
369,31.3,74,2.37,57,5,7,4,0,1,5,0.16,3,0,1,1,0,0,Diogo Dalot,33,31,"2,814",0,3,3,0,0,0,5,0,2.0,2.0,2.0,4.1,62,103,168,0.00,0.10,0.10,0.00,0.10,0.07,0.07,0.13,0.07,0.13,25,5,20.0,0.80,0.16,0.00,0.00,16.1,0,0.08,-2.0,-2.0,1347,1673,80.5,21723,6617,694,773,89.8,525,641,81.9,95,170,55.9,2.5,+1.0,26,61,25,8,1426,242,13,4,8,66,229,0,0,0,0,5,36,68,40,40,22,6,34,52,65.4,18,22,9,13,37,105,72,0,1983,113,661,773,566,68,1983,53,27,50.9,22,41.5,1126,4953,2699,37,16,38,21,1200,0,40,9,4,0,1,0,167,38,21,64.4,85,82.3,89,30,2,29,0,1.15,34,45,-11,-0.35,-0.50,39.9,46.1,-6.2,-0.20,-0.93,,,,,,,,,,,,,,,,,,,,,,,,,,,,,,,,,,,,,,,,,
89,32.3,120,3.71,92,14,6,2,1,5,21,0.65,15,3,1,0,1,1,Mikkel Damsgaard,38,34,"2,911",2,10,12,2,0,0,2,0,2.8,2.8,8.4,11.2,73,234,137,0.06,0.31,0.37,0.06,0.37,0.09,0.26,0.35,0.09,0.35,35,7,20.0,1.08,0.22,0.06,0.29,17.6,3,0.08,-0.8,-0.8,1107,1529,72.4,19063,7512,551,642,85.8,390,531,73.4,134,262,51.1,7.0,+1.6,63,167,73,17,1368,153,33,27,5,144,9,60,53,0,0,8,36,83,44,27,29,27,31,81,38.3,50,40,3,37,27,110,31,2,1883,36,331,863,713,76,1883,97,50,51.5,36,37.1,1076,5883,3075,54,9,63,47,1239,0,18,27,6,0,0,0,179,12,27,30.8,77,85.1,83,11,4,23,0,1.47,58,41,+17,+0.53,+1.94,52.8,45.0,+7.8,+0.24,+0.99,,,,,,,,,,,,,,,,,,,,,,,,,,,,,,,,,,,,,,,,,
429,3.1,7,2.31,7,0,0,0,0,0,2,0.66,2,0,0,0,0,0,Danilo,8,5,275,0,0,0,0,0,0,0,0,0.0,0.0,0.0,0.0,2,11,1,0.00,0.00,0.00,0.00,0.00,0.00,0.00,0.00,0.00,0.00,0,0,,0.00,0.00,,,,0,,0.0,0.0,94,121,77.7,1541,549,44,52,84.6,39,46,84.8,7,12,58.3,0.0,0.0,0,13,0,0,119,1,0,0,0,3,0,1,1,0,0,1,5,8,4,7,1,0,3,6,50.0,3,2,1,1,4,12,3,0,150,8,54,85,13,0,150,6,3,50.0,3,50.0,54,237,61,0,0,6,0,87,0,2,0,0,0,0,0,19,1,2,33.3,34,8.0,47,0,3,13,6,2.13,8,4,+4,+1.31,+1.08,3.2,4.8,-1.6,-0.54,-0.48,,,,,,,,,,,,,,,,,,,,,,,,,,,,,,,,,,,,,,,,,
709,0.1,0,0.00,0,0,0,0,0,0,0,0.00,0,0,0,0,0,0,Jayden Danns,1,0,11,0,0,0,0,0,0,0,0,0.0,0.0,0.0,0.0,0,0,0,0.00,0.00,0.00,0.00,0.00,0.00,0.00,0.00,0.00,0.00,0,0,,0.00,0.00,,,,0,,0.0,0.0,1,1,100.0,6,0,1,1,100.0,0,0,,0,0,,0.0,0.0,0,0,0,0,1,0,0,0,0,0,0,0,0,0,0,0,0,0,0,0,0,0,0,1,0.0,1,0,0,0,0,0,0,0,2,0,0,0,2,0,2,0,0,,0,,1,2,1,0,0,0,1,1,0,0,0,0,0,0,0,0,0,0,,,,,,,,,,,,,,,,,,,,,,,,,,,,,,,,,,,,,,,,,,,,,,,,,,,,,,,,,,,,
767,9.4,9,0.96,8,0,0,1,0,0,2,0.21,2,0,0,0,0,0,Kevin Danso,10,9,842,0,0,0,0,0,0,0,0,0.4,0.4,0.1,0.5,11,19,1,0.00,0.00,0.00,0.00,0.00,0.04,0.01,0.05,0.04,0.05,7,3,42.9,0.75,0.32,0.00,0.00,16.9,0,0.06,-0.4,-0.4,480,555,86.5,9082,2716,146,163,89.6,297,320,92.8,33,61,54.1,0.1,-0.1,2,22,2,1,534,21,17,0,2,1,0,0,0,0,0,0,8,7,5,4,3,0,6,11,54.5,5,15,14,1,6,13,71,1,676,108,394,257,29,8,676,3,2,66.7,1,33.3,448,2428,1195,5,1,8,3,475,0,9,13,0,0,0,0,27,21,12,63.6,84,24.6,89,8,1,45,0,0.80,11,18,-7,-0.75,-0.96,11.7,17.0,-5.3,-0.57,-0.59,,,,,,,,,,,,,,,,,,,,,,,,,,,,,,,,,,,,,,,,,
484,14.8,8,0.54,7,0,0,0,0,1,0,0.00,0,0,0,0,0,0,Ben Davies,17,14,"1,331",0,0,0,0,0,0,5,0,0.3,0.3,0.2,0.5,14,52,6,0.00,0.00,0.00,0.00,0.00,0.02,0.01,0.03,0.02,0.03,5,1,20.0,0.34,0.07,0.00,0.00,17.0,0,0.06,-0.3,-0.3,896,1023,87.6,16735,6614,302,335,90.1,501,530,94.5,77,124,62.1,0.5,-0.2,2,47,2,0,925,95,26,1,5,4,5,0,0,0,0,3,8,17,11,8,8,1,9,17,52.9,8,28,19,9,12,29,81,1,1186,215,643,495,48,13,1186,1,1,100.0,0,0.0,664,3255,1824,10,0,5,0,781,0,17,7,0,0,0,0,41,52,44,54.2,78,38.9,88,13,3,33,7,1.00,22,26,-4,-0.27,-0.40,19.0,25.5,-6.5,-0.44,-0.53,,,,,,,,,,,,,,,,,,,,,,,,,,,,,,,,,,,,,,,,,
267,30.5,93,3.05,46,39,3,3,1,1,4,0.13,3,0,1,0,0,0,Leif Davis,33,32,"2,743",1,2,3,1,0,0,5,1,1.0,1.0,4.9,5.8,52,59,137,0.03,0.07,0.10,0.03,0.10,0.03,0.16,0.19,0.03,0.19,16,2,12.5,0.52,0.07,0.06,0.50,19.8,2,0.06,0.0,0.0,919,1284,71.6,15858,6353,430,499,86.2,396,509,77.8,79,213,37.1,4.7,-2.9,61,33,28,12,970,307,61,3,5,161,166,80,56,13,0,7,23,46,27,33,9,4,30,48,62.5,18,25,8,17,25,71,77,3,1562,117,534,520,527,42,1562,38,13,34.2,18,47.4,708,3804,2073,31,11,37,16,835,0,27,31,5,0,2,0,113,34,23,59.6,83,80.2,85,27,1,10,0,0.52,29,69,-40,-1.31,-0.51,29.2,59.4,-30.2,-0.99,+0.10,,,,,,,,,,,,,,,,,,,,,,,,,,,,,,,,,,,,,,,,,
542,10.8,7,0.65,6,0,0,1,0,0,2,0.19,1,0,0,1,0,0,Craig Dawson,15,10,971,0,0,0,0,0,0,2,0,0.5,0.5,0.0,0.5,6,20,5,0.00,0.00,0.00,0.00,0.00,0.05,0.00,0.05,0.05,0.05,5,1,20.0,0.46,0.09,0.00,0.00,8.5,0,0.10,-0.5,-0.5,484,559,86.6,9745,3180,149,161,92.5,267,287,93.0,57,95,60.0,0.1,0.0,2,22,1,0,528,30,20,1,11,0,0,0,0,0,0,1,0,15,3,8,6,1,12,15,80.0,3,16,11,5,9,24,52,1,671,130,396,249,28,14,671,5,1,20.0,2,40.0,390,1819,938,1,0,2,0,443,0,6,5,2,0,0,2,35,21,11,65.6,65,28.4,89,9,5,17,6,0.87,16,25,-9,-0.83,-0.61,10.6,18.7,-8.1,-0.75,-0.51,,,,,,,,,,,,,,,,,,,,,,,,,,,,,,,,,,,,,,,,,
345,18.9,113,5.97,73,26,3,6,3,2,11,0.58,9,1,0,1,0,0,Kevin De Bruyne,28,19,"1,702",4,7,11,4,0,0,2,0,5.1,5.1,8.0,13.1,51,157,150,0.21,0.37,0.58,0.21,0.58,0.27,0.42,0.69,0.27,0.69,57,15,26.3,3.01,0.79,0.07,0.27,21.4,8,0.09,-1.1,-1.1,908,1196,75.9,15487,4454,459,537,85.5,346,449,77.1,90,159,56.6,6.7,-1.0,57,88,59,13,1031,160,32,15,10,145,18,94,33,20,2,5,28,17,9,7,5,5,5,23,21.7,18,8,0,8,7,24,10,1,1368,10,75,455,850,79,1368,34,13,38.2,17,50.0,812,4001,2076,51,20,26,28,1021,0,17,18,5,0,0,0,64,5,16,23.8,61,49.8,83,7,9,15,5,1.82,42,19,+23,+1.22,+0.95,34.4,21.1,+13.2,+0.70,+0.32,,,,,,,,,,,,,,,,,,,,,,,,,,,,,,,,,,,,,,,,,
290,8.3,13,1.57,8,0,0,3,2,0,3,0.36,1,0,0,1,1,0,Bobby De Cordova-Reid,23,9,744,1,2,3,1,0,0,2,0,0.8,0.8,1.2,2.0,14,15,48,0.12,0.24,0.36,0.12,0.36,0.10,0.15,0.24,0.10,0.24,7,3,42.9,0.85,0.36,0.14,0.33,25.1,0,0.11,+0.2,+0.2,145,206,70.4,1883,587,88,108,81.5,39,53,73.6,5,15,33.3,0.2,+0.8,6,9,5,0,198,8,1,0,0,15,6,0,0,0,0,0,15,9,4,3,6,0,4,14,28.6,10,6,1,5,0,9,10,0,272,15,49,114,109,16,272,10,0,0.0,8,80.0,174,816,389,5,6,11,10,188,0,9,9,4,1,0,0,29,6,14,30.0,32,21.8,67,0,14,10,9,0.65,9,17,-8,-0.97,+0.34,7.1,14.6,-7.5,-0.90,+0.17,,,,,,,,,,,,,,,,,,,,,,,,,,,,,,,,,,,,,,,,,
268,28.8,62,2.15,28,0,12,7,13,2,7,0.24,3,0,2,0,2,0,Liam Delap,37,32,"2,593",12,2,14,10,2,2,12,0,9.3,7.8,1.9,9.7,61,30,110,0.42,0.07,0.49,0.35,0.42,0.32,0.07,0.39,0.27,0.34,66,29,43.9,2.29,1.01,0.15,0.34,16.0,0,0.12,+2.7,+2.2,219,357,61.3,3011,657,123,174,70.7,69,108,63.9,9,24,37.5,1.4,+0.1,21,17,6,0,350,5,0,8,1,5,2,0,0,0,0,2,16,11,8,3,3,5,2,15,13.3,13,8,0,8,2,13,28,0,682,29,78,291,335,92,680,86,40,46.5,37,43.0,445,3283,1586,46,30,104,60,537,0,72,51,14,2,0,0,68,55,74,42.6,70,75.8,78,3,5,18,0,0.59,25,58,-33,-1.15,+0.27,25.7,52.1,-26.5,-0.92,+0.37,,,,,,,,,,,,,,,,,,,,,,,,,,,,,,,,,,,,,,,,,
338,28.7,22,0.77,19,0,0,2,1,0,2,0.07,1,0,0,0,1,0,Sepp van den Berg,31,29,"2,586",0,0,0,0,0,0,3,0,2.0,2.0,0.8,2.8,12,79,28,0.00,0.00,0.00,0.00,0.00,0.07,0.03,0.10,0.07,0.10,20,6,30.0,0.70,0.21,0.00,0.00,10.5,0,0.10,-2.0,-2.0,1092,1278,85.4,19151,6135,455,518,87.8,556,620,89.7,73,110,66.4,0.5,-0.8,6,64,3,1,1177,100,18,0,2,7,61,0,0,0,0,1,7,39,24,25,10,4,19,29,65.5,10,52,38,14,21,60,134,3,1605,282,819,621,169,48,1605,7,4,57.1,3,42.9,737,3762,1974,10,1,15,7,917,0,23,5,1,1,0,0,97,94,77,55.0,83,75.6,88,25,2,18,1,1.55,54,49,+5,+0.17,-0.26,47.8,43.8,+4.0,+0.14,+0.18,,,,,,,,,,,,,,,,,,,,,,,,,,,,,,,,,,,,,,,,,
645,5.6,15,2.66,12,2,0,1,0,0,1,0.18,1,0,0,0,0,0,Justin Devenny,23,4,507,1,1,2,1,0,0,1,0,0.8,0.8,0.6,1.4,5,21,13,0.18,0.18,0.36,0.18,0.36,0.14,0.11,0.25,0.14,0.25,10,6,60.0,1.78,1.07,0.10,0.17,21.1,1,0.08,+0.2,+0.2,148,205,72.2,2433,730,77,95,81.1,51,71,71.8,14,29,48.3,0.4,+0.4,7,22,4,1,184,19,7,1,1,17,0,9,4,4,0,2,2,17,12,7,9,1,8,19,42.1,11,6,1,5,0,17,11,0,279,8,53,149,83,8,279,4,2,50.0,2,50.0,134,701,333,5,1,17,3,167,0,8,0,1,0,0,0,27,2,13,13.3,22,14.8,68,0,19,12,7,1.65,8,8,0,0.00,0.00,8.4,9.1,-0.7,-0.12,-0.49,,,,,,,,,,,,,,,,,,,,,,,,,,,,,,,,,,,,,,,,,
166,2.9,5,1.70,5,0,0,0,0,0,1,0.34,1,0,0,0,0,0,Kiernan Dewsbury-Hall,13,2,264,0,1,1,0,0,0,0,0,0.2,0.2,1.1,1.3,5,14,11,0.00,0.34,0.34,0.00,0.34,0.08,0.36,0.44,0.08,0.44,1,0,0.0,0.34,0.00,0.00,,7.8,0,0.22,-0.2,-0.2,127,152,83.6,1898,319,75,82,91.5,47,56,83.9,5,10,50.0,0.2,-0.1,3,12,3,0,147,4,1,0,1,2,0,2,0,0,1,1,2,8,5,1,1,6,4,6,66.7,2,2,0,2,2,10,9,1,184,5,30,96,58,6,184,4,2,50.0,2,50.0,95,483,221,1,0,1,3,138,0,4,6,0,0,0,0,9,0,1,0.0,20,7.7,67,0,11,12,13,2.15,6,3,+3,+1.02,+0.51,5.4,3.8,+1.6,+0.56,+0.02,,,,,,,,,,,,,,,,,,,,,,,,,,,,,,,,,,,,,,,,,
364,21.1,97,4.59,65,9,10,3,6,4,18,0.85,7,0,4,1,2,4,Amad Diallo,26,20,"1,901",8,6,14,8,0,0,5,0,4.7,4.7,4.9,9.6,109,60,200,0.38,0.28,0.66,0.38,0.66,0.22,0.23,0.45,0.22,0.45,47,17,36.2,2.23,0.80,0.17,0.47,17.5,0,0.10,+3.3,+3.3,795,949,83.8,11030,2193,493,542,91.0,227,264,86.0,40,72,55.6,4.2,+1.1,49,27,35,7,859,86,5,3,1,42,49,32,23,1,1,4,20,38,31,9,20,9,19,32,59.4,13,15,2,13,11,49,19,1,1207,16,175,443,607,131,1207,88,41,46.6,43,48.9,782,5295,2750,53,66,42,35,854,0,21,28,9,2,0,0,109,10,15,40.0,73,55.6,87,14,6,28,2,1.08,28,30,-2,-0.09,+0.38,31.8,31.4,+0.4,+0.02,+0.12,,,,,,,,,,,,,,,,,,,,,,,,,,,,,,,,,,,,,,,,,
361,25.2,26,1.03,17,0,0,7,0,2,1,0.04,1,0,0,0,0,0,Rúben Dias,27,25,"2,271",0,0,0,0,0,0,4,0,1.5,1.5,0.3,1.8,43,160,8,0.00,0.00,0.00,0.00,0.00,0.06,0.01,0.07,0.06,0.07,21,7,33.3,0.83,0.28,0.00,0.00,19.4,0,0.07,-1.5,-1.5,2167,2317,93.5,37644,12143,900,929,96.9,1118,1159,96.5,120,177,67.8,1.2,-0.3,5,222,12,0,2234,80,43,0,10,3,2,0,0,0,0,3,14,17,11,7,9,1,7,13,53.8,6,23,20,3,20,37,71,4,2499,216,837,1361,307,26,2499,3,2,66.7,1,33.3,1775,10123,6017,65,1,8,1,2016,0,12,8,0,0,1,1,78,37,34,52.1,84,66.4,90,25,2,11,0,2.11,50,21,+29,+1.15,+1.23,46.2,28.8,+17.5,+0.69,+0.46,,,,,,,,,,,,,,,,,,,,,,,,,,,,,,,,,,,,,,,,,
327,26.7,117,4.39,88,0,16,9,4,0,16,0.60,13,0,1,0,2,0,Luis Díaz,36,28,"2,399",13,5,18,13,0,0,2,0,12.0,12.0,5.0,17.1,108,110,293,0.49,0.19,0.68,0.49,0.68,0.45,0.19,0.64,0.45,0.64,71,30,42.3,2.66,1.13,0.18,0.43,13.4,0,0.17,+1.0,+1.0,736,874,84.2,11789,2533,394,445,88.5,254,295,86.1,60,74,81.1,4.5,0.0,56,48,46,6,855,17,2,2,9,32,14,1,0,0,0,2,24,39,26,13,20,6,15,39,38.5,24,19,0,19,7,46,7,1,1184,17,90,409,706,167,1184,116,53,45.7,51,44.0,780,5710,2960,55,56,55,49,933,0,48,31,10,2,0,0,105,13,38,25.5,67,70.1,79,7,8,24,2,2.25,67,21,+46,+1.73,+1.81,61.2,24.9,+36.2,+1.36,+0.71,,,,,,,,,,,,,,,,,,,,,,,,,,,,,,,,,,,,,,,,,
608,20.8,56,2.69,34,1,11,5,5,0,4,0.19,2,0,1,1,0,0,Tyler Dibling,33,20,"1,874",2,0,2,2,0,0,6,0,2.5,2.5,1.5,4.1,69,64,96,0.10,0.00,0.10,0.10,0.10,0.12,0.07,0.20,0.12,0.20,28,9,32.1,1.34,0.43,0.07,0.22,19.3,0,0.09,-0.5,-0.5,504,620,81.3,7544,1553,286,316,90.5,181,212,85.4,22,48,45.8,1.5,-1.5,20,27,20,1,585,32,4,8,3,28,3,11,8,0,0,3,17,34,20,13,18,3,16,26,61.5,10,19,5,14,8,42,16,1,868,27,129,390,369,41,868,110,45,40.9,43,39.1,558,4418,2215,50,26,44,55,651,0,30,50,2,2,0,0,80,10,25,28.6,57,54.8,76,8,13,27,1,0.27,16,50,-34,-1.63,-0.12,19.5,48.5,-28.9,-1.39,-0.04,,,,,,,,,,,,,,,,,,,,,,,,,,,,,,,,,,,,,,,,,
36,26.1,66,2.53,42,18,1,4,0,1,5,0.19,5,0,0,0,0,0,Lucas Digne,32,28,"2,351",0,4,4,0,0,0,4,0,0.8,0.8,4.7,5.5,23,57,142,0.00,0.15,0.15,0.00,0.15,0.03,0.18,0.21,0.03,0.21,13,3,23.1,0.50,0.11,0.00,0.00,22.7,5,0.06,-0.8,-0.8,956,1277,74.9,15607,5137,483,549,88.0,389,496,78.4,62,155,40.0,4.0,-0.7,36,44,30,19,1017,258,44,2,4,140,155,57,37,10,0,2,41,65,38,40,16,9,44,66,66.7,22,23,4,19,25,90,89,1,1527,97,541,457,539,28,1527,19,9,47.4,9,47.4,683,2983,1346,14,4,17,16,820,0,21,16,7,0,0,0,104,37,28,56.9,73,68.7,80,13,4,30,6,1.59,34,36,-2,-0.08,-0.83,32.7,34.7,-2.0,-0.08,-0.75,,,,,,,,,,,,,,,,,,,,,,,,,,,,,,,,,,,,,,,,,
245,14.9,6,0.40,5,0,0,1,0,0,0,0.00,0,0,0,0,0,0,Issa Diop,21,15,"1,339",0,0,0,0,0,0,2,0,0.5,0.5,0.1,0.6,6,25,3,0.00,0.00,0.00,0.00,0.00,0.04,0.01,0.04,0.04,0.04,5,2,40.0,0.34,0.13,0.00,0.00,10.7,0,0.11,-0.5,-0.5,663,758,87.5,12350,4179,233,252,92.5,379,408,92.9,46,87,52.9,0.1,-0.1,3,43,1,0,733,25,21,0,1,1,2,0,0,0,0,0,2,26,12,18,8,0,13,18,72.2,5,10,7,3,9,35,72,2,903,125,498,381,26,13,903,2,1,50.0,1,50.0,533,2426,1216,2,0,9,2,617,0,10,4,0,0,0,1,45,20,12,62.5,64,39.2,86,13,6,8,9,1.52,19,19,0,0.00,0.00,16.1,19.6,-3.5,-0.23,-0.46,,,,,,,,,,,,,,,,,,,,,,,,,,,,,,,,,,,,,,,,,
167,5.4,9,1.65,7,0,1,0,0,1,0,0.00,0,0,0,0,0,0,Axel Disasi,7,5,490,0,0,0,0,0,0,2,0,0.1,0.1,0.4,0.5,10,16,5,0.00,0.00,0.00,0.00,0.00,0.02,0.07,0.09,0.02,0.09,2,0,0.0,0.37,0.00,0.00,,19.5,0,0.04,-0.1,-0.1,243,280,86.8,4080,1517,103,109,94.5,131,146,89.7,8,15,53.3,0.3,-0.4,3,14,3,0,258,20,9,1,0,1,11,0,0,0,0,2,5,8,5,7,1,0,3,7,42.9,4,4,1,3,5,13,18,0,334,32,130,178,29,6,334,15,9,60.0,6,40.0,207,1268,621,8,2,3,2,223,0,3,2,2,0,0,0,15,8,6,57.1,70,14.3,90,5,2,20,4,1.57,8,9,-1,-0.18,-0.43,8.2,10.4,-2.2,-0.41,-0.66,,,,,,,,,,,,,,,,,,,,,,,,,,,,,,,,,,,,,,,,,
627,1.0,0,0.00,0,0,0,0,0,0,0,0.00,0,0,0,0,0,0,Roman Dixon,1,1,90,0,0,0,0,0,0,0,0,0.0,0.0,0.0,0.0,0,0,1,0.00,0.00,0.00,0.00,0.00,0.00,0.00,0.00,0.00,0.00,0,0,,0.00,0.00,,,,0,,0.0,0.0,11,19,57.9,205,111,6,8,75.0,4,8,50.0,1,3,33.3,0.0,0.0,0,3,0,0,16,3,0,0,0,0,3,0,0,0,0,0,0,5,5,3,2,0,4,4,100.0,0,1,0,1,1,6,3,0,36,8,19,14,4,0,36,3,0,0.0,3,100.0,16,107,48,0,0,2,0,13,0,0,0,0,0,0,0,6,0,3,0.0,,,,,,,,,,,,,,,,,,,,,,,,,,,,,,,,,,,,,,,,,,,,,,,,,,,,,,,,,,,
769,0.7,0,0.00,0,0,0,0,0,0,0,0.00,0,0,0,0,0,0,Nasser Djiga,5,1,66,0,0,0,0,0,0,0,0,0.0,0.0,0.0,0.0,0,3,2,0.00,0.00,0.00,0.00,0.00,0.00,0.00,0.00,0.00,0.00,0,0,,0.00,0.00,,,,0,,0.0,0.0,40,48,83.3,740,183,9,10,90.0,28,29,96.6,3,8,37.5,0.0,0.0,0,3,0,0,45,3,1,0,0,0,2,0,0,0,0,0,2,0,0,0,0,0,0,1,0.0,1,0,0,0,2,2,4,1,58,2,17,39,2,0,58,0,0,,0,,32,108,37,1,0,1,2,35,0,0,1,0,0,0,0,2,1,1,50.0,13,1.9,45,0,4,5,8,2.40,1,2,-1,-1.36,-0.99,0.7,1.2,-0.5,-0.70,-0.32,,,,,,,,,,,,,,,,,,,,,,,,,,,,,,,,,,,,,,,,,
543,23.4,25,1.07,19,3,1,1,1,0,3,0.13,3,0,0,0,0,0,Matt Doherty,30,25,"2,109",2,1,3,2,0,0,6,0,1.0,1.0,1.5,2.6,29,79,41,0.09,0.04,0.13,0.09,0.13,0.04,0.07,0.11,0.04,0.11,10,3,30.0,0.43,0.13,0.20,0.67,11.4,0,0.10,+1.0,+1.0,1078,1302,82.8,20102,6585,435,483,90.1,514,591,87.0,115,186,61.8,1.2,-0.5,12,94,15,1,1177,121,55,2,22,22,66,0,0,0,0,4,14,38,21,25,13,0,17,25,68.0,8,28,15,13,22,60,102,3,1534,126,614,748,190,26,1534,21,11,52.4,7,33.3,825,3666,2176,20,4,11,5,982,0,18,11,2,0,0,1,106,56,21,72.7,70,61.7,83,16,5,9,8,1.33,27,38,-11,-0.47,-0.19,27.9,32.8,-5.0,-0.21,+0.44,,,,,,,,,,,,,,,,,,,,,,,,,,,,,,,,,,,,,,,,,
346,16.8,79,4.69,60,1,13,1,3,1,14,0.83,11,0,3,0,0,0,Jeremy Doku,29,16,"1,516",3,6,9,3,0,0,1,0,1.3,1.3,4.8,6.1,213,69,286,0.18,0.36,0.53,0.18,0.53,0.08,0.29,0.36,0.08,0.36,29,9,31.0,1.72,0.53,0.10,0.33,17.7,0,0.05,+1.7,+1.7,603,762,79.1,8464,1506,400,463,86.4,183,226,81.0,14,21,66.7,3.8,+1.2,32,12,48,6,757,3,0,8,0,59,1,2,0,0,0,2,30,31,22,9,12,10,8,15,53.3,7,11,1,10,4,35,2,0,1027,4,46,233,772,161,1027,201,107,53.2,60,29.9,796,7581,4865,95,109,59,59,854,0,10,33,5,0,0,0,63,0,12,0.0,52,44.3,81,6,13,17,4,1.90,34,14,+20,+1.19,+0.81,33.5,14.4,+19.1,+1.13,+1.07,,,,,,,,,,,,,,,,,,,,,,,,,,,,,,,,,,,,,,,,,
431,21.8,38,1.74,29,1,0,3,3,2,0,0.00,0,0,0,0,0,0,Nicolás Domínguez,34,23,"1,963",0,1,1,0,0,0,9,0,1.5,1.5,1.3,2.8,16,83,33,0.00,0.05,0.05,0.00,0.05,0.07,0.06,0.13,0.07,0.13,21,9,42.9,0.96,0.41,0.00,0.00,18.9,0,0.07,-1.5,-1.5,821,947,86.7,11995,3387,463,508,91.1,279,312,89.4,34,55,61.8,1.6,-0.3,13,81,11,1,890,50,22,7,0,7,6,0,0,0,0,7,11,86,45,40,35,11,36,76,47.4,40,38,12,26,29,115,54,1,1218,78,303,630,295,33,1218,9,3,33.3,4,44.4,471,1863,924,14,2,23,12,676,0,33,18,1,0,0,0,114,27,23,54.0,58,57.4,73,5,11,26,3,1.76,31,27,+4,+0.18,-0.31,25.4,31.1,-5.6,-0.26,-0.40,,,,,,,,,,,,,,,,,,,,,,,,,,,,,,,,,,,,,,,,,
766,9.4,24,2.57,21,0,0,0,2,1,1,0.11,0,0,0,0,1,0,Patrick Dorgu,12,10,842,0,0,0,0,0,0,3,1,0.4,0.4,0.7,1.2,41,34,83,0.00,0.00,0.00,0.00,0.00,0.05,0.08,0.12,0.05,0.12,10,2,20.0,1.07,0.21,0.00,0.00,16.4,0,0.04,-0.4,-0.4,400,494,81.0,5631,1295,250,280,89.3,124,159,78.0,12,28,42.9,1.3,-0.7,12,23,11,2,419,74,8,0,1,39,65,1,0,0,0,1,8,31,24,15,14,2,16,23,69.6,7,11,0,11,4,35,23,2,602,16,155,206,244,32,602,13,3,23.1,6,46.2,354,1933,1209,17,7,12,10,399,0,17,28,3,0,0,0,37,15,9,62.5,70,24.6,77,6,2,34,0,0.75,7,11,-4,-0.43,-0.22,12.6,9.9,+2.7,+0.29,+0.43,,,,,,,,,,,,,,,,,,,,,,,,,,,,,,,,,,,,,,,,,
699,0.2,0,0.00,0,0,0,0,0,0,0,0.00,0,0,0,0,0,0,Alfie Dorrington,1,0,14,0,0,0,0,0,0,0,0,0.0,0.0,0.0,0.0,0,0,0,0.00,0.00,0.00,0.00,0.00,0.00,0.00,0.00,0.00,0.00,0,0,,0.00,0.00,,,,0,,0.0,0.0,15,16,93.8,304,39,6,7,85.7,7,7,100.0,2,2,100.0,0.0,0.0,0,0,0,0,16,0,0,0,0,0,0,0,0,0,0,0,0,0,0,0,0,0,0,0,,0,0,0,0,0,0,0,0,16,0,11,5,0,0,16,0,0,,0,,12,61,26,0,0,0,0,13,0,0,0,0,0,0,0,3,0,0,,,,,,,,,,,,,,,,,,,,,,,,,,,,,,,,,,,,,,,,,,,,,,,,,,,,,,,,,,,,
217,28.5,58,2.04,52,0,3,2,0,1,3,0.11,2,0,0,0,0,1,Abdoulaye Doucouré,33,31,"2,564",3,2,5,3,0,0,5,1,4.1,4.1,2.4,6.6,42,82,96,0.11,0.07,0.18,0.11,0.18,0.15,0.09,0.23,0.15,0.23,31,9,29.0,1.09,0.32,0.10,0.33,14.0,0,0.13,-1.1,-1.1,725,903,80.3,10909,2254,382,446,85.7,263,316,83.2,44,60,73.3,1.4,-0.4,28,44,15,0,884,14,5,0,2,23,0,0,0,0,0,5,27,48,28,21,20,7,14,43,32.6,29,31,6,25,10,58,20,1,1161,32,225,538,413,65,1161,45,24,53.3,21,46.7,604,2952,1396,26,8,38,38,750,1,49,5,10,0,0,0,150,30,44,40.5,78,75.0,82,16,2,12,1,1.30,28,33,-5,-0.18,-0.49,31.0,34.8,-3.8,-0.13,-0.07,,,,,,,,,,,,,,,,,,,,,,,,,,,,,,,,,,,,,,,,,
193,5.0,9,1.79,5,0,0,2,1,1,3,0.60,1,0,0,1,1,0,Cheick Doucouré,13,4,452,0,0,0,0,0,0,1,0,0.4,0.4,0.0,0.4,2,19,7,0.00,0.00,0.00,0.00,0.00,0.08,0.00,0.08,0.08,0.08,7,0,0.0,1.39,0.00,0.00,,20.6,0,0.06,-0.4,-0.4,174,204,85.3,2909,823,84,94,89.4,70,78,89.7,16,20,80.0,0.1,0.0,1,17,3,0,201,3,3,0,0,1,0,0,0,0,0,0,4,16,8,6,8,2,5,11,45.5,6,4,0,4,11,27,10,1,263,11,56,165,45,4,263,5,2,40.0,2,40.0,133,581,280,7,1,4,7,160,0,7,7,0,0,0,0,31,5,5,50.0,35,13.2,55,0,9,26,4,1.38,5,6,-1,-0.20,-0.23,6.8,7.7,-0.9,-0.17,-0.54,,,,,,,,,,,,,,,,,,,,,,,,,,,,,,,,,,,,,,,,,
518,23.9,31,1.30,27,2,0,1,0,1,2,0.08,1,1,0,0,0,0,Flynn Downes,27,25,"2,151",1,0,1,1,0,0,12,0,0.6,0.6,1.1,1.7,29,66,29,0.04,0.00,0.04,0.04,0.04,0.03,0.05,0.07,0.03,0.07,10,3,30.0,0.42,0.13,0.10,0.33,18.7,0,0.06,+0.4,+0.4,1003,1109,90.4,14646,2893,577,620,93.1,352,382,92.1,37,53,69.8,1.4,-1.1,15,62,12,0,1079,29,29,7,1,4,0,0,0,0,0,1,13,49,25,23,21,5,15,36,41.7,21,28,9,19,32,81,51,4,1339,99,403,719,227,21,1339,20,8,40.0,8,40.0,641,3520,1826,21,4,15,17,945,0,50,39,0,0,0,0,83,17,17,50.0,80,62.9,85,18,2,13,2,0.33,14,49,-35,-1.46,+0.31,21.2,46.7,-25.5,-1.07,+0.82,,,,,,,,,,,,,,,,,,,,,,,,,,,,,,,,,,,,,,,,,
544,5.4,17,3.13,11,4,1,1,0,0,3,0.55,2,0,1,0,0,0,Tommy Doyle,24,3,488,0,1,1,0,0,0,1,0,0.6,0.6,0.5,1.1,6,40,4,0.00,0.18,0.18,0.00,0.18,0.10,0.09,0.20,0.10,0.20,9,2,22.2,1.66,0.37,0.00,0.00,24.5,1,0.06,-0.6,-0.6,321,392,81.9,6591,2010,112,119,94.1,138,155,89.0,61,93,65.6,0.3,+0.5,7,44,3,0,353,35,19,0,6,15,3,12,6,4,0,4,8,11,6,6,3,2,6,15,40.0,9,11,5,6,5,16,11,1,463,22,128,258,80,4,463,9,5,55.6,1,11.1,260,1417,578,3,0,9,4,303,0,5,5,0,0,0,0,43,1,6,14.3,20,14.3,70,1,21,13,9,0.96,7,10,-3,-0.55,-0.18,6.9,10.3,-3.4,-0.63,-0.30,,,,,,,,,,,,,,,,,,,,,,,,,,,,,,,,,,,,,,,,,
486,13.9,8,0.58,8,0,0,0,0,0,1,0.07,1,0,0,0,0,0,Radu Drăgușin,16,14,"1,252",0,0,0,0,0,0,1,0,0.1,0.1,0.4,0.5,7,37,2,0.00,0.00,0.00,0.00,0.00,0.01,0.03,0.04,0.01,0.04,5,1,20.0,0.36,0.07,0.00,0.00,12.7,0,0.02,-0.1,-0.1,716,840,85.2,13638,5250,223,245,91.0,437,470,93.0,47,107,43.9,0.2,-0.4,4,52,2,1,793,47,40,1,3,1,3,0,0,0,0,0,5,10,6,8,2,0,6,12,50.0,6,22,16,6,15,25,49,4,961,148,510,430,30,12,961,2,0,0.0,0,0.0,623,3349,1666,3,0,8,2,669,0,6,10,0,0,0,0,48,33,22,60.0,78,36.6,83,11,2,43,7,0.88,25,29,-4,-0.29,-0.41,21.8,29.7,-7.9,-0.57,-0.71,,,,,,,,,,,,,,,,,,,,,,,,,,,,,,,,,,,,,,,,,
396,10.0,0,0.00,0,0,0,0,0,0,0,0.00,0,0,0,0,0,0,Martin Dúbravka,10,10,900,0,0,0,0,0,0,0,0,0.0,0.0,0.0,0.0,0,0,0,0.00,0.00,0.00,0.00,0.00,0.00,0.00,0.00,0.00,0.00,0,0,,0.00,0.00,,,,0,,0.0,0.0,265,333,79.6,5932,3082,58,58,100.0,161,161,100.0,45,112,40.2,0.0,0.0,0,0,0,0,246,86,27,0,1,0,0,0,0,0,0,1,0,0,0,0,0,0,0,0,,0,0,0,0,0,0,3,0,350,262,337,14,0,0,350,0,0,,0,,202,1043,643,0,0,0,0,175,0,0,1,0,0,0,0,18,4,0,100.0,90,26.3,90,10,0,,24,2.10,23,12,+11,+1.10,+0.74,20.2,10.8,+9.4,+0.94,+0.62,10,10,900,12,1.20,41,29,70.7,7,0,3,5,50.0,0,0,0,0,,0,1,0,12.9,0.32,+0.9,+0.09,18,80,22.5,273,54,15.8,25.2,59,62.7,45.4,127,10,7.9,11,1.10,15.3
120,23.1,19,0.82,17,0,0,2,0,0,3,0.13,2,0,0,1,0,0,Lewis Dunk,25,23,"2,083",0,0,0,0,0,0,5,0,0.8,0.8,0.5,1.3,20,142,3,0.00,0.00,0.00,0.00,0.00,0.03,0.02,0.06,0.03,0.06,12,3,25.0,0.52,0.13,0.00,0.00,12.1,1,0.07,-0.8,-0.8,1778,1953,91.0,32940,10612,668,693,96.4,954,1002,95.2,143,228,62.7,1.0,-0.5,6,157,6,0,1818,131,67,2,10,5,10,0,0,0,0,4,7,17,10,8,7,2,11,19,57.9,8,28,18,10,13,30,79,2,2127,258,993,1031,113,21,2127,1,0,0.0,1,100.0,1341,6155,3345,19,0,9,3,1556,0,7,11,2,0,0,1,104,51,31,62.2,83,60.9,89,21,2,24,2,1.24,33,42,-9,-0.39,-1.47,32.1,35.4,-3.3,-0.14,-0.65,,,,,,,,,,,,,,,,,,,,,,,,,,,,,,,,,,,,,,,,,
38,7.1,18,2.54,9,0,0,4,3,2,1,0.14,0,0,0,0,0,1,Jáder Durán,20,4,638,7,0,7,7,0,0,3,1,4.9,4.9,0.2,5.1,7,13,44,0.99,0.00,0.99,0.99,0.99,0.69,0.03,0.71,0.69,0.71,31,15,48.4,4.37,2.12,0.23,0.47,15.6,0,0.16,+2.1,+2.1,115,163,70.6,1558,307,68,84,81.0,34,50,68.0,5,11,45.5,0.3,-0.2,4,10,1,0,155,7,0,2,0,3,0,0,0,0,0,1,4,8,7,1,2,5,1,4,25.0,3,5,0,5,0,8,13,0,263,13,36,110,122,47,263,14,3,21.4,9,64.3,133,535,267,7,2,16,15,192,0,14,15,5,0,0,0,19,19,19,50.0,32,18.7,60,0,16,25,1,1.50,12,12,0,0.00,-0.23,9.2,9.7,-0.5,-0.07,-0.28,,,,,,,,,,,,,,,,,,,,,,,,,,,,,,,,,,,,,,,,,
785,0.1,0,0.00,0,0,0,0,0,0,0,0.00,0,0,0,0,0,0,Claudio Echeverri,1,0,6,0,0,0,0,0,0,0,0,0.0,0.0,0.0,0.0,0,1,1,0.00,0.00,0.00,0.00,0.00,0.00,0.00,0.00,0.00,0.00,0,0,,0.00,0.00,,,,0,,0.0,0.0,3,3,100.0,26,18,1,1,100.0,1,1,100.0,0,0,,0.0,0.0,0,0,0,0,3,0,0,0,0,0,0,0,0,0,0,0,0,1,0,0,1,0,1,1,100.0,0,0,0,0,0,1,0,0,3,0,0,2,1,0,3,0,0,,0,,3,28,12,0,0,0,1,3,0,0,0,0,0,0,0,1,0,0,,,,,,,,,,,,,,,,,,,,,,,,,,,,,,,,,,,,,,,,,,,,,,,,,,,,,,,,,,,,
347,25.8,6,0.23,6,0,0,0,0,0,4,0.16,4,0,0,0,0,0,Ederson,26,26,"2,320",0,4,4,0,0,0,4,0,0.0,0.0,1.5,1.5,0,2,0,0.00,0.16,0.16,0.00,0.16,0.00,0.06,0.06,0.00,0.06,0,0,,0.00,0.00,,,,0,,0.0,0.0,811,923,87.9,19885,13212,142,142,100.0,471,479,98.3,194,297,65.3,0.2,+2.5,4,21,1,0,817,106,29,1,2,0,0,0,0,0,0,0,1,0,0,0,0,0,0,2,0.0,2,0,0,0,1,1,11,4,975,689,962,13,0,0,975,0,0,,0,,654,3060,1981,0,0,1,0,616,0,1,0,0,0,1,0,42,4,1,80.0,89,67.8,89,25,0,,4,2.00,49,26,+23,+0.89,+0.48,49.0,28.7,+20.3,+0.79,+0.78,26,26,"2,320",26,1.01,78,53,69.2,16,4,6,10,38.5,2,2,0,0,0.0,0,3,1,30.0,0.37,+5.0,+0.19,72,165,43.6,846,108,17.4,27.9,77,23.4,31.9,224,13,5.8,49,1.90,17.5
269,0.0,0,0.00,0,0,0,0,0,0,0,0.00,0,0,0,0,0,0,George Edmundson,1,0,2,0,0,0,0,0,0,0,0,0.0,0.0,0.0,0.0,0,0,0,0.00,0.00,0.00,0.00,0.00,0.00,0.00,0.00,0.00,0.00,0,0,,0.00,0.00,,,,0,,0.0,0.0,1,2,50.0,9,0,1,1,100.0,0,0,,0,0,,0.0,0.0,0,0,0,0,2,0,0,0,0,0,0,0,0,0,0,0,1,0,0,0,0,0,0,0,,0,0,0,0,0,0,0,0,3,1,3,0,0,0,3,0,0,,0,,1,2,0,0,0,0,0,1,0,0,0,0,0,0,0,0,0,0,,,,,,,,,,,,,,,,,,,,,,,,,,,,,,,,,,,,,,,,,,,,,,,,,,,,,,,,,,,,
198,0.3,2,6.21,2,0,0,0,0,0,0,0.00,0,0,0,0,0,0,Odsonne Édouard,4,0,29,0,0,0,0,0,0,0,0,0.0,0.0,0.0,0.0,0,1,2,0.00,0.00,0.00,0.00,0.00,0.00,0.13,0.13,0.00,0.13,0,0,,0.00,0.00,,,,0,,0.0,0.0,6,8,75.0,59,5,3,4,75.0,1,1,100.0,0,0,,0.0,0.0,1,0,0,0,8,0,0,0,0,0,0,0,0,0,0,0,1,1,1,1,0,0,0,0,,0,0,0,0,0,1,1,0,20,1,2,7,11,6,20,2,1,50.0,1,50.0,11,25,2,0,1,7,2,13,0,2,0,0,0,0,0,1,1,1,50.0,,,,,,,,,,,,,,,,,,,,,,,,,,,,,,,,,,,,,,,,,,,,,,,,,,,,,,,,,,,
459,0.7,4,5.54,3,0,0,0,1,0,0,0.00,0,0,0,0,0,0,Samuel Edozie,2,0,65,0,0,0,0,0,0,1,0,0.0,0.0,0.1,0.1,6,4,23,0.00,0.00,0.00,0.00,0.00,0.00,0.14,0.14,0.00,0.14,0,0,,0.00,0.00,,,,0,,0.0,0.0,25,33,75.8,316,67,19,21,90.5,6,7,85.7,0,3,0.0,0.2,-0.1,1,0,3,0,33,0,0,0,0,4,0,0,0,0,0,0,2,3,1,0,1,2,2,2,100.0,0,0,0,0,0,3,0,0,43,0,0,7,36,10,43,4,2,50.0,2,50.0,34,336,197,2,4,4,0,39,0,2,1,0,0,0,0,1,0,0,,,,,,,,,,,,,,,,,,,,,,,,,,,,,,,,,,,,,,,,,,,,,,,,,,,,,,,,,,,,
460,0.1,0,0.00,0,0,0,0,0,0,0,0.00,0,0,0,0,0,0,Ronnie Edwards,1,0,12,0,0,0,0,0,0,0,0,0.0,0.0,0.0,0.0,0,0,0,0.00,0.00,0.00,0.00,0.00,0.00,0.00,0.00,0.00,0.00,0,0,,0.00,0.00,,,,0,,0.0,0.0,5,5,100.0,109,0,0,0,,5,5,100.0,0,0,,0.0,0.0,0,0,0,0,5,0,0,0,0,0,0,0,0,0,0,0,0,0,0,0,0,0,0,0,,0,1,1,0,0,0,0,0,6,3,4,2,0,0,6,0,0,,0,,3,10,0,0,0,0,0,5,0,0,0,0,0,0,0,0,0,0,,,,,,,,,,,,,,,,,,,,,,,,,,,,,,,,,,,,,,,,,,,,,,,,,,,,,,,,,,,,
432,27.8,102,3.67,56,23,5,7,11,0,18,0.65,10,4,1,0,3,0,Anthony Elanga,38,31,"2,501",6,11,17,6,0,0,1,0,4.5,4.5,5.7,10.1,102,63,229,0.22,0.40,0.61,0.22,0.61,0.16,0.20,0.36,0.16,0.36,44,24,54.5,1.58,0.86,0.14,0.25,17.6,6,0.10,+1.5,+1.5,540,827,65.3,8021,2660,318,387,82.2,150,232,64.7,46,131,35.1,5.1,+5.3,50,32,26,8,697,126,31,3,0,185,6,86,43,39,0,4,24,19,14,8,8,3,5,17,29.4,12,11,1,10,6,25,25,0,1115,29,136,319,679,110,1115,83,25,30.1,39,47.0,600,4509,2544,45,48,79,43,764,0,9,47,18,0,0,0,89,24,37,39.3,66,73.1,76,12,7,22,0,1.71,45,35,+10,+0.36,+0.16,33.9,37.6,-3.6,-0.13,-0.15,,,,,,,,,,,,,,,,,,,,,,,,,,,,,,,,,,,,,,,,,
319,4.1,21,5.11,17,3,1,0,0,0,3,0.73,3,0,0,0,0,0,Harvey Elliott,18,2,371,1,2,3,1,0,0,1,0,1.8,1.8,1.1,2.8,10,44,30,0.24,0.49,0.73,0.24,0.73,0.43,0.26,0.69,0.43,0.69,17,4,23.5,4.12,0.97,0.06,0.25,16.9,1,0.10,-0.8,-0.8,240,292,82.2,4164,1016,120,130,92.3,91,108,84.3,22,33,66.7,0.7,+0.9,10,26,6,0,267,22,2,1,3,12,8,6,3,1,0,3,4,5,3,3,1,1,2,8,25.0,6,7,2,5,1,6,3,1,339,5,32,164,144,21,339,9,4,44.4,4,44.4,188,872,408,11,5,5,4,253,0,0,1,1,0,0,0,15,1,2,33.3,21,10.8,79,1,16,13,12,2.06,11,6,+5,+1.21,+0.03,11.2,6.1,+5.1,+1.23,+0.09,,,,,,,,,,,,,,,,,,,,,,,,,,,,,,,,,,,,,,,,,
97,0.5,0,0.00,0,0,0,0,0,0,0,0.00,0,0,0,0,0,0,Yunus Emre Konak,10,0,42,0,0,0,0,0,0,0,0,0.2,0.2,0.0,0.2,1,2,2,0.00,0.00,0.00,0.00,0.00,0.33,0.00,0.33,0.33,0.33,1,0,0.0,2.14,0.00,0.00,,21.4,0,0.15,-0.2,-0.2,26,36,72.2,458,84,13,16,81.3,9,12,75.0,4,5,80.0,0.0,0.0,0,2,0,0,35,1,0,0,0,0,1,0,0,0,0,0,1,4,4,0,4,0,1,2,50.0,1,2,0,2,0,4,0,0,53,0,9,27,17,0,53,2,0,0.0,2,100.0,17,67,41,1,1,3,3,28,0,3,1,0,0,0,0,2,5,9,35.7,4,1.2,,0,10,4,26,2.20,2,2,0,0.00,-0.24,1.0,1.7,-0.7,-1.56,-1.68,,,,,,,,,,,,,,,,,,,,,,,,,,,,,,,,,,,,,,,,,
121,3.3,12,3.69,5,1,3,1,2,0,0,0.00,0,0,0,0,0,0,Julio Enciso,12,2,294,0,0,0,0,0,0,0,0,1.0,1.0,0.2,1.2,11,14,17,0.00,0.00,0.00,0.00,0.00,0.31,0.07,0.38,0.31,0.38,20,11,55.0,6.12,3.37,0.00,0.00,21.3,1,0.05,-1.0,-1.0,99,150,66.0,1464,392,61,75,81.3,29,40,72.5,5,22,22.7,0.3,-0.2,5,13,4,1,134,16,4,0,1,20,0,12,6,3,0,0,5,0,0,0,0,0,0,2,0.0,2,2,0,2,0,0,1,0,202,2,17,72,116,20,202,21,10,47.6,8,38.1,114,678,386,10,4,7,9,141,0,3,7,0,0,0,0,15,6,5,54.5,25,8.6,67,0,10,16,7,1.50,3,4,-1,-0.31,-0.54,4.5,4.9,-0.5,-0.14,-0.28,,,,,,,,,,,,,,,,,,,,,,,,,,,,,,,,,,,,,,,,,
320,3.0,6,1.96,6,0,0,0,0,0,0,0.00,0,0,0,0,0,0,Wataru Endo,20,1,273,0,0,0,0,0,0,0,0,0.0,0.0,0.1,0.1,1,19,8,0.00,0.00,0.00,0.00,0.00,0.00,0.02,0.02,0.00,0.02,0,0,,0.00,0.00,,,,0,,0.0,0.0,182,194,93.8,2833,700,91,97,93.8,77,80,96.3,8,8,100.0,0.1,-0.1,2,16,1,0,188,6,2,0,0,1,4,0,0,0,0,0,2,12,8,7,5,0,6,10,60.0,4,8,1,7,6,18,9,0,237,12,65,124,49,3,237,2,2,100.0,0,0.0,110,397,169,3,1,6,3,163,0,15,7,0,0,0,0,14,3,4,42.9,14,8.0,68,0,19,11,17,2.50,4,5,-1,-0.33,-1.65,5.4,4.2,+1.2,+0.39,-0.82,,,,,,,,,,,,,,,,,,,,,,,,,,,,,,,,,,,,,,,,,
370,11.8,56,4.74,38,15,0,3,0,0,7,0.59,5,2,0,0,0,0,Christian Eriksen,23,11,"1,061",1,2,3,0,1,1,4,0,1.4,0.6,3.2,3.8,13,55,29,0.08,0.17,0.25,0.00,0.17,0.12,0.27,0.39,0.05,0.32,14,1,7.1,1.19,0.08,0.00,0.00,25.8,3,0.04,-0.4,-0.6,590,749,78.8,9936,3131,312,339,92.0,194,242,80.2,62,130,47.7,2.6,-1.2,31,54,13,6,645,102,31,8,8,85,5,62,24,20,5,2,6,19,9,4,12,3,11,27,40.7,16,15,5,10,7,26,8,0,850,26,173,397,284,17,849,4,0,0.0,4,100.0,473,1784,851,14,1,13,5,566,0,8,3,0,0,0,0,62,2,6,25.0,46,31.0,80,5,12,15,12,1.13,17,16,+1,+0.08,+0.50,18.3,18.2,+0.1,+0.01,+0.07,,,,,,,,,,,,,,,,,,,,,,,,,,,,,,,,,,,,,,,,,
730,1.5,8,5.18,6,0,1,0,1,0,3,1.94,1,0,1,0,1,0,Romain Esse,7,1,138,1,1,2,1,0,0,0,0,0.3,0.3,0.4,0.7,1,7,14,0.65,0.65,1.30,0.65,1.30,0.21,0.27,0.48,0.21,0.48,1,1,100.0,0.65,0.65,1.00,1.00,2.8,0,0.32,+0.7,+0.7,32,42,76.2,475,202,20,23,87.0,10,14,71.4,2,4,50.0,0.4,+0.6,3,2,1,0,42,0,0,1,0,0,0,0,0,0,0,0,1,9,6,4,3,2,5,5,100.0,0,2,0,2,1,10,2,0,73,1,14,30,29,9,73,6,2,33.3,4,66.7,38,121,49,1,2,6,2,43,0,2,3,0,0,0,0,9,3,2,60.0,20,4.0,80,0,6,10,8,1.57,5,3,+2,+1.30,+1.36,2.6,1.9,+0.7,+0.46,+0.17,,,,,,,,,,,,,,,,,,,,,,,,,,,,,,,,,,,,,,,,,
122,26.7,58,2.17,39,13,0,2,4,0,4,0.15,3,0,0,0,1,0,Pervis Estupiñán,30,26,"2,402",1,1,2,1,0,0,5,0,1.2,1.2,2.1,3.3,59,132,112,0.04,0.04,0.07,0.04,0.07,0.04,0.08,0.12,0.04,0.12,28,9,32.1,1.05,0.34,0.04,0.11,24.5,3,0.04,-0.2,-0.2,1338,1610,83.1,20347,6261,782,839,93.2,451,540,83.5,74,158,46.8,2.5,-1.1,26,105,34,18,1370,237,20,0,5,119,180,37,23,9,3,3,28,65,43,33,25,7,34,51,66.7,17,20,5,15,37,102,65,2,1915,89,493,936,506,35,1915,34,19,55.9,13,38.2,1023,5007,2689,61,9,34,27,1144,0,36,20,3,0,0,0,147,46,26,63.9,80,70.2,88,22,4,27,1,1.57,47,44,+3,+0.11,-0.24,42.6,39.6,+3.0,+0.11,+0.01,,,,,,,,,,,,,,,,,,,,,,,,,,,,,,,,,,,,,,,,,
69,1.3,6,4.54,4,0,1,0,1,0,0,0.00,0,0,0,0,0,0,Daniel Jebbison,16,0,119,1,0,1,1,0,0,1,0,1.0,1.0,0.2,1.2,4,3,16,0.76,0.00,0.76,0.76,0.76,0.75,0.15,0.90,0.75,0.90,5,2,40.0,3.78,1.51,0.20,0.50,10.6,0,0.20,0.0,0.0,33,42,78.6,361,44,21,23,91.3,3,5,60.0,1,2,50.0,0.1,-0.2,3,1,1,0,42,0,0,0,0,3,0,0,0,0,0,0,1,5,3,3,2,0,4,6,66.7,2,2,1,1,1,6,1,0,78,3,10,25,44,14,78,7,4,57.1,3,42.9,44,277,95,2,5,13,5,47,0,2,4,0,0,0,0,10,2,10,16.7,7,3.5,,0,16,7,4,1.25,7,2,+5,+3.78,+3.59,3.5,2.0,+1.5,+1.12,+0.74,,,,,,,,,,,,,,,,,,,,,,,,,,,,,,,,,,,,,,,,,
797,0.3,0,0.00,0,0,0,0,0,0,0,0.00,0,0,0,0,0,0,Jake Evans,4,0,24,0,0,0,0,0,0,0,0,0.0,0.0,0.0,0.0,0,0,1,0.00,0.00,0.00,0.00,0.00,0.00,0.00,0.00,0.00,0.00,0,0,,0.00,0.00,,,,0,,0.0,0.0,2,3,66.7,24,9,1,1,100.0,1,2,50.0,0,0,,0.0,0.0,0,1,0,0,3,0,0,0,0,0,0,0,0,0,0,0,0,1,1,0,0,1,0,1,0.0,1,0,0,0,0,1,1,0,5,0,1,3,1,0,5,0,0,,0,,1,1,0,0,0,0,1,3,0,0,0,0,0,0,0,0,0,1,0.0,,,,,,,,,,,,,,,,,,,,,,,,,,,,,,,,,,,,,,,,,,,,,,,,,,,,,,,,,,,
199,28.8,135,4.69,72,29,11,13,9,1,10,0.35,9,1,0,0,0,0,Eberechi Eze,34,31,"2,588",8,8,16,7,1,2,1,0,10.5,8.9,6.2,15.1,69,97,153,0.28,0.28,0.56,0.24,0.52,0.36,0.22,0.58,0.31,0.53,100,27,27.0,3.48,0.94,0.07,0.26,21.5,16,0.09,-2.5,-1.9,777,1047,74.2,13226,3540,380,449,84.6,299,365,81.9,77,168,45.8,4.7,+1.8,58,49,39,4,849,180,70,11,6,112,3,62,39,10,0,18,17,39,22,14,16,9,17,36,47.2,19,27,0,27,11,50,10,3,1414,17,193,661,597,95,1412,138,67,48.6,62,44.9,840,5063,2380,48,22,55,45,907,0,13,51,9,0,0,0,146,7,37,15.9,76,75.7,81,13,3,28,0,1.50,39,34,+5,+0.17,+0.71,45.4,34.5,+10.9,+0.38,+0.33,,,,,,,,,,,,,,,,,,,,,,,,,,,,,,,,,,,,,,,,,
521,12.9,3,0.23,2,1,0,0,0,0,0,0.00,0,0,0,0,0,0,Łukasz Fabiański,14,13,"1,160",0,0,0,0,0,0,2,0,0.0,0.0,0.0,0.0,0,0,0,0.00,0.00,0.00,0.00,0.00,0.00,0.00,0.00,0.00,0.00,0,0,,0.00,0.00,,,,0,,0.0,0.0,332,495,67.1,9586,6808,59,59,100.0,159,160,99.4,114,275,41.5,0.0,0.0,0,5,0,0,351,143,43,0,0,0,0,0,0,0,0,1,0,0,0,0,0,0,0,1,0.0,1,0,0,0,0,0,5,1,530,414,525,5,0,0,530,3,3,100.0,0,0.0,285,1485,890,0,0,0,0,248,0,2,1,0,0,2,0,5,3,1,75.0,83,33.9,86,12,1,45,21,1.50,17,21,-4,-0.31,+0.17,16.9,22.4,-5.5,-0.43,-0.14,14,13,"1,160",21,1.63,71,50,74.6,6,3,4,2,15.4,3,3,0,0,0.0,1,3,0,22.6,0.29,+1.6,+0.12,77,226,34.1,394,55,41.9,35.5,100,61.0,45.1,220,10,4.5,12,0.93,13.1
291,31.3,17,0.54,15,0,0,1,0,1,0,0.00,0,0,0,0,0,0,Wout Faes,34,30,"2,815",1,0,1,1,0,0,4,0,1.5,1.5,0.1,1.6,12,86,1,0.03,0.00,0.03,0.03,0.03,0.05,0.00,0.05,0.05,0.05,12,1,8.3,0.38,0.03,0.08,1.00,9.7,0,0.13,-0.5,-0.5,1376,1564,88.0,25369,9014,537,569,94.4,724,763,94.9,110,204,53.9,0.4,-0.1,4,83,6,0,1507,54,27,2,7,5,6,0,0,0,0,3,7,42,26,26,14,2,25,48,52.1,23,48,35,13,26,68,185,4,1906,318,962,885,68,27,1906,6,5,83.3,1,16.7,1107,5050,2928,13,2,17,6,1268,0,23,11,1,0,0,0,90,45,36,55.6,83,82.3,90,30,4,29,1,0.71,29,63,-34,-1.09,+0.85,27.7,57.3,-29.6,-0.94,+0.50,,,,,,,,,,,,,,,,,,,,,,,,,,,,,,,,,,,,,,,,,
570,6.4,17,2.64,10,0,2,1,4,0,3,0.47,2,0,0,1,0,0,Abdul Fatawu Issahaku,11,6,579,0,2,2,0,0,0,0,0,0.4,0.4,1.6,2.0,42,17,60,0.00,0.31,0.31,0.00,0.31,0.06,0.24,0.31,0.06,0.31,13,5,38.5,2.02,0.78,0.00,0.00,31.2,0,0.03,-0.4,-0.4,123,197,62.4,2150,601,59,81,72.8,45,59,76.3,16,33,48.5,1.4,+0.4,6,7,7,2,186,11,1,2,2,30,9,1,0,0,0,0,18,21,15,13,2,6,11,19,57.9,8,7,0,7,4,25,12,0,326,19,73,114,157,26,326,69,29,42.0,28,40.6,217,1869,1055,24,15,18,12,216,0,11,20,2,0,0,0,38,14,13,51.9,53,16.9,86,5,5,12,0,0.91,7,14,-7,-1.09,+0.18,6.8,10.7,-3.9,-0.60,+0.52,,,,,,,,,,,,,,,,,,,,,,,,,,,,,,,,,,,,,,,,,
621,4.1,18,4.38,12,0,2,3,1,0,3,0.73,1,0,1,0,1,0,João Félix,12,3,369,1,1,2,1,0,0,2,0,2.2,2.2,1.0,3.2,21,26,30,0.24,0.24,0.49,0.24,0.49,0.54,0.23,0.78,0.54,0.78,20,5,25.0,4.88,1.22,0.05,0.20,15.9,0,0.11,-1.2,-1.2,171,199,85.9,2588,663,95,105,90.5,62,68,91.2,10,15,66.7,0.5,0.0,6,22,8,0,193,5,2,2,1,0,3,0,0,0,0,1,5,8,3,2,5,1,5,9,55.6,4,2,0,2,3,11,2,0,272,2,26,128,125,30,272,31,10,32.3,14,45.2,193,1248,712,13,5,6,4,218,0,6,17,1,0,0,0,22,4,5,44.4,31,10.8,75,1,9,16,8,2.25,10,4,+6,+1.46,+1.02,13.8,5.7,+8.1,+1.98,+1.61,,,,,,,,,,,,,,,,,,,,,,,,,,,,,,,,,,,,,,,,,
123,1.7,4,2.31,2,0,1,1,0,0,0,0.00,0,0,0,0,0,0,Evan Ferguson,8,1,156,0,0,0,0,0,0,0,0,0.6,0.6,0.3,0.9,1,1,7,0.00,0.00,0.00,0.00,0.00,0.32,0.17,0.50,0.32,0.50,5,1,20.0,2.88,0.58,0.00,0.00,17.2,0,0.11,-0.6,-0.6,28,37,75.7,375,21,21,26,80.8,5,7,71.4,1,2,50.0,0.3,-0.3,2,1,0,0,35,1,0,1,1,0,0,0,0,0,0,1,0,3,1,0,1,2,0,0,,0,2,1,1,1,4,1,0,66,1,6,30,31,10,66,5,3,60.0,2,40.0,31,123,41,1,1,8,5,42,0,1,2,0,0,0,0,8,5,10,33.3,20,4.6,45,0,7,16,4,1.13,0,2,-2,-1.15,-0.77,1.9,1.3,+0.6,+0.36,+0.72,,,,,,,,,,,,,,,,,,,,,,,,,,,,,,,,,,,,,,,,,
140,2.7,4,1.47,3,0,1,0,0,0,0,0.00,0,0,0,0,0,0,Evan Ferguson,13,2,246,1,0,1,1,0,0,0,0,0.5,0.5,0.4,1.0,2,1,9,0.37,0.00,0.37,0.37,0.37,0.20,0.15,0.35,0.20,0.35,7,2,28.6,2.56,0.73,0.14,0.50,19.2,1,0.08,+0.5,+0.5,43,58,74.1,484,44,31,36,86.1,8,11,72.7,1,4,25.0,0.4,-0.4,3,1,0,0,52,5,0,0,0,0,0,0,0,0,0,1,1,4,3,0,3,1,2,5,40.0,3,3,1,2,0,4,4,0,88,7,13,50,26,9,88,2,1,50.0,1,50.0,42,183,56,1,2,5,6,52,0,3,1,0,0,0,0,10,4,9,30.8,19,7.2,65,0,11,11,2,0.92,4,7,-3,-1.10,-1.38,2.9,4.8,-1.9,-0.71,-0.88,,,,,,,,,,,,,,,,,,,,,,,,,,,,,,,,,,,,,,,,,
366,33.5,193,5.76,136,37,5,6,7,2,13,0.39,10,2,0,1,0,0,Bruno Fernandes,36,35,"3,018",8,10,18,5,3,3,5,2,9.9,7.6,8.5,16.1,77,325,129,0.24,0.30,0.54,0.15,0.45,0.30,0.25,0.55,0.23,0.48,93,26,28.0,2.77,0.78,0.05,0.19,22.6,12,0.08,-1.9,-2.6,1707,2242,76.1,30541,10698,802,919,87.3,629,769,81.8,223,405,55.1,8.0,+1.5,91,214,85,11,1988,237,98,31,22,186,19,91,44,22,5,17,55,84,50,27,38,19,34,85,40.0,51,35,6,29,26,110,35,3,2649,62,428,1263,983,80,2646,67,28,41.8,33,49.3,1542,7244,3866,65,14,43,43,1853,1,32,40,2,0,0,0,213,22,28,44.0,84,88.2,85,28,1,32,1,1.17,41,43,-2,-0.06,+1.73,48.5,45.2,+3.2,+0.10,+1.10,,,,,,,,,,,,,,,,,,,,,,,,,,,,,,,,,,,,,,,,,
623,32.3,78,2.41,44,14,6,6,6,2,7,0.22,4,2,0,0,0,1,Mateus Fernandes,36,34,"2,909",2,4,6,2,0,0,8,0,4.0,4.0,3.0,7.0,76,145,108,0.06,0.12,0.19,0.06,0.19,0.12,0.09,0.22,0.12,0.22,42,14,33.3,1.30,0.43,0.05,0.14,18.7,4,0.10,-2.0,-2.0,1087,1361,79.9,18406,4369,510,580,87.9,415,483,85.9,110,196,56.1,3.6,+1.0,34,98,27,6,1184,175,61,9,10,113,10,54,39,14,0,2,36,89,48,45,28,16,33,72,45.8,39,43,8,35,28,117,35,7,1760,72,385,867,547,49,1760,109,49,45.0,49,45.0,897,5736,3143,70,9,58,36,1077,0,46,55,4,0,0,0,179,15,9,62.5,81,85.1,84,19,2,30,0,0.33,25,66,-41,-1.27,+2.08,27.4,69.2,-41.7,-1.29,+0.55,,,,,,,,,,,,,,,,,,,,,,,,,,,,,,,,,,,,,,,,,
168,32.7,147,4.49,116,16,2,4,4,5,16,0.49,13,2,0,1,0,0,Enzo Fernández,36,32,"2,947",6,7,13,6,0,0,8,0,6.1,6.1,6.8,12.9,60,212,126,0.18,0.21,0.40,0.18,0.40,0.19,0.21,0.39,0.19,0.39,53,20,37.7,1.62,0.61,0.11,0.30,18.1,2,0.11,-0.1,-0.1,1518,1900,79.9,26776,7512,700,789,88.7,626,737,84.9,157,273,57.5,6.2,+0.2,77,167,41,7,1757,134,53,14,26,109,4,74,44,12,1,9,46,65,33,17,30,18,31,84,36.9,53,43,7,36,13,78,23,4,2210,37,346,1129,751,81,2210,55,26,47.3,21,38.2,1211,5652,2735,55,9,29,28,1622,0,52,54,2,0,0,0,156,14,29,32.6,82,86.2,89,26,4,25,0,1.75,56,37,+19,+0.58,+0.20,57.7,38.1,+19.6,+0.60,+0.43,,,,,,,,,,,,,,,,,,,,,,,,,,,,,,,,,,,,,,,,,
91,36.4,10,0.27,6,4,0,0,0,0,2,0.05,0,2,0,0,0,0,Mark Flekken,37,37,"3,275",0,2,2,0,0,0,1,0,0.0,0.0,0.5,0.5,0,0,0,0.00,0.05,0.05,0.00,0.05,0.00,0.01,0.01,0.00,0.01,0,0,,0.00,0.00,,,,0,,0.0,0.0,1254,1717,73.0,37000,25308,154,157,98.1,678,695,97.6,422,858,49.2,0.1,+1.5,3,50,2,0,1367,343,131,0,5,0,0,0,0,0,0,7,0,4,4,4,0,0,3,9,33.3,6,2,0,2,0,4,26,4,1824,1436,1777,52,0,0,1824,1,1,100.0,0,0.0,1122,5725,3253,0,0,3,0,1015,0,0,3,0,0,0,0,39,4,0,100.0,89,95.8,89,36,0,,0,1.51,66,55,+11,+0.30,+1.54,55.9,54.0,+1.9,+0.05,-0.97,37,37,"3,275",55,1.51,203,150,73.4,16,8,13,7,18.9,1,1,0,0,0.0,0,2,2,52.7,0.26,-0.3,-0.01,249,659,37.8,1498,122,33.7,34.4,212,72.6,54.8,581,46,7.9,34,0.93,11.5
348,19.7,88,4.46,58,18,3,6,3,0,9,0.46,5,1,0,3,0,0,Phil Foden,28,20,"1,777",7,2,9,7,0,0,2,0,5.2,5.2,4.8,9.9,50,103,128,0.35,0.10,0.46,0.35,0.46,0.26,0.24,0.50,0.26,0.50,54,16,29.6,2.73,0.81,0.13,0.44,18.6,2,0.10,+1.8,+1.8,791,941,84.1,12385,2615,469,516,90.9,242,271,89.3,67,112,59.8,5.3,-2.8,43,41,39,6,854,83,21,7,2,80,5,46,30,8,1,4,26,13,5,5,4,4,7,18,38.9,11,13,1,12,9,22,7,1,1139,13,85,382,681,83,1139,43,14,32.6,23,53.5,722,3720,1782,30,17,36,31,894,0,5,34,3,0,0,0,61,3,9,25.0,63,52.0,81,10,8,20,5,1.54,30,24,+6,+0.30,-0.90,31.2,28.8,+2.4,+0.12,-0.86,,,,,,,,,,,,,,,,,,,,,,,,,,,,,,,,,,,,,,,,,
189,13.0,15,1.15,12,1,1,1,0,0,0,0.00,0,0,0,0,0,0,Wesley Fofana,14,14,"1,172",0,0,0,0,0,0,7,0,0.4,0.4,0.4,0.8,19,32,4,0.00,0.00,0.00,0.00,0.00,0.03,0.03,0.07,0.03,0.06,3,0,0.0,0.23,0.00,0.00,,10.6,0,0.13,-0.4,-0.4,724,803,90.2,12262,3415,306,326,93.9,385,416,92.5,26,42,61.9,0.2,-0.4,6,54,1,0,758,44,23,0,0,1,20,0,0,0,0,1,4,13,12,6,7,0,6,14,42.9,8,14,9,5,14,27,55,2,933,81,370,523,55,10,933,15,8,53.3,3,20.0,557,3149,1614,12,1,16,5,665,0,24,16,0,0,0,0,54,27,12,69.2,84,34.3,84,10,0,,1,2.00,25,13,+12,+0.92,+0.56,23.2,15.6,+7.7,+0.59,+0.08,,,,,,,,,,,,,,,,,,,,,,,,,,,,,,,,,,,,,,,,,
655,2.7,5,1.89,3,0,2,0,0,0,1,0.38,1,0,0,0,0,0,Carlos Forbs,10,1,239,0,0,0,0,0,0,2,0,0.1,0.1,0.0,0.2,10,8,28,0.00,0.00,0.00,0.00,0.00,0.05,0.01,0.07,0.05,0.07,2,0,0.0,0.75,0.00,0.00,,19.1,0,0.07,-0.1,-0.1,60,91,65.9,788,228,39,51,76.5,19,26,73.1,1,5,20.0,0.1,0.0,1,2,3,1,89,2,0,0,0,9,2,0,0,0,0,0,9,8,5,5,2,1,4,6,66.7,2,3,0,3,1,9,2,1,121,3,23,39,60,13,121,12,7,58.3,5,41.7,75,468,321,3,8,7,4,85,0,2,1,0,0,0,0,11,1,3,25.0,24,7.0,67,0,9,19,17,0.80,7,9,-2,-0.75,-0.39,3.2,8.4,-5.2,-1.97,-1.71,,,,,,,,,,,,,,,,,,,,,,,,,,,,,,,,,,,,,,,,,
488,7.0,0,0.00,0,0,0,0,0,0,0,0.00,0,0,0,0,0,0,Fraser Forster,7,7,630,0,0,0,0,0,0,0,0,0.0,0.0,0.0,0.0,0,0,0,0.00,0.00,0.00,0.00,0.00,0.00,0.00,0.00,0.00,0.00,0,0,,0.00,0.00,,,,0,,0.0,0.0,168,198,84.8,3349,2105,54,55,98.2,86,90,95.6,23,47,48.9,0.0,0.0,0,1,0,0,125,72,16,0,1,0,0,0,0,0,0,1,0,0,0,0,0,0,0,1,0.0,1,0,0,0,0,0,7,3,228,212,228,0,0,0,228,1,1,100.0,0,0.0,113,501,264,0,0,1,0,94,0,0,0,0,0,0,0,1,1,0,100.0,90,18.4,90,7,0,,11,0.71,14,15,-1,-0.14,-0.14,11.1,16.0,-4.9,-0.70,-0.72,7,7,630,15,2.14,42,27,69.0,1,2,4,1,14.3,2,2,0,0,0.0,0,1,0,16.5,0.36,+1.5,+0.21,11,31,35.5,141,30,21.3,27.2,56,1.8,14.6,81,4,4.9,3,0.43,11.1
208,0.6,3,4.91,2,0,0,1,0,0,0,0.00,0,0,0,0,0,0,Matheus França,4,0,55,1,0,1,1,0,0,0,0,0.3,0.3,0.0,0.3,4,3,4,1.64,0.00,1.64,1.64,1.64,0.42,0.00,0.42,0.42,0.42,6,3,50.0,9.82,4.91,0.17,0.33,15.8,0,0.04,+0.7,+0.7,10,17,58.8,155,75,6,7,85.7,4,6,66.7,0,0,,0.2,0.0,0,1,0,0,14,1,0,0,0,1,0,0,0,0,0,2,1,2,0,0,2,0,0,0,,0,1,1,0,1,3,1,0,33,2,5,11,17,7,33,0,0,,0,,20,130,85,1,3,2,0,22,0,0,0,0,0,0,0,3,1,2,33.3,,,,,,,,,,,,,,,,,,,,,,,,,,,,,,,,,,,,,,,,,,,,,,,,,,,,,,,,,,,
397,3.4,5,1.47,5,0,0,0,0,0,0,0.00,0,0,0,0,0,0,Ryan Fraser,8,4,306,0,0,0,0,0,0,0,1,0.0,0.0,0.1,0.1,10,8,18,0.00,0.00,0.00,0.00,0.00,0.01,0.03,0.04,0.01,0.04,1,1,100.0,0.29,0.29,0.00,0.00,31.6,0,0.03,0.0,0.0,77,103,74.8,1121,208,43,46,93.5,28,40,70.0,3,10,30.0,0.1,-0.1,2,3,1,0,97,5,0,0,0,12,3,2,2,0,0,1,2,6,2,2,4,0,4,6,66.7,2,1,1,0,1,7,9,0,131,12,45,50,37,3,131,3,2,66.7,1,33.3,74,492,252,5,2,4,2,94,0,1,4,1,0,1,0,10,2,3,40.0,38,8.9,60,0,4,17,5,0.25,4,10,-6,-1.76,-0.20,5.6,10.2,-4.6,-1.35,+0.02,,,,,,,,,,,,,,,,,,,,,,,,,,,,,,,,,,,,,,,,,
777,1.8,3,1.63,3,0,0,0,0,0,0,0.00,0,0,0,0,0,0,Tyler Fredricson,2,2,165,0,0,0,0,0,0,0,0,0.0,0.0,0.0,0.0,2,8,0,0.00,0.00,0.00,0.00,0.00,0.00,0.00,0.00,0.00,0.00,0,0,,0.00,0.00,,,,0,,0.0,0.0,110,122,90.2,1932,434,47,50,94.0,54,59,91.5,8,9,88.9,0.0,0.0,0,8,0,0,119,3,3,0,0,0,0,0,0,0,0,0,2,5,3,3,2,0,1,2,50.0,1,2,0,2,1,6,11,0,141,11,64,68,9,1,141,1,1,100.0,0,0.0,86,279,114,1,0,2,0,95,0,0,2,0,0,0,0,12,7,5,58.3,,,,,,,,,,,,,,,,,,,,,,,,,,,,,,,,,,,,,,,,,,,,,,,,,,,,,,,,,,,
589,8.8,22,2.50,20,0,0,2,0,0,2,0.23,1,0,0,1,0,0,Niclas Füllkrug,18,6,790,3,2,5,3,0,0,2,0,2.2,2.2,1.9,4.1,7,14,31,0.34,0.23,0.57,0.34,0.57,0.25,0.22,0.46,0.25,0.46,16,7,43.8,1.82,0.80,0.19,0.43,10.3,0,0.14,+0.8,+0.8,133,198,67.2,1852,314,83,108,76.9,35,58,60.3,7,13,53.8,0.4,+0.1,14,12,5,0,190,7,0,0,2,1,0,0,0,0,0,1,7,4,3,0,1,3,3,4,75.0,1,1,0,1,1,5,16,0,277,19,27,142,110,40,277,8,1,12.5,6,75.0,123,435,215,4,2,18,7,205,0,21,6,10,0,0,0,18,39,52,42.9,44,23.1,74,1,12,29,1,0.94,16,18,-2,-0.23,+0.25,13.2,14.0,-0.9,-0.10,+0.31,,,,,,,,,,,,,,,,,,,,,,,,,,,,,,,,,,,,,,,,,
321,21.5,80,3.72,57,0,9,7,5,2,8,0.37,3,0,3,1,1,0,Cody Gakpo,35,23,"1,935",10,4,14,10,0,0,5,0,7.1,7.1,4.4,11.5,59,52,278,0.47,0.19,0.65,0.47,0.65,0.33,0.20,0.53,0.33,0.53,57,22,38.6,2.65,1.02,0.18,0.45,15.1,0,0.12,+2.9,+2.9,480,634,75.7,6870,1656,298,343,86.9,149,225,66.2,19,36,52.8,3.8,-0.4,38,24,27,8,616,16,4,3,4,74,11,1,0,0,0,2,10,28,16,6,13,9,13,25,52.0,12,23,3,20,12,40,19,1,888,28,91,258,557,110,888,61,31,50.8,21,34.4,605,4320,2208,34,28,45,24,677,0,20,31,5,1,0,0,77,17,26,39.5,55,56.6,73,6,12,21,0,2.20,45,25,+20,+0.93,-0.58,45.3,21.6,+23.8,+1.11,-0.09,,,,,,,,,,,,,,,,,,,,,,,,,,,,,,,,,,,,,,,,,
222,34.0,60,1.76,52,0,1,2,3,2,4,0.12,4,0,0,0,0,0,Idrissa Gana Gueye,37,35,"3,063",0,3,3,0,0,0,9,0,1.1,1.1,1.7,2.8,27,145,27,0.00,0.09,0.09,0.00,0.09,0.03,0.05,0.08,0.03,0.08,27,5,18.5,0.79,0.15,0.00,0.00,25.2,0,0.04,-1.1,-1.1,1230,1422,86.5,20779,5681,607,667,91.0,499,552,90.4,104,144,72.2,2.0,+1.3,19,154,10,3,1388,27,7,2,7,7,7,0,0,0,0,7,22,133,80,61,55,17,58,99,58.6,41,48,9,39,48,181,36,1,1801,72,432,1045,336,21,1801,39,18,46.2,19,48.7,861,4046,1752,27,4,32,38,1048,0,55,46,0,0,0,0,194,24,15,61.5,83,89.6,86,25,2,21,0,1.27,37,39,-2,-0.06,-0.06,37.8,39.9,-2.1,-0.06,+0.54,,,,,,,,,,,,,,,,,,,,,,,,,,,,,,,,,,,,,,,,,
731,3.5,3,0.85,3,0,0,0,0,0,0,0.00,0,0,0,0,0,0,Andrés García,7,5,318,0,0,0,0,0,0,0,0,0.0,0.0,0.2,0.2,26,15,28,0.00,0.00,0.00,0.00,0.00,0.01,0.05,0.06,0.01,0.06,2,0,0.0,0.57,0.00,0.00,,26.6,0,0.02,0.0,0.0,174,201,86.6,2725,577,89,96,92.7,74,82,90.2,7,13,53.8,0.4,-0.2,3,9,8,5,176,25,0,0,0,18,25,0,0,0,0,0,5,9,5,5,3,1,4,8,50.0,4,2,0,2,2,11,10,2,256,8,38,108,112,2,256,18,5,27.8,12,66.7,159,1262,673,13,2,10,6,168,0,1,0,0,0,0,0,15,0,6,0.0,45,9.3,58,1,2,14,9,1.57,7,5,+2,+0.57,+0.42,5.8,6.6,-0.7,-0.21,-0.41,,,,,,,,,,,,,,,,,,,,,,,,,,,,,,,,,,,,,,,,,
372,24.4,83,3.40,64,1,3,9,6,0,6,0.25,4,0,0,1,1,0,Alejandro Garnacho,36,23,"2,199",6,2,8,6,0,0,3,0,7.3,7.3,4.5,11.8,141,56,290,0.25,0.08,0.33,0.25,0.33,0.30,0.19,0.48,0.30,0.48,84,29,34.5,3.44,1.19,0.07,0.21,17.0,0,0.09,-1.3,-1.3,649,823,78.9,9138,1181,405,458,88.4,183,223,82.1,31,52,59.6,2.8,-2.5,37,22,25,5,798,24,3,2,9,56,16,2,1,0,0,1,54,30,18,11,6,13,12,37,32.4,25,19,0,19,13,43,11,2,1159,13,130,364,683,176,1159,89,26,29.2,55,61.8,840,6365,3245,72,67,64,48,888,0,12,43,10,0,0,0,108,3,24,11.1,61,64.3,81,14,13,26,0,1.00,26,36,-10,-0.41,-0.41,35.6,35.0,+0.5,+0.02,+0.15,,,,,,,,,,,,,,,,,,,,,,,,,,,,,,,,,,,,,,,,,
223,17.7,39,2.20,27,11,0,0,0,1,5,0.28,4,1,0,0,0,0,James Garner,21,17,"1,594",0,1,1,0,0,0,5,0,0.7,0.7,1.4,2.1,15,50,30,0.00,0.06,0.06,0.00,0.06,0.04,0.08,0.12,0.04,0.12,12,4,33.3,0.68,0.23,0.00,0.00,20.4,1,0.06,-0.7,-0.7,611,803,76.1,10658,3158,268,309,86.7,270,326,82.8,59,120,49.2,1.4,-0.4,13,60,7,4,687,110,17,2,2,57,42,23,16,4,2,6,23,47,31,25,20,2,24,41,58.5,17,20,4,16,23,70,37,0,977,40,226,511,248,15,977,19,7,36.8,12,63.2,478,2187,842,19,2,16,9,550,0,20,15,0,0,0,0,73,11,13,45.8,76,46.6,87,11,4,28,1,1.57,21,19,+2,+0.11,+0.31,20.3,19.3,+1.0,+0.06,+0.33,,,,,,,,,,,,,,,,,,,,,,,,,,,,,,,,,,,,,,,,,
696,2.0,7,3.44,6,0,1,0,0,0,1,0.49,1,0,0,0,0,0,Tyrique George,8,1,183,1,1,2,1,0,0,1,0,0.2,0.2,0.7,0.9,9,3,22,0.49,0.49,0.98,0.49,0.98,0.10,0.36,0.46,0.10,0.46,3,1,33.3,1.48,0.49,0.33,1.00,15.0,0,0.07,+0.8,+0.8,43,54,79.6,551,85,24,27,88.9,16,19,84.2,0,3,0.0,0.3,+0.3,6,0,1,0,53,1,0,0,0,3,1,0,0,0,0,0,2,2,0,2,0,0,2,3,66.7,1,1,0,1,2,4,1,0,70,1,11,21,39,9,70,5,3,60.0,2,40.0,46,373,209,1,5,3,0,53,0,3,0,2,0,0,0,4,0,4,0.0,23,5.4,80,0,7,15,11,2.25,4,0,+4,+1.97,+1.49,2.4,1.4,+1.0,+0.47,-0.08,,,,,,,,,,,,,,,,,,,,,,,,,,,,,,,,,,,,,,,,,
433,31.1,115,3.69,94,0,3,8,5,5,19,0.61,13,0,0,4,1,1,Morgan Gibbs-White,34,34,"2,803",7,8,15,7,0,0,11,1,6.3,6.3,5.0,11.2,69,164,136,0.22,0.26,0.48,0.22,0.48,0.20,0.16,0.36,0.20,0.36,61,21,34.4,1.96,0.67,0.11,0.33,17.4,4,0.10,+0.7,+0.7,993,1269,78.3,15389,4754,540,634,85.2,336,409,82.2,73,124,58.9,4.7,+3.0,51,128,41,10,1241,18,7,19,12,45,1,1,0,0,0,10,27,43,22,14,23,6,17,33,51.5,16,18,5,13,23,66,29,1,1626,35,185,830,636,92,1626,77,31,40.3,35,45.5,923,5093,2566,52,13,70,44,1226,1,38,40,7,1,0,0,127,40,55,42.1,82,82.0,82,13,0,,0,1.74,49,34,+15,+0.48,+0.92,36.9,40.1,-3.2,-0.10,-0.07,,,,,,,,,,,,,,,,,,,,,,,,,,,,,,,,,,,,,,,,,
124,1.1,3,2.76,3,0,0,0,0,0,0,0.00,0,0,0,0,0,0,Billy Gilmour,2,1,98,0,0,0,0,0,0,0,0,0.1,0.1,0.0,0.1,2,11,2,0.00,0.00,0.00,0.00,0.00,0.07,0.00,0.07,0.07,0.07,1,0,0.0,0.92,0.00,0.00,,25.5,1,0.08,-0.1,-0.1,58,67,86.6,980,346,36,38,94.7,18,22,81.8,4,7,57.1,0.0,0.0,0,12,2,0,65,2,1,1,2,1,0,1,1,0,0,0,0,3,3,2,1,0,3,4,75.0,1,1,0,1,0,3,1,0,73,2,14,46,13,0,73,2,1,50.0,1,50.0,44,210,117,0,0,0,0,58,0,2,3,0,0,0,0,5,0,0,,,,,,,,,,,,,,,,,,,,,,,,,,,,,,,,,,,,,,,,,,,,,,,,,,,,,,,,,,,,
715,1.8,1,0.57,1,0,0,0,0,0,0,0.00,0,0,0,0,0,0,Ben Godfrey,3,2,159,0,0,0,0,0,0,1,0,0.0,0.0,0.0,0.0,2,4,1,0.00,0.00,0.00,0.00,0.00,0.00,0.00,0.00,0.00,0.00,0,0,,0.00,0.00,,,,0,,0.0,0.0,47,57,82.5,657,255,30,33,90.9,16,18,88.9,0,0,,0.0,0.0,0,5,1,0,49,8,1,0,0,0,7,0,0,0,0,0,3,1,0,1,0,0,1,1,100.0,0,1,1,0,2,3,3,0,68,6,26,33,9,1,68,0,0,,0,,33,202,79,2,0,2,1,42,0,1,0,0,0,0,0,2,3,0,100.0,,,,,,,,,,,,,,,,,,,,,,,,,,,,,,,,,,,,,,,,,,,,,,,,,,,,,,,,,,,
605,0.3,1,3.91,1,0,0,0,0,0,0,0.00,0,0,0,0,0,0,Martial Godo,2,0,24,0,0,0,0,0,0,0,0,0.0,0.0,0.1,0.1,2,3,6,0.00,0.00,0.00,0.00,0.00,0.00,0.21,0.21,0.00,0.21,0,0,,0.00,0.00,,,,0,,0.0,0.0,12,17,70.6,214,53,6,8,75.0,5,5,100.0,1,2,50.0,0.1,-0.1,1,0,3,0,15,2,0,0,0,1,2,0,0,0,0,0,2,0,0,0,0,0,0,0,,0,1,0,1,1,1,0,0,25,0,1,7,17,7,25,4,1,25.0,3,75.0,18,155,87,0,2,0,0,15,0,1,0,0,0,0,0,1,0,1,0.0,,,,,,,,,,,,,,,,,,,,,,,,,,,,,,,,,,,,,,,,,,,,,,,,,,,,,,,,,,,
292,0.0,0,0.00,0,0,0,0,0,0,0,0.00,0,0,0,0,0,0,Michael Golding,1,0,1,0,0,0,0,0,0,0,0,0.0,0.0,0.0,0.0,0,0,0,0.00,0.00,0.00,0.00,0.00,0.00,0.00,0.00,0.00,0.00,0,0,,0.00,0.00,,,,0,,0.0,0.0,0,0,,0,0,0,0,,0,0,,0,0,,0.0,0.0,0,0,0,0,0,0,0,0,0,0,0,0,0,0,0,0,0,0,0,0,0,0,0,0,,0,0,0,0,0,0,0,0,0,0,0,0,0,0,0,0,0,,0,,0,0,0,0,0,0,0,0,0,0,0,0,0,0,0,0,0,0,,,,,,,,,,,,,,,,,,,,,,,,,,,,,,,,,,,,,,,,,,,,,,,,,,,,,,,,,,,,
553,33.0,67,2.03,53,1,5,2,2,4,4,0.12,4,0,0,0,0,0,João Gomes,36,35,"2,974",3,1,4,3,0,0,11,1,2.9,2.9,1.2,4.1,59,165,76,0.09,0.03,0.12,0.09,0.12,0.09,0.04,0.12,0.09,0.12,35,7,20.0,1.06,0.21,0.09,0.43,18.3,0,0.08,+0.1,+0.1,1380,1623,85.0,19707,4911,813,896,90.7,430,498,86.3,66,112,58.9,1.9,-0.2,23,122,24,1,1564,56,27,5,9,29,17,1,1,0,0,3,24,116,71,55,53,8,48,110,43.6,62,42,4,38,25,141,33,0,1998,62,431,1105,491,45,1998,65,30,46.2,28,43.1,1059,6216,2843,51,6,43,51,1335,1,70,47,1,0,0,0,200,11,26,29.7,83,87.0,84,18,1,45,0,1.08,45,58,-13,-0.39,+0.01,36.2,49.4,-13.2,-0.40,-0.15,,,,,,,,,,,,,,,,,,,,,,,,,,,,,,,,,,,,,,,,,
563,9.0,22,2.45,18,1,2,1,0,0,1,0.11,0,1,0,0,0,0,Rodrigo Gomes,25,7,810,2,0,2,2,0,0,0,0,0.7,0.7,0.9,1.6,23,27,81,0.22,0.00,0.22,0.22,0.22,0.08,0.10,0.18,0.08,0.18,7,3,42.9,0.78,0.33,0.29,0.67,16.8,0,0.10,+1.3,+1.3,212,309,68.6,3052,1023,121,152,79.6,72,99,72.7,8,28,28.6,0.7,-0.9,12,12,14,4,267,41,1,1,0,23,39,1,0,1,0,1,10,23,15,14,9,0,12,21,57.1,9,8,1,7,7,30,20,1,417,24,101,141,182,29,417,15,5,33.3,7,46.7,217,1388,805,18,7,21,9,246,0,4,6,0,0,0,0,28,8,17,32.0,32,23.7,76,1,18,16,9,1.20,18,20,-2,-0.22,+0.23,10.6,16.1,-5.5,-0.61,-0.30,,,,,,,,,,,,,,,,,,,,,,,,,,,,,,,,,,,,,,,,,
567,29.0,21,0.72,20,0,0,1,0,0,1,0.03,1,0,0,0,0,0,Toti Gomes,31,30,"2,614",0,1,1,0,0,0,7,0,0.7,0.7,0.9,1.7,27,86,18,0.00,0.03,0.03,0.00,0.03,0.03,0.03,0.06,0.03,0.06,7,2,28.6,0.24,0.07,0.00,0.00,11.6,0,0.10,-0.7,-0.7,1473,1714,85.9,24482,8584,677,734,92.2,674,733,92.0,89,171,52.0,0.6,+0.1,9,87,6,3,1618,95,46,0,3,13,35,0,0,0,0,1,21,61,43,42,15,4,37,46,80.4,9,29,17,12,25,86,152,5,2027,217,942,1000,108,17,2027,32,20,62.5,10,31.3,1205,5793,3203,20,0,20,15,1387,0,24,15,4,0,1,0,116,53,26,67.1,84,76.4,87,27,1,14,1,1.32,44,45,-1,-0.03,+1.53,33.6,41.4,-7.7,-0.27,+0.48,,,,,,,,,,,,,,,,,,,,,,,,,,,,,,,,,,,,,,,,,
714,5.7,19,3.32,14,3,0,1,1,0,4,0.70,2,1,0,0,1,0,Diego Gómez,16,4,516,1,0,1,1,0,0,0,0,0.9,0.9,0.7,1.6,8,27,23,0.17,0.00,0.17,0.17,0.17,0.15,0.13,0.28,0.15,0.28,9,3,33.3,1.57,0.52,0.11,0.33,19.6,2,0.09,+0.1,+0.1,243,302,80.5,3715,931,138,159,86.8,84,100,84.0,14,25,56.0,1.2,-0.7,8,14,7,1,283,19,2,4,2,12,1,6,2,3,0,0,9,21,13,11,8,2,12,22,54.5,10,13,0,13,8,29,10,1,403,21,87,212,109,10,403,12,6,50.0,6,50.0,193,746,365,4,0,10,9,247,0,8,3,1,1,0,0,32,10,4,71.4,32,15.1,72,0,12,19,1,1.88,16,13,+3,+0.52,+0.40,14.0,9.1,+4.9,+0.86,+0.88,,,,,,,,,,,,,,,,,,,,,,,,,,,,,,,,,,,,,,,,,
322,13.3,37,2.79,24,0,6,5,1,1,9,0.68,5,0,2,1,1,0,Diogo Jota,26,14,"1,196",6,3,9,6,0,0,2,0,7.9,7.9,1.8,9.8,37,34,88,0.45,0.23,0.68,0.45,0.68,0.60,0.14,0.74,0.60,0.74,51,13,25.5,3.84,0.98,0.12,0.46,12.4,0,0.16,-1.9,-1.9,216,310,69.7,3313,829,113,147,76.9,79,104,76.0,13,23,56.5,1.1,+1.2,11,29,3,1,305,3,0,1,2,8,1,0,0,0,0,2,15,14,8,2,8,4,7,19,36.8,12,9,0,9,8,22,6,0,485,6,35,198,259,97,485,33,11,33.3,20,60.6,263,1500,796,23,21,40,22,333,0,23,14,1,1,0,0,41,22,32,40.7,46,35.0,67,2,12,22,3,2.12,29,12,+17,+1.28,+0.15,28.9,12.0,+16.9,+1.28,+0.20,,,,,,,,,,,,,,,,,,,,,,,,,,,,,,,,,,,,,,,,,
765,8.4,15,1.77,13,0,0,1,1,0,3,0.35,2,0,0,0,1,0,Nicolás González,11,9,760,1,0,1,1,0,0,3,0,0.5,0.5,0.1,0.5,9,50,11,0.12,0.00,0.12,0.12,0.12,0.06,0.01,0.06,0.06,0.06,9,2,22.2,1.07,0.24,0.11,0.50,19.5,0,0.05,+0.5,+0.5,575,625,92.0,8643,1985,332,346,96.0,223,242,92.1,14,22,63.6,0.5,-0.1,1,52,4,0,603,21,19,1,0,1,2,0,0,0,0,1,5,16,6,5,7,4,6,11,54.5,5,9,0,9,8,24,21,0,713,18,116,439,161,10,713,6,1,16.7,3,50.0,425,1824,729,12,3,8,11,535,0,13,5,0,0,0,0,31,16,12,57.1,69,22.2,82,5,2,12,3,2.27,17,7,+10,+1.18,+0.58,16.5,8.5,+8.0,+0.94,+0.52,,,,,,,,,,,,,,,,,,,,,,,,,,,,,,,,,,,,,,,,,
398,27.0,101,3.74,73,10,7,3,8,0,12,0.44,9,1,1,0,1,0,Anthony Gordon,34,28,"2,434",6,5,11,5,1,2,2,0,8.0,6.5,5.0,11.4,121,98,214,0.22,0.18,0.41,0.18,0.37,0.30,0.18,0.48,0.24,0.42,57,16,28.1,2.11,0.59,0.09,0.31,17.0,1,0.11,-2.0,-1.5,720,982,73.3,11128,3642,397,464,85.6,244,312,78.2,56,125,44.8,5.1,0.0,51,65,55,17,857,117,24,9,4,131,34,53,35,7,0,8,38,32,18,9,18,5,12,37,32.4,25,25,2,23,7,39,9,3,1267,16,125,475,687,128,1265,103,38,36.9,47,45.6,818,6099,3295,62,56,36,38,924,0,20,71,8,1,0,0,97,8,8,50.0,72,71.2,81,9,6,26,0,1.68,43,33,+10,+0.37,-0.63,45.7,31.8,+13.8,+0.51,+0.11,,,,,,,,,,,,,,,,,,,,,,,,,,,,,,,,,,,,,,,,,
323,35.1,68,1.94,60,0,5,2,0,1,6,0.17,6,0,0,0,0,0,Ryan Gravenberch,37,37,"3,160",0,4,4,0,0,0,6,1,1.1,1.1,3.1,4.2,70,181,55,0.00,0.11,0.11,0.00,0.11,0.03,0.09,0.12,0.03,0.12,20,5,25.0,0.57,0.14,0.00,0.00,24.5,0,0.06,-1.1,-1.1,1718,1927,89.2,25904,6528,917,991,92.5,680,737,92.3,64,104,61.5,3.5,+0.9,26,151,35,2,1889,32,16,8,7,7,10,0,0,0,0,6,15,69,35,27,29,13,32,56,57.1,24,35,10,25,60,129,59,2,2343,117,509,1354,512,26,2343,81,37,45.7,30,37.0,1396,7452,3742,75,10,55,26,1669,0,47,52,0,0,0,0,193,26,14,65.0,85,92.4,85,27,0,,0,2.27,79,35,+44,+1.25,+0.91,76.2,33.3,+42.8,+1.22,+0.96,,,,,,,,,,,,,,,,,,,,,,,,,,,,,,,,,,,,,,,,,
489,19.5,6,0.31,5,1,0,0,0,0,0,0.00,0,0,0,0,0,0,Archie Gray,28,19,"1,751",0,0,0,0,0,0,1,0,0.0,0.0,0.1,0.2,7,40,17,0.00,0.00,0.00,0.00,0.00,0.00,0.01,0.01,0.00,0.01,1,1,100.0,0.05,0.05,0.00,0.00,24.6,0,0.02,0.0,0.0,1001,1145,87.4,17440,5370,389,423,92.0,537,584,92.0,59,103,57.3,0.2,-0.1,3,43,0,0,1053,88,30,1,3,17,45,4,0,4,0,4,18,16,8,4,8,4,7,17,41.2,10,22,11,11,19,35,50,2,1286,150,609,582,106,3,1286,13,7,53.8,5,38.5,878,4023,1678,5,0,12,11,941,0,17,11,0,0,0,1,69,11,11,50.0,63,51.2,88,17,9,10,10,1.11,30,41,-11,-0.57,-1.10,25.2,38.2,-12.9,-0.66,-1.12,,,,,,,,,,,,,,,,,,,,,,,,,,,,,,,,,,,,,,,,,
349,8.0,47,5.86,41,1,3,0,1,1,2,0.25,1,0,0,0,0,1,Jack Grealish,20,7,721,1,1,2,1,0,0,3,0,1.1,1.1,1.8,3.0,69,52,118,0.12,0.12,0.25,0.12,0.25,0.14,0.23,0.37,0.14,0.37,15,5,33.3,1.87,0.62,0.07,0.20,16.3,0,0.08,-0.1,-0.1,382,436,87.6,5685,986,247,265,93.2,115,131,87.8,18,26,69.2,1.7,-0.8,24,23,16,0,418,18,5,0,0,20,4,9,4,0,0,0,11,9,5,4,2,3,2,5,40.0,3,12,2,10,2,11,6,1,521,15,42,162,324,71,521,29,13,44.8,9,31.0,376,2881,1714,23,46,10,16,423,0,5,25,0,0,0,0,26,1,7,12.5,36,21.1,81,2,13,12,12,2.00,17,10,+7,+0.87,+0.17,14.8,11.2,+3.6,+0.45,-0.11,,,,,,,,,,,,,,,,,,,,,,,,,,,,,,,,,,,,,,,,,
270,24.5,20,0.82,16,1,0,1,1,1,1,0.04,1,0,0,0,0,0,Jacob Greaves,25,25,"2,205",1,0,1,1,0,0,5,0,1.3,1.3,0.3,1.6,11,69,11,0.04,0.00,0.04,0.04,0.04,0.05,0.01,0.06,0.05,0.06,10,4,40.0,0.41,0.16,0.10,0.25,9.7,0,0.13,-0.3,-0.3,962,1121,85.8,15937,6129,444,481,92.3,463,519,89.2,39,88,44.3,0.2,-0.3,5,75,2,0,1041,78,30,0,0,1,23,0,0,0,0,2,4,40,21,20,17,3,22,35,62.9,13,41,26,15,21,61,148,3,1404,276,746,568,95,22,1404,6,4,66.7,1,16.7,619,2881,1268,11,0,10,2,851,0,16,21,1,0,0,0,61,83,40,67.5,88,64.5,88,24,0,,2,0.40,19,53,-34,-1.39,-0.50,20.1,44.2,-24.1,-0.98,+0.07,,,,,,,,,,,,,,,,,,,,,,,,,,,,,,,,,,,,,,,,,
595,7.6,39,5.10,29,6,3,0,1,0,6,0.78,4,2,0,0,0,0,Brajan Gruda,21,8,687,1,4,5,1,0,0,0,0,1.2,1.2,2.1,3.3,22,26,57,0.13,0.52,0.66,0.13,0.66,0.16,0.28,0.43,0.16,0.43,11,5,45.5,1.44,0.66,0.09,0.20,16.9,2,0.11,-0.2,-0.2,187,251,74.5,2759,970,108,128,84.4,46,63,73.0,18,36,50.0,1.9,+1.9,23,12,12,1,211,40,7,2,2,29,10,17,8,7,1,0,3,16,8,6,6,4,7,14,50.0,7,8,0,8,2,18,5,1,344,4,38,120,192,46,344,30,13,43.3,12,40.0,202,1447,662,19,13,14,21,222,0,7,12,1,0,0,0,26,3,5,37.5,33,20.1,64,0,13,14,7,1.38,14,15,-1,-0.13,-0.39,10.8,12.8,-2.1,-0.27,-0.48,,,,,,,,,,,,,,,,,,,,,,,,,,,,,,,,,,,,,,,,,
734,1.6,2,1.26,1,0,0,1,0,0,0,0.00,0,0,0,0,0,0,Albert Grønbaek,4,2,143,0,0,0,0,0,0,0,0,0.1,0.1,0.0,0.1,1,1,3,0.00,0.00,0.00,0.00,0.00,0.07,0.01,0.08,0.07,0.08,2,0,0.0,1.26,0.00,0.00,,22.4,0,0.06,-0.1,-0.1,13,18,72.2,135,43,9,11,81.8,2,4,50.0,0,0,,0.0,0.0,1,2,0,0,18,0,0,0,0,1,0,0,0,0,0,0,1,4,1,1,1,2,3,10,30.0,7,1,1,0,0,4,1,0,38,2,9,14,15,2,38,4,0,0.0,4,100.0,18,79,15,0,1,5,4,21,0,0,1,0,0,0,0,6,2,0,100.0,,,,,,,,,,,,,,,,,,,,,,,,,,,,,,,,,,,,,,,,,,,,,,,,,,,,,,,,,,,
548,11.1,30,2.71,27,0,2,0,1,0,8,0.72,7,0,1,0,0,0,Gonçalo Guedes,29,10,995,2,4,6,2,0,0,1,0,3.2,3.2,1.3,4.5,41,40,79,0.18,0.36,0.54,0.18,0.54,0.29,0.11,0.40,0.29,0.40,27,8,29.6,2.44,0.72,0.07,0.25,18.9,0,0.12,-1.2,-1.2,259,349,74.2,4193,1060,137,158,86.7,97,128,75.8,17,35,48.6,0.9,+2.7,14,18,17,5,312,34,0,1,5,22,14,1,1,0,0,3,10,16,5,2,6,8,4,16,25.0,12,11,0,11,5,21,4,0,484,6,49,199,250,40,484,28,9,32.1,15,53.6,304,2074,1056,27,8,38,18,337,0,15,17,3,0,0,0,36,5,13,27.8,34,29.1,67,1,19,17,4,0.93,16,25,-9,-0.81,-0.59,13.2,18.9,-5.7,-0.51,-0.19,,,,,,,,,,,,,,,,,,,,,,,,,,,,,,,,,,,,,,,,,
200,34.0,44,1.29,36,0,0,4,2,2,5,0.15,4,0,0,0,0,1,Marc Guéhi,34,34,"3,059",3,2,5,3,0,0,9,1,2.0,2.0,1.8,3.7,22,134,10,0.09,0.06,0.15,0.09,0.15,0.06,0.05,0.11,0.06,0.11,15,7,46.7,0.44,0.21,0.20,0.43,10.7,0,0.13,+1.0,+1.0,1473,1765,83.5,28093,11512,549,605,90.7,760,854,89.0,152,274,55.5,2.0,+0.2,16,133,11,3,1664,95,76,7,14,13,6,0,0,0,0,6,9,61,34,36,23,2,31,47,66.0,16,55,23,32,28,89,163,2,2131,311,1051,943,148,39,2131,15,12,80.0,2,13.3,1142,5574,2935,17,1,16,18,1330,1,24,27,1,0,0,3,146,68,58,54.0,90,89.4,90,33,0,,0,1.35,42,42,0,0.00,0.00,53.2,40.6,+12.5,+0.37,+0.67,,,,,,,,,,,,,,,,,,,,,,,,,,,,,,,,,,,,,,,,,
526,1.7,10,6.00,6,1,1,1,1,0,0,0.00,0,0,0,0,0,0,Luis Guilherme,12,1,150,0,0,0,0,0,0,0,0,0.4,0.4,0.1,0.5,4,5,16,0.00,0.00,0.00,0.00,0.00,0.25,0.05,0.30,0.25,0.30,4,1,25.0,2.40,0.60,0.00,0.00,13.6,0,0.10,-0.4,-0.4,58,67,86.6,894,212,37,38,97.4,16,18,88.9,5,8,62.5,0.1,-0.1,3,5,3,2,64,3,0,0,0,8,1,2,0,2,0,0,2,1,0,1,0,0,0,3,0.0,3,7,0,7,3,4,2,0,99,3,19,40,41,5,99,13,7,53.8,4,30.8,51,383,165,3,1,4,3,69,0,0,4,0,0,0,0,7,2,1,66.7,13,4.4,45,0,11,10,22,0.50,2,5,-3,-1.80,-1.44,2.4,2.6,-0.1,-0.09,+0.26,,,,,,,,,,,,,,,,,,,,,,,,,,,,,,,,,,,,,,,,,
394,36.3,133,3.66,119,3,3,1,4,3,18,0.50,17,1,0,0,0,0,Bruno Guimarães,38,38,"3,271",5,6,11,5,0,0,7,0,4.3,4.3,6.1,10.4,64,271,96,0.14,0.17,0.30,0.14,0.30,0.12,0.17,0.29,0.12,0.29,45,13,28.9,1.24,0.36,0.11,0.38,16.4,0,0.10,+0.7,+0.7,1481,1798,82.4,24436,7860,736,810,90.9,581,670,86.7,118,201,58.7,5.4,-0.1,52,180,77,6,1708,81,70,22,14,28,3,5,2,2,0,9,38,83,47,41,30,12,33,69,47.8,36,36,10,26,29,112,44,5,2213,83,445,1131,662,85,2213,78,34,43.6,27,34.6,1400,7763,3483,46,15,56,76,1652,0,65,108,2,0,0,0,188,18,19,48.6,86,95.6,86,21,0,,0,1.74,68,44,+24,+0.66,+2.47,61.4,42.8,+18.6,+0.51,+0.70,,,,,,,,,,,,,,,,,,,,,,,,,,,,,,,,,,,,,,,,,
178,0.8,1,1.22,1,0,0,0,0,0,0,0.00,0,0,0,0,0,0,Marc Guiu,3,0,73,0,0,0,0,0,0,0,0,0.0,0.0,0.0,0.0,0,0,3,0.00,0.00,0.00,0.00,0.00,0.00,0.04,0.04,0.00,0.04,0,0,,0.00,0.00,,,,0,,0.0,0.0,11,16,68.8,110,4,9,13,69.2,1,2,50.0,0,0,,0.0,0.0,1,0,0,0,14,2,0,0,0,0,0,0,0,0,0,0,0,1,1,0,1,0,1,1,100.0,0,0,0,0,0,1,0,0,22,0,2,8,12,3,22,1,0,0.0,1,100.0,12,30,8,0,0,2,0,12,0,0,0,0,0,0,0,2,0,1,0.0,,,,,,,,,,,,,,,,,,,,,,,,,,,,,,,,,,,,,,,,,,,,,,,,,,,,,,,,,,,
625,24.7,88,3.56,67,11,5,4,1,0,13,0.53,10,1,0,1,1,0,İlkay Gündoğan,33,25,"2,223",1,6,7,1,0,0,1,0,3.2,3.2,3.5,6.7,64,127,96,0.04,0.24,0.28,0.04,0.28,0.13,0.14,0.27,0.13,0.27,27,7,25.9,1.09,0.28,0.04,0.14,18.1,2,0.12,-2.2,-2.2,1525,1703,89.5,23600,4511,871,923,94.4,520,565,92.0,102,155,65.8,4.4,+2.5,44,108,23,2,1590,108,33,7,3,60,4,46,31,4,1,5,21,25,13,5,15,5,10,24,41.7,14,15,0,15,13,38,23,0,1892,45,270,929,714,67,1892,41,17,41.5,16,39.0,1118,6209,3000,57,11,29,25,1480,0,15,27,1,1,0,0,116,14,11,56.0,67,65.0,84,12,8,14,4,1.94,53,28,+25,+1.01,+0.79,44.4,35.0,+9.5,+0.38,-0.44,,,,,,,,,,,,,,,,,,,,,,,,,,,,,,,,,,,,,,,,,
171,20.7,58,2.80,57,0,0,1,0,0,4,0.19,4,0,0,0,0,0,Malo Gusto,32,19,"1,862",0,1,1,0,0,0,4,0,1.7,1.7,1.4,3.1,50,119,85,0.00,0.05,0.05,0.00,0.05,0.08,0.07,0.15,0.08,0.15,22,4,18.2,1.06,0.19,0.00,0.00,21.3,0,0.08,-1.7,-1.7,1198,1385,86.5,19538,4892,585,628,93.2,517,585,88.4,68,112,60.7,1.9,-0.4,22,111,19,7,1230,153,37,2,3,53,116,0,0,0,0,2,26,45,29,27,15,3,25,48,52.1,23,29,8,21,24,69,49,5,1595,64,387,772,451,43,1595,16,4,25.0,11,68.8,882,4513,2248,36,8,18,17,1072,0,20,20,2,0,0,0,119,9,15,37.5,58,54.4,84,14,13,20,1,1.66,40,26,+14,+0.68,+0.27,40.5,27.2,+13.4,+0.65,+0.24,,,,,,,,,,,,,,,,,,,,,,,,,,,,,,,,,,,,,,,,,
350,36.4,76,2.09,69,1,2,3,1,0,7,0.19,6,0,1,0,0,0,Joško Gvardiol,37,36,"3,277",5,0,5,5,0,0,2,0,4.6,4.3,2.1,6.3,91,264,121,0.14,0.00,0.14,0.14,0.14,0.13,0.06,0.18,0.12,0.17,40,12,30.0,1.10,0.33,0.13,0.42,12.9,0,0.11,+0.4,+0.7,2454,2721,90.2,39905,10760,1198,1274,94.0,1128,1217,92.7,107,162,66.0,2.9,-2.1,26,247,20,1,2502,211,41,6,11,22,163,0,0,0,0,8,33,58,39,25,21,12,21,40,52.5,19,42,20,22,44,102,122,8,3103,146,764,1549,815,98,3103,43,25,58.1,14,32.6,1997,10574,6002,102,15,29,16,2257,0,16,27,3,0,0,0,137,54,41,56.8,89,95.8,90,33,1,45,1,1.92,70,41,+29,+0.80,+1.43,66.4,43.3,+23.1,+0.63,+2.34,,,,,,,,,,,,,,,,,,,,,,,,,,,,,,,,,,,,,,,,,
351,30.4,71,2.34,51,0,8,10,2,0,9,0.30,6,0,2,1,0,0,Erling Haaland,31,31,"2,736",22,3,25,19,3,4,2,0,22.0,18.8,3.0,21.8,24,20,124,0.72,0.10,0.82,0.62,0.72,0.72,0.10,0.82,0.62,0.72,104,55,52.9,3.42,1.81,0.18,0.35,12.3,1,0.19,0.0,+0.2,255,381,66.9,3086,593,175,246,71.1,59,84,70.2,4,6,66.7,2.0,0.0,29,10,8,1,372,7,0,1,0,3,1,0,0,0,0,2,10,11,6,3,3,5,3,8,37.5,5,12,1,11,5,16,23,0,639,22,40,222,384,190,635,36,13,36.1,20,55.6,310,1494,577,15,23,45,27,478,0,24,13,4,0,0,0,34,57,50,53.3,88,80.0,88,25,0,,1,1.77,58,38,+20,+0.66,-0.39,56.2,40.5,+15.7,+0.52,-0.10,,,,,,,,,,,,,,,,,,,,,,,,,,,,,,,,,,,,,,,,,
399,24.3,63,2.59,44,18,0,0,1,0,6,0.25,5,1,0,0,0,0,Lewis Hall,27,24,"2,189",0,4,4,0,0,0,3,0,0.4,0.4,4.3,4.7,41,123,80,0.00,0.16,0.16,0.00,0.16,0.02,0.18,0.19,0.02,0.19,11,1,9.1,0.45,0.04,0.00,0.00,18.8,0,0.04,-0.4,-0.4,1300,1592,81.7,21999,8891,653,715,91.3,525,617,85.1,104,202,51.5,3.7,-0.3,34,114,17,5,1300,287,68,4,2,110,164,55,45,2,0,5,27,58,41,28,22,8,40,74,54.1,34,33,18,15,18,76,75,3,1820,95,623,804,414,47,1820,21,11,52.4,7,33.3,950,4398,2358,22,13,33,20,1094,0,9,21,1,0,0,0,119,30,31,49.2,81,64.0,87,18,3,30,0,1.63,45,31,+14,+0.58,+0.06,42.5,28.8,+13.7,+0.56,+0.23,,,,,,,,,,,,,,,,,,,,,,,,,,,,,,,,,,,,,,,,,
260,1.5,8,5.37,4,0,3,0,1,0,0,0.00,0,0,0,0,0,0,Ali Al Hamadi,11,0,134,0,0,0,0,0,0,3,0,0.4,0.4,0.1,0.4,4,3,14,0.00,0.00,0.00,0.00,0.00,0.24,0.05,0.28,0.24,0.28,4,0,0.0,2.69,0.00,0.00,,15.7,0,0.09,-0.4,-0.4,25,30,83.3,278,29,20,23,87.0,5,7,71.4,0,0,,0.0,-0.1,2,0,0,0,30,0,0,0,0,0,0,0,0,0,0,0,1,1,0,0,0,1,0,2,0.0,2,0,0,0,0,1,2,0,53,2,6,20,30,9,53,7,4,57.1,3,42.9,29,187,111,3,4,7,4,36,0,8,3,1,0,0,0,4,5,9,35.7,12,3.9,,0,11,12,2,0.82,1,5,-4,-2.69,-1.54,1.4,3.7,-2.3,-1.56,-0.57,,,,,,,,,,,,,,,,,,,,,,,,,,,,,,,,,,,,,,,,,
568,18.0,1,0.06,0,1,0,0,0,0,0,0.00,0,0,0,0,0,0,Arijanet Muric,18,18,"1,620",0,0,0,0,0,0,1,0,0.0,0.0,0.0,0.0,0,1,0,0.00,0.00,0.00,0.00,0.00,0.00,0.00,0.00,0.00,0.00,0,0,,0.00,0.00,,,,0,,0.0,0.0,454,633,71.7,11705,8247,122,122,100.0,215,221,97.3,115,283,40.6,0.0,0.0,0,14,0,0,485,143,49,0,3,0,0,0,0,0,0,5,0,0,0,0,0,0,0,2,0.0,2,0,0,0,0,0,10,5,689,559,672,18,0,0,689,0,0,,0,,405,2088,1178,0,0,3,1,321,0,0,4,0,0,0,0,26,11,1,91.7,90,47.4,90,18,0,,8,0.67,17,33,-16,-0.89,+0.61,17.5,35.2,-17.7,-0.98,+0.05,18,18,"1,620",33,1.83,100,67,70.0,2,6,10,1,5.6,3,3,0,0,0.0,0,2,0,31.4,0.29,-1.6,-0.09,76,229,33.2,534,94,29.6,30.3,94,75.5,54.6,249,39,15.7,20,1.11,12.2
224,23.1,57,2.47,38,9,4,2,4,0,4,0.17,1,0,0,1,2,0,Jack Harrison,34,24,"2,076",1,0,1,1,0,0,0,0,3.5,3.5,3.7,7.2,73,51,127,0.04,0.00,0.04,0.04,0.04,0.15,0.16,0.31,0.15,0.31,29,7,24.1,1.26,0.30,0.03,0.14,16.2,0,0.12,-2.5,-2.5,414,659,62.8,6596,2477,239,295,81.0,122,182,67.0,36,108,33.3,3.1,-3.7,33,28,25,11,588,64,23,4,2,131,8,32,27,0,1,7,33,32,22,12,12,8,15,46,32.6,31,18,2,16,10,42,35,2,948,36,157,336,463,69,948,75,24,32.0,43,57.3,524,3153,1639,36,17,52,41,612,0,13,28,4,1,0,0,73,4,28,12.5,61,60.7,76,8,10,26,4,1.21,20,27,-7,-0.30,-0.64,23.9,31.2,-7.4,-0.32,-0.51,,,,,,,,,,,,,,,,,,,,,,,,,,,,,,,,,,,,,,,,,
461,31.4,37,1.18,32,0,0,3,1,1,2,0.06,1,0,0,1,0,0,Taylor Harwood-Bellis,34,32,"2,825",1,0,1,1,0,0,9,0,1.8,1.8,1.0,2.8,29,125,9,0.03,0.00,0.03,0.03,0.03,0.06,0.03,0.09,0.06,0.09,20,8,40.0,0.64,0.25,0.05,0.13,10.6,0,0.09,-0.8,-0.8,1892,2164,87.4,35252,12592,683,739,92.4,1019,1113,91.6,174,272,64.0,0.7,-1.0,14,178,10,1,2080,81,51,3,9,10,27,0,0,0,0,3,11,28,20,13,12,3,19,35,54.3,16,65,43,22,30,58,141,6,2475,340,1158,1145,182,42,2475,3,3,100.0,0,0.0,1433,6776,3938,27,0,16,5,1792,0,35,14,0,0,0,0,123,63,49,56.3,83,82.6,87,27,2,28,0,0.35,20,65,-45,-1.43,+0.84,26.1,66.8,-40.8,-1.30,+0.42,,,,,,,,,,,,,,,,,,,,,,,,,,,,,,,,,,,,,,,,,
4,20.8,42,2.02,35,0,1,6,0,0,3,0.14,2,0,0,1,0,0,Kai Havertz,23,21,"1,875",9,3,12,9,0,0,5,0,9.5,9.5,2.4,12.0,35,61,113,0.43,0.14,0.58,0.43,0.58,0.46,0.12,0.57,0.46,0.57,53,21,39.6,2.54,1.01,0.17,0.43,11.6,0,0.18,-0.5,-0.5,407,519,78.4,4905,1033,286,340,84.1,95,115,82.6,5,11,45.5,1.7,+0.6,17,27,9,1,511,6,1,1,0,11,5,0,0,0,0,2,11,16,9,3,6,7,4,15,26.7,11,23,4,19,6,22,33,1,785,31,92,287,411,107,785,38,9,23.7,24,63.2,418,2012,954,23,18,44,23,584,0,38,23,14,0,0,0,41,63,78,44.7,82,54.8,88,18,2,18,1,2.13,40,20,+20,+0.96,+0.09,34.2,19.3,+14.9,+0.72,+0.10,,,,,,,,,,,,,,,,,,,,,,,,,,,,,,,,,,,,,,,,,
658,1.9,4,2.12,0,0,1,2,1,0,0,0.00,0,0,0,0,0,0,Ayden Heaven,4,2,170,0,0,0,0,0,0,1,0,0.1,0.1,0.0,0.2,1,7,1,0.00,0.00,0.00,0.00,0.00,0.07,0.01,0.08,0.07,0.08,2,0,0.0,1.06,0.00,0.00,,15.5,0,0.07,-0.1,-0.1,90,106,84.9,1542,458,35,39,89.7,51,56,91.1,3,7,42.9,0.0,0.0,1,4,0,0,104,1,1,0,0,0,0,0,0,0,0,1,3,4,3,1,3,0,2,2,100.0,0,2,2,0,4,8,9,0,136,30,68,60,10,2,136,4,2,50.0,2,50.0,95,491,259,1,0,3,1,93,0,4,4,0,0,0,0,11,2,3,40.0,,,,,,,,,,,,,,,,,,,,,,,,,,,,,,,,,,,,,,,,,,,,,,,,,,,,,,,,,,,
144,32.9,52,1.58,46,2,0,3,1,0,3,0.09,3,0,0,0,0,0,Jan Paul van Hecke,34,33,"2,958",1,1,2,1,0,0,8,1,1.3,1.3,1.5,2.8,55,228,5,0.03,0.03,0.06,0.03,0.06,0.04,0.05,0.09,0.04,0.09,17,5,29.4,0.52,0.15,0.06,0.20,13.9,0,0.08,-0.3,-0.3,2016,2286,88.2,39486,15217,703,752,93.5,1077,1156,93.2,219,334,65.6,1.4,-0.5,15,226,17,4,2146,138,104,4,19,11,8,0,0,0,0,2,7,45,29,24,19,2,23,41,56.1,18,37,22,15,24,69,142,2,2589,272,1094,1350,166,33,2589,11,5,45.5,4,36.4,1715,10633,7191,46,0,12,7,1820,1,25,24,0,0,0,0,131,82,50,62.1,87,86.5,89,30,1,9,0,1.59,55,47,+8,+0.24,+0.44,49.7,44.3,+5.4,+0.17,+0.42,,,,,,,,,,,,,,,,,,,,,,,,,,,,,,,,,,,,,,,,,
550,7.3,9,1.22,8,0,0,1,0,0,1,0.14,1,0,0,0,0,0,Hwang Hee-chan,21,5,661,2,0,2,2,0,0,0,0,0.8,0.8,0.1,0.9,15,12,42,0.27,0.00,0.27,0.27,0.27,0.11,0.02,0.13,0.11,0.13,5,3,60.0,0.68,0.41,0.40,0.67,17.4,0,0.16,+1.2,+1.2,166,204,81.4,2152,420,110,126,87.3,43,51,84.3,4,5,80.0,0.3,-0.1,3,7,4,2,189,14,2,1,0,8,6,0,0,0,0,1,9,6,4,2,1,3,2,6,33.3,4,9,0,9,2,8,11,0,271,10,42,105,126,24,271,14,2,14.3,12,85.7,159,989,448,5,7,14,10,181,0,6,9,0,0,0,0,28,3,9,25.0,31,19.3,69,1,16,20,8,0.86,8,19,-11,-1.50,-1.37,8.5,12.7,-4.2,-0.57,-0.24,,,,,,,,,,,,,,,,,,,,,,,,,,,,,,,,,,,,,,,,,
201,38.0,4,0.11,3,1,0,0,0,0,0,0.00,0,0,0,0,0,0,Dean Henderson,38,38,"3,420",0,0,0,0,0,0,3,0,0.0,0.0,0.2,0.2,0,0,0,0.00,0.00,0.00,0.00,0.00,0.00,0.00,0.00,0.00,0.00,1,0,0.0,0.03,0.00,0.00,,14.9,0,0.01,0.0,0.0,745,1216,61.3,20401,13551,180,181,99.4,350,353,99.2,211,677,31.2,0.1,-0.2,3,23,1,0,842,373,100,0,0,0,0,0,0,0,0,1,1,2,1,2,0,0,2,6,33.3,4,0,0,0,0,2,22,0,1308,1065,1303,4,1,1,1308,0,0,,0,,751,4483,2136,0,0,2,0,580,0,0,2,0,0,0,0,26,11,1,91.7,90,100.0,90,38,0,,0,1.39,51,51,0,0.00,,60.4,49.1,+11.3,+0.30,,38,38,"3,420",51,1.34,150,101,66.7,13,14,11,11,28.9,2,1,1,0,50.0,1,5,3,51.2,0.35,+3.2,+0.08,157,600,26.2,942,115,47.5,38.5,273,56.0,44.9,559,30,5.4,40,1.05,14.3
92,1.1,2,1.84,2,0,0,0,0,0,1,0.92,1,0,0,0,0,0,Rico Henry,5,0,99,0,0,0,0,0,0,0,0,0.0,0.0,0.0,0.0,0,4,5,0.00,0.00,0.00,0.00,0.00,0.00,0.00,0.00,0.00,0.00,0,0,,0.00,0.00,,,,0,,0.0,0.0,33,49,67.3,503,195,20,29,69.0,13,17,76.5,0,2,0.0,0.0,0.0,0,4,0,0,39,10,0,0,0,2,10,0,0,0,0,0,3,2,2,1,0,1,0,4,0.0,4,4,1,3,1,3,2,0,66,6,22,29,16,1,66,3,0,0.0,2,66.7,30,149,60,1,0,3,2,27,0,2,2,0,0,0,0,7,2,1,66.7,20,2.9,,0,5,20,5,2.00,4,3,+1,+0.91,+0.69,2.2,2.0,+0.3,+0.24,+0.15,,,,,,,,,,,,,,,,,,,,,,,,,,,,,,,,,,,,,,,,,
293,26.5,3,0.11,3,0,0,0,0,0,0,0.00,0,0,0,0,0,0,Mads Hermansen,27,27,"2,385",0,0,0,0,0,0,1,0,0.0,0.0,0.0,0.0,0,1,0,0.00,0.00,0.00,0.00,0.00,0.00,0.00,0.00,0.00,0.00,0,0,,0.00,0.00,,,,0,,0.0,0.0,654,1073,61.0,17066,12387,151,155,97.4,312,329,94.8,191,584,32.7,0.0,0.0,0,20,1,0,840,229,86,0,2,0,0,0,0,0,0,4,1,1,1,1,0,0,1,1,100.0,0,1,0,1,0,1,13,4,1147,831,1106,43,0,0,1147,1,1,100.0,0,0.0,734,3625,1904,0,0,1,0,625,0,0,3,0,0,0,0,17,4,1,80.0,88,69.7,88,26,0,,0,0.56,23,58,-35,-1.32,-0.28,22.4,54.1,-31.7,-1.20,-0.54,27,27,"2,385",58,2.19,155,99,64.5,3,6,18,1,3.7,4,3,1,0,25.0,0,3,3,56.4,0.35,+1.4,+0.05,114,471,24.2,926,133,39.2,34.6,143,75.5,51.5,419,26,6.2,26,0.98,13.1
503,23.4,117,4.99,87,8,10,7,5,0,15,0.64,13,0,0,1,1,0,Son Heung-min,30,24,"2,110",7,9,16,6,1,2,1,0,7.2,5.7,8.2,13.9,96,111,265,0.30,0.38,0.68,0.26,0.64,0.31,0.35,0.66,0.24,0.59,55,24,43.6,2.35,1.02,0.11,0.25,17.0,1,0.11,-0.2,+0.3,730,925,78.9,10322,2867,447,498,89.8,206,256,80.5,39,81,48.1,5.1,+0.8,50,40,51,6,853,70,15,4,4,78,12,38,25,5,0,2,26,17,9,3,8,6,5,27,18.5,22,11,0,11,5,22,17,1,1134,16,115,362,668,122,1132,83,29,34.9,41,49.4,761,4914,2613,49,44,25,32,867,0,6,28,12,1,0,0,85,6,12,33.3,70,61.7,79,11,6,35,0,1.13,44,35,+9,+0.38,+1.07,36.2,39.0,-2.8,-0.12,0.00,,,,,,,,,,,,,,,,,,,,,,,,,,,,,,,,,,,,,,,,,
68,5.0,8,1.61,5,2,0,0,0,1,1,0.20,1,0,0,0,0,0,James Hill,10,6,448,0,1,1,0,0,0,1,0,0.3,0.3,0.3,0.6,3,16,8,0.00,0.20,0.20,0.00,0.20,0.06,0.05,0.11,0.06,0.11,6,0,0.0,1.21,0.00,0.00,,13.9,0,0.05,-0.3,-0.3,159,245,64.9,3098,1094,51,67,76.1,85,110,77.3,21,58,36.2,0.3,+0.7,3,20,6,0,212,33,3,0,0,10,30,0,0,0,0,0,5,15,8,6,6,3,3,11,27.3,8,5,0,5,9,24,31,0,319,19,99,167,54,8,319,2,1,50.0,1,50.0,146,552,295,6,0,2,0,179,0,7,5,0,0,0,0,13,14,12,53.8,45,13.1,68,1,4,11,21,1.30,7,9,-2,-0.40,-0.83,10.5,8.5,+1.9,+0.39,-0.02,,,,,,,,,,,,,,,,,,,,,,,,,,,,,,,,,,,,,,,,,
126,20.5,35,1.71,28,4,0,2,1,0,3,0.15,3,0,0,0,0,0,Jack Hinshelwood,26,22,"1,842",5,2,7,5,0,0,5,0,2.7,2.7,1.5,4.2,19,68,54,0.24,0.10,0.34,0.24,0.34,0.13,0.07,0.21,0.13,0.21,18,10,55.6,0.88,0.49,0.28,0.50,12.2,0,0.15,+2.3,+2.3,870,1046,83.2,13114,3047,510,562,90.7,280,333,84.1,56,107,52.3,1.5,+0.5,17,36,9,2,927,118,27,0,8,27,75,8,4,1,1,1,11,27,19,8,10,9,11,27,40.7,16,10,3,7,16,43,37,1,1199,50,322,560,323,35,1199,11,2,18.2,8,72.7,590,2435,1189,20,2,18,3,762,0,18,9,0,0,0,0,63,20,16,55.6,71,53.9,82,12,4,11,0,1.73,39,30,+9,+0.44,+0.55,31.9,29.7,+2.1,+0.10,-0.01,,,,,,,,,,,,,,,,,,,,,,,,,,,,,,,,,,,,,,,,,
272,7.3,9,1.22,7,0,0,1,1,0,3,0.41,2,0,0,1,0,0,George Hirst,26,5,661,3,1,4,3,0,0,3,0,2.1,2.1,0.3,2.5,9,13,31,0.41,0.14,0.54,0.41,0.54,0.29,0.05,0.34,0.29,0.34,14,7,50.0,1.91,0.95,0.21,0.43,11.3,0,0.15,+0.9,+0.9,69,122,56.6,785,188,49,72,68.1,13,26,50.0,1,3,33.3,0.3,+0.7,4,1,4,0,121,0,0,0,0,3,0,0,0,0,0,1,5,3,3,1,0,2,1,4,25.0,3,1,1,0,2,5,10,0,188,12,28,61,101,28,188,6,2,33.3,3,50.0,101,529,211,2,7,21,16,161,0,13,12,3,0,0,0,12,32,23,58.2,25,19.3,72,0,21,14,0,0.50,10,16,-6,-0.82,+0.49,7.1,15.0,-7.9,-1.08,-0.08,,,,,,,,,,,,,,,,,,,,,,,,,,,,,,,,,,,,,,,,,
225,0.1,0,0.00,0,0,0,0,0,0,0,0.00,0,0,0,0,0,0,Mason Holgate,1,0,6,0,0,0,0,0,0,0,0,0.0,0.0,0.0,0.0,0,0,0,0.00,0.00,0.00,0.00,0.00,0.00,0.00,0.00,0.00,0.00,0,0,,0.00,0.00,,,,0,,0.0,0.0,2,2,100.0,55,0,0,0,,1,1,100.0,1,1,100.0,0.0,0.0,0,0,0,0,0,2,0,0,0,0,2,0,0,0,0,0,0,0,0,0,0,0,0,0,,0,0,0,0,0,0,0,0,3,0,0,2,1,0,3,0,0,,0,,1,0,0,0,0,1,0,1,0,0,0,0,0,0,0,0,0,1,0.0,,,,,,,,,,,,,,,,,,,,,,,,,,,,,,,,,,,,,,,,,,,,,,,,,,,,,,,,,,,
795,0.1,0,0.00,0,0,0,0,0,0,0,0.00,0,0,0,0,0,0,Harry Howell,1,0,7,0,0,0,0,0,0,0,0,0.0,0.0,0.0,0.0,0,0,3,0.00,0.00,0.00,0.00,0.00,0.00,0.00,0.00,0.00,0.00,0,0,,0.00,0.00,,,,0,,0.0,0.0,8,9,88.9,100,8,4,4,100.0,3,4,75.0,0,0,,0.1,0.0,0,0,0,0,9,0,0,0,0,0,0,0,0,0,0,0,0,1,1,1,0,0,1,2,50.0,1,1,0,1,0,1,0,0,12,1,1,7,4,3,12,0,0,,0,,9,48,8,0,1,0,0,10,0,0,0,0,0,0,0,0,0,0,,,,,,,,,,,,,,,,,,,,,,,,,,,,,,,,,,,,,,,,,,,,,,,,,,,,,,,,,,,,
434,24.4,94,3.86,74,3,10,3,4,0,11,0.45,7,0,2,0,2,0,Callum Hudson-Odoi,31,25,"2,194",5,2,7,5,0,0,2,0,2.5,2.5,2.7,5.2,130,71,189,0.21,0.08,0.29,0.21,0.29,0.10,0.11,0.21,0.10,0.21,37,17,45.9,1.52,0.70,0.14,0.29,18.3,0,0.07,+2.5,+2.5,691,843,82.0,10242,2075,401,437,91.8,218,266,82.0,44,87,50.6,2.6,-0.7,44,38,33,11,817,23,3,5,6,79,6,5,4,1,0,3,16,22,14,8,8,6,12,18,66.7,6,11,0,11,13,35,12,1,1035,16,117,338,605,74,1035,63,37,58.7,18,28.6,641,5345,3401,61,47,45,23,784,0,12,25,8,1,0,0,92,3,10,23.1,71,64.2,81,8,6,28,1,1.74,38,23,+15,+0.62,+0.84,28.7,26.9,+1.8,+0.07,+0.45,,,,,,,,,,,,,,,,,,,,,,,,,,,,,,,,,,,,,,,,,
203,23.4,67,2.86,42,17,1,2,5,0,6,0.26,2,3,0,1,0,0,Will Hughes,33,24,"2,108",0,3,3,0,0,0,11,0,1.1,1.1,3.1,4.2,20,87,27,0.00,0.13,0.13,0.00,0.13,0.05,0.13,0.18,0.05,0.18,22,1,4.5,0.94,0.04,0.00,0.00,22.3,0,0.05,-1.1,-1.1,737,970,76.0,11688,4132,373,424,88.0,288,349,82.5,48,129,37.2,2.6,-0.1,33,76,15,3,856,106,34,1,2,71,1,54,41,2,0,8,11,66,36,20,33,13,28,62,45.2,34,31,14,17,22,88,28,3,1203,48,295,615,308,17,1203,16,5,31.3,7,43.8,532,2718,1276,24,1,21,30,659,0,65,31,0,0,1,0,121,19,18,51.4,64,61.6,76,3,9,32,0,1.45,31,31,0,0.00,0.00,37.9,30.6,+7.3,+0.31,+0.04,,,,,,,,,,,,,,,,,,,,,,,,,,,,,,,,,,,,,,,,,
580,27.0,43,1.59,40,1,0,1,1,0,3,0.11,3,0,0,0,0,0,Dean Huijsen,32,26,"2,427",3,2,5,3,0,0,10,0,1.9,1.9,2.0,3.9,41,132,10,0.11,0.07,0.19,0.11,0.19,0.07,0.08,0.14,0.07,0.14,18,3,16.7,0.67,0.11,0.17,1.00,11.9,0,0.10,+1.1,+1.1,1355,1625,83.4,27219,10928,449,500,89.8,712,781,91.2,181,304,59.5,1.6,0.0,15,180,7,2,1566,53,32,2,15,12,6,0,0,0,0,6,12,36,26,19,16,1,18,29,62.1,11,40,29,11,51,87,198,4,2021,254,915,971,145,30,2021,5,2,40.0,3,60.0,1118,7072,4349,31,0,20,1,1271,0,31,10,2,0,0,0,105,68,44,60.7,76,71.0,90,26,6,15,6,1.50,42,31,+11,+0.41,+0.32,44.6,37.1,+7.6,+0.28,-0.44,,,,,,,,,,,,,,,,,,,,,,,,,,,,,,,,,,,,,,,,,
274,28.7,81,2.82,59,0,9,6,5,2,6,0.21,6,0,0,0,0,0,Omari Hutchinson,31,30,"2,583",3,2,5,3,0,0,5,0,2.9,2.9,3.5,6.4,97,75,159,0.10,0.07,0.17,0.10,0.17,0.10,0.12,0.22,0.10,0.22,45,18,40.0,1.57,0.63,0.07,0.17,19.6,4,0.06,+0.1,+0.1,690,885,78.0,10875,2022,353,399,88.5,283,339,83.5,38,73,52.1,2.5,-1.5,31,45,27,15,807,70,1,4,2,81,8,5,5,0,0,8,39,32,13,14,10,8,13,48,27.1,35,27,2,25,11,43,15,1,1259,17,200,516,567,92,1259,137,51,37.2,68,49.6,779,6035,2976,39,37,80,58,893,0,30,46,6,0,0,0,110,6,26,18.8,83,75.5,85,18,1,24,1,0.55,25,61,-36,-1.25,-0.18,25.8,50.0,-24.2,-0.84,+0.67,,,,,,,,,,,,,,,,,,,,,,,,,,,,,,,,,,,,,,,,,
375,22.3,34,1.53,22,0,3,5,4,0,1,0.04,0,0,0,0,1,0,Rasmus Højlund,32,23,"2,004",4,0,4,4,0,0,2,0,5.3,5.3,1.8,7.1,28,18,101,0.18,0.00,0.18,0.18,0.18,0.24,0.08,0.32,0.24,0.32,32,13,40.6,1.44,0.58,0.13,0.31,12.9,0,0.16,-1.3,-1.3,251,336,74.7,2741,486,183,226,81.0,42,62,67.7,4,6,66.7,1.1,-1.8,16,14,5,1,310,23,0,2,0,8,0,0,0,0,0,3,6,3,1,0,2,1,0,5,0.0,5,6,0,6,2,5,6,0,515,6,36,251,237,74,515,33,9,27.3,21,63.6,308,1516,655,13,17,63,33,408,0,17,28,13,1,0,0,35,31,94,24.8,63,58.6,78,7,9,24,2,1.03,17,31,-14,-0.63,-0.88,25.9,29.6,-3.8,-0.17,-0.33,,,,,,,,,,,,,,,,,,,,,,,,,,,,,,,,,,,,,,,,,
128,10.7,14,1.31,12,0,1,0,1,0,0,0.00,0,0,0,0,0,0,Igor,13,10,961,0,0,0,0,0,0,4,0,0.0,0.0,0.2,0.2,9,49,1,0.00,0.00,0.00,0.00,0.00,0.00,0.02,0.02,0.00,0.02,1,0,0.0,0.09,0.00,0.00,,14.1,0,0.05,0.0,0.0,671,730,91.9,12145,3851,262,271,96.7,364,384,94.8,42,59,71.2,0.3,-0.2,2,39,2,1,680,48,12,3,4,4,11,0,0,0,0,2,5,5,5,2,2,1,4,10,40.0,6,24,14,10,4,9,39,1,816,109,385,381,54,1,816,6,5,83.3,1,16.7,530,2962,1837,14,0,1,0,606,0,9,6,0,0,0,0,42,8,6,57.1,74,28.1,84,8,3,39,10,1.54,17,17,0,0.00,-0.26,14.9,17.4,-2.5,-0.23,-0.48,,,,,,,,,,,,,,,,,,,,,,,,,,,,,,,,,,,,,,,,,
523,3.2,12,3.80,7,0,1,3,1,0,2,0.63,0,0,0,1,1,0,Danny Ings,15,1,284,1,2,3,1,0,0,0,0,2.3,2.3,1.3,3.5,6,5,29,0.32,0.63,0.95,0.32,0.95,0.72,0.41,1.12,0.72,1.12,14,5,35.7,4.44,1.58,0.07,0.20,15.5,0,0.16,-1.3,-1.3,63,92,68.5,830,126,41,49,83.7,19,29,65.5,1,5,20.0,0.1,+0.7,6,4,1,0,86,5,0,1,0,3,0,0,0,0,0,1,4,4,2,2,2,0,1,3,33.3,2,5,0,5,1,5,4,0,139,2,15,51,73,27,139,7,4,57.1,2,28.6,63,324,118,0,2,6,6,96,0,0,2,0,1,0,0,9,8,10,44.4,19,8.3,45,0,14,17,15,1.07,4,4,0,0.00,+0.46,8.0,4.7,+3.3,+1.05,+1.51,,,,,,,,,,,,,,,,,,,,,,,,,,,,,,,,,,,,,,,,,
226,6.4,10,1.57,6,0,1,0,1,2,1,0.16,1,0,0,0,0,0,Tim Iroegbunam,18,5,574,0,1,1,0,0,0,4,0,0.2,0.2,0.2,0.4,8,15,9,0.00,0.16,0.16,0.00,0.16,0.04,0.03,0.07,0.04,0.07,5,0,0.0,0.78,0.00,0.00,,22.5,0,0.05,-0.2,-0.2,115,158,72.8,1921,621,54,73,74.0,42,50,84.0,14,20,70.0,0.1,+0.8,3,10,1,0,156,0,0,0,0,1,0,0,0,0,0,2,5,29,14,14,10,5,14,23,60.9,9,18,4,14,16,45,12,1,269,24,89,127,60,12,269,20,8,40.0,8,40.0,127,744,379,10,2,11,18,113,0,15,12,0,0,0,0,51,11,4,73.3,32,16.8,83,3,13,12,4,1.00,9,16,-7,-1.10,-1.26,7.7,12.3,-4.7,-0.73,-0.74,,,,,,,,,,,,,,,,,,,,,,,,,,,,,,,,,,,,,,,,,
576,1.8,5,2.68,4,0,1,0,0,0,0,0.00,0,0,0,0,0,0,Andy Irving,10,1,166,0,0,0,0,0,0,2,0,0.1,0.1,0.2,0.4,0,9,4,0.00,0.00,0.00,0.00,0.00,0.06,0.13,0.19,0.06,0.19,4,2,50.0,2.17,1.08,0.00,0.00,26.2,0,0.03,-0.1,-0.1,109,124,87.9,1705,439,61,64,95.3,36,43,83.7,9,9,100.0,0.1,-0.2,1,14,1,1,120,2,2,1,0,2,0,0,0,0,0,2,1,7,4,3,3,1,1,5,20.0,4,5,1,4,1,8,5,0,150,7,37,89,24,0,150,1,1,100.0,0,0.0,73,305,137,1,0,1,3,104,0,6,1,0,0,0,0,10,1,1,50.0,17,4.9,76,0,9,10,15,1.10,1,4,-3,-1.63,-1.27,2.4,4.3,-1.9,-1.03,-0.73,,,,,,,,,,,,,,,,,,,,,,,,,,,,,,,,,,,,,,,,,
401,30.6,92,3.01,70,1,8,9,2,2,14,0.46,11,0,1,0,1,1,Alexander Isak,34,34,"2,756",23,6,29,19,4,4,1,0,20.3,17.2,4.3,21.6,83,88,217,0.75,0.20,0.95,0.62,0.82,0.66,0.14,0.81,0.56,0.70,95,41,43.2,3.10,1.34,0.20,0.46,14.5,3,0.18,+2.7,+1.8,519,689,75.3,7434,1644,306,364,84.1,163,207,78.7,26,42,61.9,3.6,+1.7,41,35,31,1,606,77,0,6,3,16,9,3,0,0,0,6,24,12,5,2,3,7,5,15,33.3,10,18,2,16,3,15,17,1,1025,20,57,386,596,189,1021,91,42,46.2,47,51.6,615,3723,1861,42,43,66,55,740,0,27,14,20,1,0,0,55,26,55,32.1,81,80.6,81,15,0,,0,1.88,62,41,+21,+0.69,+0.69,55.0,36.3,+18.7,+0.61,+0.67,,,,,,,,,,,,,,,,,,,,,,,,,,,,,,,,,,,,,,,,,
247,33.1,122,3.68,106,0,8,6,2,0,16,0.48,13,0,2,1,0,0,Alex Iwobi,38,35,"2,981",9,6,15,9,0,0,1,0,4.7,4.7,7.0,11.8,144,213,246,0.27,0.18,0.45,0.27,0.45,0.14,0.21,0.36,0.14,0.36,68,29,42.6,2.05,0.88,0.13,0.31,18.3,0,0.07,+4.3,+4.3,1150,1532,75.1,19530,5723,582,671,86.7,448,574,78.0,98,184,53.3,7.0,-1.0,59,115,86,19,1487,39,7,15,21,126,24,2,0,1,0,6,52,44,25,14,21,9,22,34,64.7,12,26,1,25,14,58,29,1,1861,33,244,748,895,116,1861,97,48,49.5,42,43.3,1312,8012,4367,105,37,62,40,1447,0,19,18,5,0,0,0,140,7,31,18.4,78,87.2,83,14,3,26,0,1.42,40,45,-5,-0.15,-1.18,39.3,37.5,+1.8,+0.05,+0.04,,,,,,,,,,,,,,,,,,,,,,,,,,,,,,,,,,,,,,,,,
180,24.7,69,2.80,42,0,9,7,9,2,10,0.41,7,0,2,1,0,0,Nicolas Jackson,30,28,"2,220",10,5,15,10,0,0,7,1,12.3,12.3,4.3,16.6,47,38,129,0.41,0.20,0.61,0.41,0.61,0.50,0.17,0.67,0.50,0.67,76,34,44.7,3.08,1.38,0.13,0.29,12.9,0,0.16,-2.3,-2.3,303,399,75.9,4088,884,182,223,81.6,92,118,78.0,9,15,60.0,1.9,+0.7,28,22,10,1,385,12,1,1,0,3,4,0,0,0,0,2,15,22,13,6,7,9,5,10,50.0,5,15,2,13,3,25,15,0,687,19,50,285,361,141,687,61,18,29.5,32,52.5,417,2510,1316,25,32,71,41,514,0,35,29,23,0,0,0,48,21,36,36.8,74,64.9,76,5,2,41,1,1.80,42,23,+19,+0.77,+0.62,43.0,28.4,+14.5,+0.59,+0.14,,,,,,,,,,,,,,,,,,,,,,,,,,,,,,,,,,,,,,,,,
172,11.8,18,1.52,11,5,1,1,0,0,3,0.25,1,0,1,1,0,0,Reece James,19,12,"1,063",1,1,2,1,0,0,1,0,0.4,0.4,0.7,1.1,7,64,12,0.08,0.08,0.17,0.08,0.17,0.04,0.06,0.10,0.04,0.10,11,3,27.3,0.93,0.25,0.09,0.33,23.2,3,0.04,+0.6,+0.6,717,854,84.0,12618,4375,333,357,93.3,317,355,89.3,57,116,49.1,1.2,+0.3,11,80,5,1,731,119,36,4,2,43,64,19,11,5,1,4,10,10,9,6,3,1,3,9,33.3,6,14,6,8,13,23,23,4,952,43,267,516,176,7,952,17,7,41.2,6,35.3,486,1877,822,4,1,7,9,607,0,8,11,0,0,0,0,66,23,9,71.9,56,31.1,76,5,7,22,4,1.63,13,14,-1,-0.08,-0.92,16.6,15.9,+0.8,+0.06,-0.69,,,,,,,,,,,,,,,,,,,,,,,,,,,,,,,,,,,,,,,,,
94,25.0,32,1.28,31,1,0,0,0,0,3,0.12,3,0,0,0,0,0,Vitaly Janelt,32,27,"2,254",1,3,4,1,0,0,3,0,0.8,0.8,2.2,3.0,17,80,38,0.04,0.12,0.16,0.04,0.16,0.03,0.09,0.12,0.03,0.12,14,4,28.6,0.56,0.16,0.07,0.25,17.7,0,0.06,+0.2,+0.2,872,1057,82.5,14466,4279,443,489,90.6,344,403,85.4,66,118,55.9,2.4,+0.8,14,78,23,7,1033,18,12,3,6,30,6,0,0,0,0,6,16,38,22,14,13,11,21,36,58.3,15,33,9,24,27,65,53,1,1289,118,418,574,306,32,1289,12,3,25.0,7,58.3,651,3005,1278,18,3,16,10,814,0,24,15,1,0,0,2,107,19,11,63.3,70,65.9,79,10,5,25,0,1.34,38,38,0,0.00,-0.69,35.5,36.9,-1.4,-0.05,-0.43,,,,,,,,,,,,,,,,,,,,,,,,,,,,,,,,,,,,,,,,,
660,0.1,0,0.00,0,0,0,0,0,0,0,0.00,0,0,0,0,0,0,Vitezslav Jaros,1,0,12,0,0,0,0,0,0,0,0,0.0,0.0,0.0,0.0,0,0,0,0.00,0.00,0.00,0.00,0.00,0.00,0.00,0.00,0.00,0.00,0,0,,0.00,0.00,,,,0,,0.0,0.0,6,8,75.0,302,273,0,0,,1,1,100.0,5,7,71.4,0.0,0.0,0,2,0,0,7,1,0,0,0,0,0,0,0,0,0,0,0,0,0,0,0,0,0,0,,0,0,0,0,0,0,0,0,8,5,8,0,0,0,8,0,0,,0,,7,29,8,0,0,0,0,5,0,0,0,0,0,0,0,0,0,0,,,,,,,,,,,,,,,,,,,,1,0,12,0,0.00,1,1,100.0,0,0,0,1,,0,0,0,0,,0,0,0,0.0,0.03,0.0,+0.25,5,7,71.4,7,2,85.7,50.9,1,100.0,59.0,2,0,0.0,0,0.00,11.0
95,9.6,41,4.28,29,11,1,0,0,0,5,0.52,2,2,1,0,0,0,Mathias Jensen,24,8,862,0,2,2,0,0,0,2,0,0.2,0.2,1.7,1.9,6,61,27,0.00,0.21,0.21,0.00,0.21,0.03,0.17,0.20,0.03,0.20,6,1,16.7,0.63,0.10,0.00,0.00,23.1,0,0.04,-0.2,-0.2,363,486,74.7,6736,2465,170,193,88.1,133,172,77.3,49,90,54.4,1.7,+0.3,16,42,19,3,404,78,15,2,5,33,44,14,11,0,0,4,7,14,10,6,6,2,8,16,50.0,8,15,4,11,8,22,13,2,573,27,126,243,207,9,573,17,9,52.9,6,35.3,300,1296,598,12,0,9,7,350,0,7,10,0,0,0,0,48,8,5,61.5,36,25.2,73,2,16,17,0,1.71,20,17,+3,+0.31,+0.10,17.3,16.0,+1.3,+0.14,+0.06,,,,,,,,,,,,,,,,,,,,,,,,,,,,,,,,,,,,,,,,,
2,6.8,18,2.66,10,0,1,5,1,1,4,0.59,1,0,0,3,0,0,Gabriel Jesus,17,6,608,3,0,3,3,0,0,4,0,3.0,3.0,0.7,3.7,15,19,57,0.44,0.00,0.44,0.44,0.44,0.44,0.10,0.54,0.44,0.54,20,7,35.0,2.96,1.04,0.15,0.43,11.1,0,0.15,0.0,0.0,156,203,76.8,2030,378,103,128,80.5,41,47,87.2,4,6,66.7,0.5,-0.7,8,10,9,1,197,3,0,1,0,7,3,0,0,0,0,3,12,10,6,4,3,3,4,9,44.4,5,10,1,9,4,14,8,0,299,9,28,108,165,48,299,22,9,40.9,10,45.5,179,953,432,6,11,13,13,217,0,14,10,9,0,0,0,28,9,18,33.3,36,17.8,81,2,11,11,1,1.94,15,5,+10,+1.48,+0.68,11.4,5.7,+5.7,+0.85,+0.21,,,,,,,,,,,,,,,,,,,,,,,,,,,,,,,,,,,,,,,,,
252,27.7,66,2.38,48,1,2,9,5,1,7,0.25,4,0,0,1,1,1,Raúl Jiménez,38,30,"2,494",12,3,15,9,3,3,4,0,12.0,9.6,3.3,12.9,35,62,125,0.43,0.11,0.54,0.32,0.43,0.43,0.12,0.55,0.35,0.47,93,30,32.3,3.36,1.08,0.10,0.30,14.5,1,0.10,0.0,-0.6,458,643,71.2,6916,1618,265,326,81.3,138,188,73.4,33,55,60.0,2.1,-0.3,24,41,14,3,635,7,3,3,5,23,4,0,0,0,0,1,28,35,24,9,17,9,8,22,36.4,14,21,5,16,10,45,23,3,999,35,120,431,464,165,996,50,21,42.0,26,52.0,549,2557,1112,24,17,74,45,734,0,39,41,15,1,0,0,80,91,99,47.9,66,72.9,78,9,8,18,0,1.42,31,37,-6,-0.22,-0.80,34.4,33.0,+1.4,+0.05,+0.01,,,,,,,,,,,,,,,,,,,,,,,,,,,,,,,,,,,,,,,,,
96,0.3,0,0.00,0,0,0,0,0,0,0,0.00,0,0,0,0,0,0,Kim Jisoo,3,0,30,0,0,0,0,0,0,0,0,0.0,0.0,0.0,0.0,0,2,0,0.00,0.00,0.00,0.00,0.00,0.00,0.00,0.00,0.00,0.00,0,0,,0.00,0.00,,,,0,,0.0,0.0,25,28,89.3,552,202,8,9,88.9,11,12,91.7,6,7,85.7,0.0,0.0,0,1,0,0,27,1,1,0,0,0,0,0,0,0,0,0,0,0,0,0,0,0,0,0,,0,0,0,0,0,0,2,0,30,1,15,12,3,0,30,0,0,,0,,15,57,22,0,0,0,1,22,0,1,0,0,0,0,0,0,0,0,,,,,,,,,,,,,,,,,,,,,,,,,,,,,,,,,,,,,,,,,,,,,,,,,,,,,,,,,,,,
685,21.6,72,3.32,56,0,3,2,10,1,9,0.42,6,0,0,0,3,0,João Pedro,27,23,"1,948",10,6,16,5,5,5,4,1,8.9,5.0,5.0,10.0,66,78,128,0.46,0.28,0.74,0.23,0.51,0.41,0.23,0.64,0.23,0.46,42,15,35.7,1.94,0.69,0.12,0.33,17.2,0,0.12,+1.1,0.0,482,661,72.9,6847,1766,300,381,78.7,133,177,75.1,29,44,65.9,3.1,+1.0,30,42,36,5,631,26,5,10,3,22,9,4,0,0,0,4,20,16,12,6,6,4,4,11,36.4,7,12,0,12,9,25,12,0,940,12,60,387,508,122,935,86,29,33.7,47,54.7,616,3821,1821,39,30,72,38,732,0,26,46,2,3,1,0,59,41,43,48.8,72,57.0,81,12,4,23,0,1.48,33,27,+6,+0.28,+0.22,36.3,25.7,+10.6,+0.49,+0.88,,,,,,,,,,,,,,,,,,,,,,,,,,,,,,,,,,,,,,,,,
419,26.6,61,2.29,46,2,1,5,1,6,9,0.34,7,0,0,1,0,1,Joelinton,29,29,"2,393",4,3,7,4,0,0,10,0,3.9,3.9,2.5,6.4,40,116,110,0.15,0.11,0.26,0.15,0.26,0.15,0.09,0.24,0.15,0.24,45,13,28.9,1.69,0.49,0.09,0.31,14.0,0,0.09,+0.1,+0.1,863,1043,82.7,12199,3384,529,603,87.7,277,320,86.6,33,55,60.0,2.3,+0.5,23,80,17,2,1014,26,11,7,2,16,14,0,0,0,0,3,23,57,35,23,23,11,25,44,56.8,19,37,7,30,23,80,47,2,1360,67,256,670,448,83,1360,46,15,32.6,28,60.9,729,3598,1786,26,9,39,53,934,0,58,35,7,0,0,0,149,59,46,56.2,83,70.0,83,18,0,,0,1.83,51,32,+19,+0.71,+0.54,46.4,31.5,+14.9,+0.56,+0.27,,,,,,,,,,,,,,,,,,,,,,,,,,,,,,,,,,,,,,,,,
275,15.0,24,1.60,12,9,0,1,2,0,5,0.33,4,0,0,1,0,0,Ben Johnson,23,14,"1,354",1,2,3,1,0,0,5,1,1.1,1.1,1.3,2.3,16,27,33,0.07,0.13,0.20,0.07,0.20,0.07,0.09,0.16,0.07,0.16,7,3,42.9,0.47,0.20,0.14,0.33,12.6,0,0.15,-0.1,-0.1,298,416,71.6,4835,2045,170,197,86.3,101,135,74.8,24,49,49.0,0.9,+0.7,12,22,3,2,333,82,11,2,4,37,58,13,11,1,0,1,23,38,22,23,12,3,20,41,48.8,21,22,5,17,13,51,54,1,626,60,246,220,163,12,626,24,8,33.3,14,58.3,259,1503,585,12,3,23,17,292,1,27,6,1,0,0,0,57,19,18,51.4,59,39.6,85,10,9,19,9,0.74,17,36,-19,-1.26,-0.09,12.8,36.7,-23.9,-1.59,-0.96,,,,,,,,,,,,,,,,,,,,,,,,,,,,,,,,,,,,,,,,,
491,24.2,46,1.90,30,0,6,4,5,1,7,0.29,5,0,1,0,1,0,Brennan Johnson,33,24,"2,177",11,3,14,11,0,0,5,0,10.4,10.4,2.3,12.7,60,71,197,0.45,0.12,0.58,0.45,0.58,0.43,0.09,0.52,0.43,0.52,54,20,37.0,2.23,0.83,0.20,0.55,11.4,0,0.19,+0.6,+0.6,449,638,70.4,5932,1611,274,341,80.4,144,191,75.4,11,34,32.4,2.0,+0.7,19,25,35,6,624,12,0,0,1,53,12,0,0,0,0,2,41,39,26,9,20,10,16,34,47.1,18,25,3,22,4,43,14,0,853,18,98,292,475,125,853,44,19,43.2,22,50.0,544,2939,1460,23,35,26,17,626,0,27,26,12,2,0,0,63,7,20,25.9,66,63.7,79,14,9,31,2,1.03,40,38,+2,+0.08,+0.30,39.5,38.8,+0.7,+0.03,+0.40,,,,,,,,,,,,,,,,,,,,,,,,,,,,,,,,,,,,,,,,,
204,29.0,5,0.17,5,0,0,0,0,0,0,0.00,0,0,0,0,0,0,José Sá,29,29,"2,609",0,0,0,0,0,0,2,0,0.0,0.0,0.2,0.2,0,2,0,0.00,0.00,0.00,0.00,0.00,0.00,0.01,0.01,0.00,0.01,0,0,,0.00,0.00,,,,0,,0.0,0.0,592,924,64.1,15334,10381,120,121,99.2,325,335,97.0,143,460,31.1,0.0,-0.2,3,22,1,0,706,215,65,1,0,0,0,0,0,0,0,3,1,2,2,2,0,0,2,2,100.0,0,0,0,0,0,2,15,1,985,785,976,10,0,0,985,8,8,100.0,0,0.0,630,3790,2483,0,0,1,0,485,0,4,9,0,0,4,0,37,11,1,91.7,90,76.3,90,28,0,,4,1.31,42,48,-6,-0.21,+0.79,35.2,42.0,-6.8,-0.23,+0.62,29,29,"2,609",48,1.66,117,69,63.2,11,5,13,7,24.1,7,5,2,0,28.6,1,6,2,42.8,0.33,-3.2,-0.11,94,382,24.6,771,121,39.3,35.2,150,52.7,41.5,432,32,7.4,43,1.48,15.5
324,19.0,52,2.74,45,1,0,4,2,0,8,0.42,5,1,0,1,1,0,Curtis Jones,33,19,"1,712",3,3,6,3,0,0,3,1,4.3,4.3,1.1,5.4,30,117,79,0.16,0.16,0.32,0.16,0.32,0.23,0.06,0.29,0.23,0.29,34,13,38.2,1.79,0.68,0.09,0.23,17.1,0,0.13,-1.3,-1.3,1021,1097,93.1,15072,3158,584,605,96.5,373,404,92.3,40,53,75.5,1.6,+1.9,22,84,19,1,1037,58,11,2,2,8,28,1,0,0,0,2,10,39,22,6,23,10,17,27,63.0,10,22,9,13,7,46,10,3,1288,41,220,683,393,58,1288,22,12,54.5,8,36.4,789,3889,1892,23,8,26,36,967,1,18,25,1,1,0,0,97,14,13,51.9,52,50.1,76,6,14,19,1,2.09,38,27,+11,+0.58,-1.21,34.6,23.4,+11.1,+0.59,-1.12,,,,,,,,,,,,,,,,,,,,,,,,,,,,,,,,,,,,,,,,,
662,7.8,12,1.54,10,0,0,0,2,0,0,0.00,0,0,0,0,0,0,Jorginho,15,9,704,0,0,0,0,0,0,5,0,0.1,0.1,0.4,0.5,12,48,6,0.00,0.00,0.00,0.00,0.00,0.01,0.05,0.06,0.01,0.06,2,0,0.0,0.26,0.00,0.00,,23.2,0,0.03,-0.1,-0.1,411,474,86.7,6468,1609,215,235,91.5,168,190,88.4,21,36,58.3,0.6,-0.4,3,44,10,0,466,8,7,4,1,1,0,0,0,0,0,0,5,12,4,1,7,4,8,20,40.0,12,3,0,3,7,19,2,2,522,9,93,304,131,3,522,4,1,25.0,2,50.0,302,1498,874,13,0,12,9,389,0,15,17,0,0,0,0,55,1,6,14.3,47,20.6,72,3,6,9,19,2.00,14,7,+7,+0.89,-0.03,13.5,6.0,+7.5,+0.97,+0.37,,,,,,,,,,,,,,,,,,,,,,,,,,,,,,,,,,,,,,,,,
295,32.4,33,1.02,21,2,1,4,5,0,2,0.06,2,0,0,0,0,0,James Justin,36,34,"2,912",2,2,4,2,0,0,6,0,1.5,1.5,0.8,2.3,39,91,96,0.06,0.06,0.12,0.06,0.12,0.05,0.03,0.07,0.05,0.07,25,6,24.0,0.77,0.19,0.08,0.33,16.2,2,0.06,+0.5,+0.5,1205,1541,78.2,18606,5922,625,718,87.0,497,586,84.8,48,136,35.3,0.8,+1.2,14,76,23,8,1268,270,22,1,2,57,248,0,0,0,0,3,40,58,37,29,23,6,32,55,58.2,23,48,17,31,46,104,141,3,1948,151,692,881,387,38,1948,30,9,30.0,13,43.3,866,3649,1788,27,4,31,15,1077,0,29,44,2,0,0,0,88,69,55,55.6,81,85.1,84,23,2,27,1,0.67,31,68,-37,-1.14,+0.63,28.3,62.4,-34.1,-1.05,-0.15,,,,,,,,,,,,,,,,,,,,,,,,,,,,,,,,,,,,,,,,,
581,6.0,1,0.17,1,0,0,0,0,0,0,0.00,0,0,0,0,0,0,Filip Jørgensen,6,6,540,0,0,0,0,0,0,0,0,0.0,0.0,0.0,0.0,0,0,0,0.00,0.00,0.00,0.00,0.00,0.00,0.00,0.00,0.00,0.00,0,0,,0.00,0.00,,,,0,,0.0,0.0,158,189,83.6,2843,1649,64,64,100.0,79,81,97.5,11,40,27.5,0.0,0.0,0,1,0,0,169,20,2,0,0,0,0,0,0,0,0,0,0,0,0,0,0,0,0,0,,0,0,0,0,0,0,0,3,202,174,201,1,0,0,202,0,0,,0,,145,676,423,0,0,0,0,139,0,1,1,0,0,1,0,5,0,0,,90,15.8,90,6,0,,31,1.50,12,9,+3,+0.50,-0.06,14.0,8.8,+5.2,+0.86,+0.39,6,6,540,9,1.50,28,19,71.4,3,0,3,1,16.7,1,1,0,0,0.0,0,1,0,9.3,0.30,+0.3,+0.04,7,33,21.2,171,19,18.1,24.1,18,11.1,17.5,53,2,3.8,2,0.33,13.2
628,4.3,13,3.03,11,0,0,0,1,1,2,0.47,2,0,0,0,0,0,Ferdi Kadioglu,6,5,385,1,0,1,1,0,0,1,0,0.4,0.4,0.2,0.6,1,15,27,0.23,0.00,0.23,0.23,0.23,0.10,0.04,0.14,0.10,0.14,4,1,25.0,0.94,0.23,0.25,1.00,15.1,0,0.11,+0.6,+0.6,144,175,82.3,2372,698,73,82,89.0,61,74,82.4,9,14,64.3,0.3,-0.2,5,10,9,4,157,17,2,1,0,9,15,0,0,0,0,1,1,10,6,4,5,1,6,15,40.0,9,2,2,0,8,18,17,0,231,13,71,91,72,9,231,7,3,42.9,3,42.9,124,479,183,0,0,6,2,144,0,5,3,1,0,0,0,14,3,1,75.0,64,11.3,72,1,1,23,1,1.33,5,8,-3,-0.70,-1.00,5.2,9.3,-4.1,-0.96,-1.20,,,,,,,,,,,,,,,,,,,,,,,,,,,,,,,,,,,,,,,,,
205,17.4,52,2.99,37,6,1,3,2,3,3,0.17,2,1,0,0,0,0,Daichi Kamada,34,15,"1,564",0,0,0,0,0,0,4,1,1.1,1.1,1.9,3.0,25,89,56,0.00,0.00,0.00,0.00,0.00,0.06,0.11,0.17,0.06,0.17,20,4,20.0,1.15,0.23,0.00,0.00,20.3,0,0.05,-1.1,-1.1,603,752,80.2,9772,2644,317,360,88.1,233,280,83.2,38,62,61.3,1.6,-1.9,20,48,14,3,720,31,11,4,5,31,2,16,11,1,0,1,18,47,29,19,24,4,14,41,34.1,27,22,5,17,18,65,14,0,937,19,208,496,240,32,937,19,7,36.8,9,47.4,485,2295,1121,19,6,16,20,600,0,28,21,2,0,0,0,89,4,13,23.5,46,45.7,81,7,19,18,1,1.38,25,26,-1,-0.06,-0.11,27.7,24.7,+3.1,+0.18,-0.22,,,,,,,,,,,,,,,,,,,,,,,,,,,,,,,,,,,,,,,,,
42,19.2,27,1.41,20,1,1,2,1,2,2,0.10,2,0,0,0,0,0,Boubacar Kamara,26,20,"1,726",1,0,1,1,0,0,2,0,0.8,0.8,0.9,1.7,19,85,7,0.05,0.00,0.05,0.05,0.05,0.04,0.05,0.09,0.04,0.09,10,3,30.0,0.52,0.16,0.10,0.33,19.6,0,0.08,+0.2,+0.2,825,931,88.6,13054,4037,421,454,92.7,357,390,91.5,34,62,54.8,0.8,-0.9,11,91,10,0,904,27,25,5,0,1,0,0,0,0,0,0,8,50,21,28,18,4,29,56,51.8,27,19,7,12,19,69,51,3,1113,95,344,637,141,12,1113,27,9,33.3,9,33.3,591,2976,1370,13,2,12,17,754,0,30,35,0,0,0,0,87,21,26,44.7,66,50.5,81,12,6,16,1,1.69,28,22,+6,+0.31,+0.26,25.3,22.9,+2.5,+0.13,-0.06,,,,,,,,,,,,,,,,,,,,,,,,,,,,,,,,,,,,,,,,,
719,0.2,0,0.00,0,0,0,0,0,0,0,0.00,0,0,0,0,0,0,Joachim Kayi Sanda,2,0,14,0,0,0,0,0,0,0,0,0.0,0.0,0.0,0.0,0,1,0,0.00,0.00,0.00,0.00,0.00,0.00,0.00,0.00,0.00,0.00,0,0,,0.00,0.00,,,,0,,0.0,0.0,15,15,100.0,304,57,3,3,100.0,11,11,100.0,1,1,100.0,0.0,0.0,0,0,0,0,15,0,0,0,0,0,0,0,0,0,0,0,0,0,0,0,0,0,0,0,,0,0,0,0,2,2,0,0,19,1,8,10,1,1,19,0,0,,0,,14,63,35,0,0,1,0,15,0,0,0,0,0,0,0,0,0,1,0.0,,,,,,,,,,,,,,,,,,,,,,,,,,,,,,,,,,,,,,,,,,,,,,,,,,,,,,,,,,,
757,5.9,19,3.24,9,7,1,1,1,0,3,0.51,3,0,0,0,0,0,Michael Kayode,12,6,528,0,1,1,0,0,0,2,0,0.2,0.2,1.2,1.5,12,12,24,0.00,0.17,0.17,0.00,0.17,0.04,0.21,0.25,0.04,0.25,2,0,0.0,0.34,0.00,0.00,,16.8,0,0.10,-0.2,-0.2,184,241,76.3,3294,961,88,101,87.1,78,99,78.8,18,37,48.6,0.7,-0.2,8,12,3,2,183,58,0,0,0,10,58,0,0,0,0,0,3,17,11,12,5,0,9,13,69.2,4,3,0,3,7,24,19,0,313,23,101,121,97,13,313,18,9,50.0,8,44.4,144,944,500,7,3,13,3,143,0,8,3,0,0,0,0,34,9,4,69.2,44,15.4,78,1,6,11,1,1.83,15,5,+10,+1.70,+1.74,11.6,6.5,+5.1,+0.88,+0.92,,,,,,,,,,,,,,,,,,,,,,,,,,,,,,,,,,,,,,,,,
228,11.7,6,0.51,6,0,0,0,0,0,0,0.00,0,0,0,0,0,0,Michael Keane,14,11,"1,049",3,0,3,3,0,0,5,0,0.6,0.6,0.1,0.7,1,14,3,0.26,0.00,0.26,0.26,0.26,0.05,0.01,0.06,0.05,0.06,10,4,40.0,0.86,0.34,0.30,0.75,13.2,0,0.06,+2.4,+2.4,312,377,82.8,7049,2396,96,108,88.9,146,160,91.3,67,89,75.3,0.0,-0.1,2,21,0,0,365,8,4,0,12,1,0,0,0,0,0,4,7,12,9,8,2,2,8,15,53.3,7,14,10,4,16,28,65,2,513,106,295,198,22,17,513,1,0,0.0,1,100.0,229,904,290,1,0,2,2,286,0,9,0,0,0,0,0,26,26,20,56.5,75,30.7,90,11,3,20,22,1.29,12,20,-8,-0.69,-0.91,12.3,19.1,-6.8,-0.58,-0.67,,,,,,,,,,,,,,,,,,,,,,,,,,,,,,,,,,,,,,,,,
325,10.0,3,0.30,3,0,0,0,0,0,1,0.10,1,0,0,0,0,0,Caoimhín Kelleher,10,10,900,0,0,0,0,0,0,0,0,0.0,0.0,0.0,0.0,0,0,0,0.00,0.00,0.00,0.00,0.00,0.00,0.00,0.00,0.00,0.00,0,0,,0.00,0.00,,,,0,,0.0,0.0,289,382,75.7,6252,3968,99,99,100.0,147,147,100.0,43,135,31.9,0.0,0.0,0,6,0,0,344,38,20,0,0,0,0,0,0,0,0,0,1,0,0,0,0,0,0,0,,0,0,0,0,0,0,1,2,398,286,396,2,0,0,398,1,1,100.0,0,0.0,290,1131,616,0,0,1,0,275,0,0,3,0,0,0,0,18,1,0,100.0,90,26.3,90,10,0,,27,2.30,22,12,+10,+1.00,-0.25,19.8,11.1,+8.7,+0.87,-0.37,10,10,900,12,1.20,37,24,67.6,7,2,1,4,40.0,1,0,1,0,100.0,0,1,0,11.6,0.30,-0.4,-0.04,29,115,25.2,364,49,28.6,29.0,18,61.1,42.8,113,6,5.3,9,0.90,14.0
404,3.4,2,0.59,2,0,0,0,0,0,1,0.30,1,0,0,0,0,0,Lloyd Kelly,10,4,303,0,1,1,0,0,0,2,0,0.4,0.4,0.5,0.9,0,9,5,0.00,0.30,0.30,0.00,0.30,0.12,0.14,0.26,0.12,0.26,3,0,0.0,0.89,0.00,0.00,,7.3,0,0.14,-0.4,-0.4,146,181,80.7,2636,867,57,65,87.7,78,87,89.7,10,24,41.7,0.1,+0.5,2,6,1,1,159,22,7,0,0,1,15,0,0,0,0,0,5,5,4,4,1,0,1,1,100.0,0,6,4,2,1,6,17,0,215,26,105,94,19,4,215,3,2,66.7,1,33.3,120,474,202,2,0,3,2,129,0,5,5,1,0,0,0,19,6,2,75.0,30,8.9,68,1,6,6,14,1.60,1,6,-5,-1.49,-2.24,4.1,5.8,-1.7,-0.51,-1.09,,,,,,,,,,,,,,,,,,,,,,,,,,,,,,,,,,,,,,,,,
70,37.1,83,2.24,67,4,2,2,5,3,9,0.24,7,0,1,0,0,1,Milos Kerkez,38,38,"3,336",2,5,7,2,0,0,4,0,0.6,0.5,3.9,4.4,106,159,197,0.05,0.13,0.19,0.05,0.19,0.02,0.10,0.12,0.01,0.12,19,5,26.3,0.51,0.13,0.11,0.40,20.2,0,0.03,+1.4,+1.5,1346,1776,75.8,20911,6878,747,832,89.8,481,617,78.0,84,218,38.5,2.6,+1.1,35,87,41,27,1466,305,18,2,3,142,279,7,5,1,0,5,55,52,26,25,20,7,24,38,63.2,14,38,11,27,45,97,106,4,2158,112,552,900,731,69,2158,48,22,45.8,16,33.3,1094,6388,3711,73,16,49,22,1196,0,30,50,3,0,0,0,169,28,49,36.4,88,97.5,88,32,0,,0,1.47,52,45,+7,+0.19,-5.17,59.3,48.0,+11.3,+0.30,-4.23,,,,,,,,,,,,,,,,,,,,,,,,,,,,,,,,,,,,,,,,,
635,24.2,78,3.22,54,9,8,4,3,0,7,0.29,5,1,0,1,0,0,Bilal El Khannouss,32,27,"2,182",2,3,5,2,0,0,4,0,1.3,1.3,4.6,5.8,73,128,89,0.08,0.12,0.21,0.08,0.21,0.05,0.19,0.24,0.05,0.24,30,7,23.3,1.24,0.29,0.07,0.29,22.0,0,0.04,+0.7,+0.7,798,1063,75.1,14413,4123,372,434,85.7,306,381,80.3,101,170,59.4,3.1,-1.6,42,89,31,6,928,130,28,11,8,89,14,36,19,10,1,5,26,50,30,16,29,5,17,32,53.1,15,22,4,18,6,56,10,3,1268,18,183,655,445,35,1268,60,34,56.7,23,38.3,732,4494,2038,45,12,38,38,851,0,30,13,1,0,0,0,92,19,24,44.2,68,63.8,78,8,5,16,3,0.63,17,54,-37,-1.53,-0.80,20.0,47.6,-27.6,-1.14,-0.30,,,,,,,,,,,,,,,,,,,,,,,,,,,,,,,,,,,,,,,,,
732,5.6,5,0.89,5,0,0,0,0,0,0,0.00,0,0,0,0,0,0,Abdukodir Khusanov,6,6,503,0,0,0,0,0,0,1,0,0.0,0.0,0.1,0.1,1,25,2,0.00,0.00,0.00,0.00,0.00,0.00,0.02,0.02,0.00,0.02,1,0,0.0,0.18,0.00,0.00,,23.9,0,0.02,0.0,0.0,360,395,91.1,6126,1976,160,169,94.7,191,197,97.0,6,23,26.1,0.1,-0.1,2,23,0,0,385,10,6,0,1,1,3,0,0,0,0,0,3,5,4,4,1,0,2,3,66.7,1,5,4,1,3,8,29,1,445,45,205,211,31,1,445,2,0,0.0,2,100.0,274,1155,435,1,0,2,1,332,0,3,3,0,0,0,1,27,6,4,60.0,84,14.7,84,5,0,,5,1.67,8,6,+2,+0.36,-0.44,9.0,7.0,+2.1,+0.37,-0.19,,,,,,,,,,,,,,,,,,,,,,,,,,,,,,,,,,,,,,,,,
524,37.2,32,0.86,28,0,2,0,0,2,5,0.13,3,0,1,0,0,1,Max Kilman,38,38,"3,348",0,1,1,0,0,0,5,0,1.6,1.6,1.2,2.8,31,113,6,0.00,0.03,0.03,0.00,0.03,0.04,0.03,0.08,0.04,0.08,13,2,15.4,0.35,0.05,0.00,0.00,8.9,0,0.13,-1.6,-1.6,1697,1958,86.7,32592,10820,546,594,91.9,990,1065,93.0,150,265,56.6,1.2,-0.2,16,109,4,0,1916,37,25,0,12,4,1,0,0,0,0,5,9,39,24,16,20,3,23,27,85.2,4,58,40,18,38,77,212,6,2374,464,1317,962,113,32,2374,22,16,72.7,2,9.1,1270,5672,3185,14,2,17,4,1581,0,23,13,2,0,0,0,146,113,55,67.3,88,97.9,88,37,0,,0,1.13,45,62,-17,-0.46,-1.71,45.8,58.9,-13.1,-0.35,-0.80,,,,,,,,,,,,,,,,,,,,,,,,,,,,,,,,,,,,,,,,,
604,1.4,8,5.54,6,0,1,1,0,0,2,1.38,2,0,0,0,0,0,Joshua King,8,1,130,0,0,0,0,0,0,0,0,0.3,0.3,0.4,0.7,3,9,16,0.00,0.00,0.00,0.00,0.00,0.22,0.30,0.51,0.22,0.51,3,0,0.0,2.08,0.00,0.00,,9.0,0,0.11,-0.3,-0.3,54,64,84.4,928,172,29,32,90.6,21,24,87.5,3,4,75.0,0.7,-0.4,3,5,2,0,63,1,0,0,1,2,0,0,0,0,0,0,3,7,5,3,4,0,0,3,0.0,3,3,0,3,1,8,1,0,87,2,12,31,46,10,87,8,4,50.0,4,50.0,44,335,138,4,0,1,6,60,0,3,2,0,0,0,0,5,1,2,33.3,16,3.8,61,0,7,10,15,1.38,3,0,+3,+2.08,+2.16,1.8,0.7,+1.0,+0.72,+0.69,,,,,,,,,,,,,,,,,,,,,,,,,,,,,,,,,,,,,,,,,
556,0.0,0,0.00,0,0,0,0,0,0,0,0.00,0,0,0,0,0,0,Tom King,1,0,1,0,0,0,0,0,0,0,0,0.0,0.0,0.0,0.0,0,0,0,0.00,0.00,0.00,0.00,0.00,0.00,0.00,0.00,0.00,0.00,0,0,,0.00,0.00,,,,0,,0.0,0.0,0,1,0.0,0,0,0,1,0.0,0,0,,0,0,,0.0,0.0,0,0,0,0,1,0,0,0,0,0,0,0,0,0,0,0,0,0,0,0,0,0,0,0,,0,0,0,0,0,0,0,0,1,1,1,0,0,0,1,0,0,,0,,1,8,5,0,0,0,0,0,0,0,0,0,0,0,0,0,0,0,,,,,,,,,,,,,,,,,,,,1,0,1,0,0.00,0,0,,0,0,0,0,,0,0,0,0,,0,0,0,0.0,,0.0,0.00,0,0,,1,1,0.0,14.0,0,,,1,0,0.0,0,0.00,
716,6.0,1,0.17,1,0,0,0,0,0,0,0.00,0,0,0,0,0,0,Antonín Kinský,6,6,540,0,0,0,0,0,0,0,0,0.0,0.0,0.1,0.1,1,1,0,0.00,0.00,0.00,0.00,0.00,0.00,0.01,0.01,0.00,0.01,0,0,,0.00,0.00,,,,0,,0.0,0.0,167,217,77.0,3990,2480,27,27,100.0,98,101,97.0,38,83,45.8,0.0,-0.1,1,2,0,0,177,39,9,0,0,0,0,0,0,0,0,1,1,3,1,3,0,0,1,1,100.0,0,0,0,0,0,3,9,1,237,205,234,3,0,0,237,0,0,,0,,144,760,491,0,0,0,0,126,0,0,0,0,0,0,0,6,2,0,100.0,90,15.8,90,6,0,,12,0.50,6,11,-5,-0.83,-0.96,5.0,11.6,-6.6,-1.09,-1.16,6,6,540,11,1.83,32,23,65.6,1,0,5,1,16.7,0,0,0,0,,0,1,2,10.5,0.33,+1.5,+0.25,17,58,29.3,186,37,26.9,30.7,30,26.7,29.1,112,10,8.9,9,1.50,12.1
8,12.5,8,0.64,7,0,1,0,0,0,0,0.00,0,0,0,0,0,0,Jakub Kiwior,17,10,"1,122",1,0,1,1,0,0,1,0,0.2,0.2,0.3,0.5,5,48,1,0.08,0.00,0.08,0.08,0.08,0.01,0.03,0.04,0.01,0.04,3,1,33.3,0.24,0.08,0.33,1.00,18.5,0,0.06,+0.8,+0.8,673,736,91.4,11598,3392,278,294,94.6,358,376,95.2,30,53,56.6,0.3,-0.3,5,65,3,0,704,31,10,3,1,2,4,0,0,0,0,1,1,22,8,13,7,2,11,15,73.3,4,13,8,5,6,28,58,3,846,100,281,494,72,5,846,5,3,60.0,2,40.0,492,1988,1037,7,1,3,2,615,0,10,4,1,0,0,0,31,11,13,45.8,66,32.8,90,10,7,32,20,1.82,19,15,+4,+0.32,-0.89,20.7,13.8,+6.9,+0.55,-0.18,,,,,,,,,,,,,,,,,,,,,,,,,,,,,,,,,,,,,,,,,
71,26.0,101,3.88,73,8,7,7,5,1,12,0.46,11,0,0,0,1,0,Justin Kluivert,34,29,"2,340",12,6,18,6,6,6,8,0,10.3,5.6,4.8,10.5,81,105,173,0.46,0.23,0.69,0.23,0.46,0.40,0.19,0.58,0.22,0.40,57,23,40.4,2.19,0.88,0.11,0.26,20.0,0,0.10,+1.7,+0.4,582,782,74.4,8844,2330,322,382,84.3,189,248,76.2,45,87,51.7,3.7,+1.2,45,45,35,6,683,92,8,5,6,85,10,35,30,0,0,7,18,23,11,4,11,8,4,22,18.2,18,24,0,24,14,37,24,1,1086,24,99,366,641,134,1080,87,36,41.4,40,46.0,646,4198,2364,55,38,55,27,710,0,47,33,5,1,0,0,78,8,28,22.2,69,68.4,74,5,5,40,0,1.50,38,29,+9,+0.35,+0.10,43.0,32.5,+10.5,+0.41,-0.01,,,,,,,,,,,,,,,,,,,,,,,,,,,,,,,,,,,,,,,,,
326,28.4,31,1.09,26,0,0,4,0,1,7,0.25,6,0,0,0,0,1,Ibrahima Konaté,31,30,"2,560",1,2,3,1,0,0,5,0,1.7,1.7,1.0,2.7,25,115,3,0.04,0.07,0.11,0.04,0.11,0.06,0.03,0.10,0.06,0.10,19,3,15.8,0.67,0.11,0.05,0.33,10.5,0,0.09,-0.7,-0.7,1718,1905,90.2,31820,10824,592,631,93.8,1023,1077,95.0,94,171,55.0,0.9,+1.0,10,143,9,0,1856,46,41,1,5,0,5,0,0,0,0,3,9,40,26,25,13,2,25,35,71.4,10,29,15,14,17,57,133,3,2185,223,928,1145,119,23,2185,6,3,50.0,2,33.3,1290,6124,3603,15,0,8,2,1576,0,27,20,0,0,0,0,98,74,29,71.8,83,74.9,84,24,1,45,1,2.26,59,28,+31,+1.09,-0.38,58.6,26.9,+31.7,+1.11,-0.14,,,,,,,,,,,,,,,,,,,,,,,,,,,,,,,,,,,,,,,,,
44,32.6,24,0.74,19,2,1,2,0,0,3,0.09,3,0,0,0,0,0,Ezri Konsa,34,33,"2,936",2,0,2,2,0,0,1,0,1.3,1.3,0.4,1.7,24,90,11,0.06,0.00,0.06,0.06,0.06,0.04,0.01,0.05,0.04,0.05,11,5,45.5,0.34,0.15,0.18,0.40,8.8,0,0.12,+0.7,+0.7,1555,1673,92.9,26299,8781,669,692,96.7,807,844,95.6,62,95,65.3,0.6,-0.4,6,106,2,0,1538,134,84,6,0,5,34,0,0,0,0,1,21,34,18,20,10,4,20,25,80.0,5,20,11,9,24,58,114,4,1915,250,883,934,107,22,1915,18,8,44.4,7,38.9,1132,5817,3008,15,2,17,10,1338,0,9,47,1,0,0,0,97,31,23,57.4,86,85.8,88,32,1,45,1,1.76,48,45,+3,+0.09,-0.65,46.5,43.4,+3.1,+0.10,-0.43,,,,,,,,,,,,,,,,,,,,,,,,,,,,,,,,,,,,,,,,,
354,24.4,73,2.99,59,0,4,5,4,1,8,0.33,6,0,1,1,0,0,Mateo Kovačić,31,25,"2,198",6,2,8,6,0,0,5,1,1.9,1.9,3.6,5.5,56,164,16,0.25,0.08,0.33,0.25,0.33,0.08,0.15,0.23,0.08,0.23,45,12,26.7,1.84,0.49,0.13,0.50,22.9,0,0.04,+4.1,+4.1,1742,1882,92.6,27279,7278,919,967,95.0,735,770,95.5,69,105,65.7,3.2,-1.6,33,206,30,0,1845,33,32,15,8,0,0,0,0,0,0,4,14,69,38,23,38,8,31,65,47.7,34,20,0,20,24,93,21,1,2123,53,318,1199,627,17,2123,41,22,53.7,11,26.8,1445,8397,3961,78,3,19,29,1729,0,24,26,0,0,0,0,114,10,9,52.6,71,64.3,82,12,6,26,2,1.94,50,28,+22,+0.90,+0.46,45.2,31.1,+14.2,+0.58,+0.12,,,,,,,,,,,,,,,,,,,,,,,,,,,,,,,,,,,,,,,,,
405,3.8,3,0.79,2,0,0,1,0,0,0,0.00,0,0,0,0,0,0,Emil Krafth,12,2,342,0,0,0,0,0,0,2,0,0.0,0.0,0.1,0.1,5,8,3,0.00,0.00,0.00,0.00,0.00,0.01,0.02,0.03,0.01,0.03,1,0,0.0,0.26,0.00,0.00,,14.6,0,0.03,0.0,0.0,124,158,78.5,2017,786,60,74,81.1,53,62,85.5,7,12,58.3,0.0,-0.1,1,6,1,0,138,20,4,0,0,2,16,0,0,0,0,0,4,4,2,2,1,1,2,3,66.7,1,5,4,1,2,6,16,0,199,34,100,73,28,4,199,1,0,0.0,1,100.0,82,397,175,6,0,2,2,98,0,5,2,0,0,0,0,19,8,8,50.0,29,10.0,90,2,10,16,14,1.92,5,2,+3,+0.79,+0.26,4.9,6.5,-1.5,-0.40,-0.98,,,,,,,,,,,,,,,,,,,,,,,,,,,,,,,,,,,,,,,,,
525,28.8,107,3.72,74,1,16,12,2,2,10,0.35,6,0,1,3,0,0,Mohammed Kudus,32,31,"2,590",5,3,8,5,0,0,2,1,6.9,6.9,3.1,10.0,98,79,216,0.17,0.10,0.28,0.17,0.28,0.24,0.11,0.35,0.24,0.35,75,21,28.0,2.61,0.73,0.07,0.24,16.0,0,0.09,-1.9,-1.9,715,855,83.6,11695,1800,381,421,90.5,256,288,88.9,58,85,68.2,2.7,-0.1,31,46,29,15,837,16,5,2,13,81,3,1,0,0,0,2,29,38,23,9,18,11,10,27,37.0,17,24,1,23,4,42,8,2,1274,13,171,536,612,127,1274,208,92,44.2,98,47.1,842,5574,2613,59,42,77,93,989,0,39,64,18,0,0,0,138,11,40,21.6,81,75.7,83,14,1,19,0,1.13,33,46,-13,-0.45,-0.13,34.1,42.9,-8.9,-0.31,+0.11,,,,,,,,,,,,,,,,,,,,,,,,,,,,,,,,,,,,,,,,,
492,26.5,128,4.82,95,12,15,3,3,0,9,0.34,7,1,1,0,0,0,Dejan Kulusevski,32,27,"2,389",7,4,11,7,0,0,3,0,4.2,4.2,6.2,10.4,120,124,210,0.26,0.15,0.41,0.26,0.41,0.16,0.23,0.39,0.16,0.39,47,17,36.2,1.77,0.64,0.15,0.41,14.7,0,0.09,+2.8,+2.8,658,893,73.7,9216,2920,394,457,86.2,203,260,78.1,32,79,40.5,3.9,-2.2,65,62,52,6,800,84,4,11,1,89,6,62,26,0,0,9,42,45,23,17,13,15,19,51,37.3,32,34,5,29,13,58,10,1,1276,24,149,432,719,158,1276,117,38,32.5,71,60.7,823,6157,3208,67,40,77,74,895,0,48,38,5,0,0,0,121,10,15,40.0,75,69.9,84,22,5,24,0,1.06,50,41,+9,+0.34,+1.21,44.9,43.1,+1.8,+0.07,+0.62,,,,,,,,,,,,,,,,,,,,,,,,,,,,,,,,,,,,,,,,,
650,34.6,28,0.81,23,1,0,4,0,0,4,0.12,2,1,0,1,0,0,Maxence Lacroix,35,35,"3,116",1,1,2,1,0,0,5,0,3.4,3.4,1.0,4.4,8,65,7,0.03,0.03,0.06,0.03,0.06,0.10,0.03,0.13,0.10,0.13,30,5,16.7,0.87,0.14,0.03,0.20,10.8,0,0.11,-2.4,-2.4,1207,1477,81.7,24841,9717,316,370,85.4,748,826,90.6,136,249,54.6,1.0,0.0,8,71,4,2,1433,44,40,3,7,7,2,0,0,0,0,0,12,68,41,52,15,1,32,47,68.1,15,48,22,26,54,122,207,2,1934,362,1184,672,85,45,1934,14,8,57.1,4,28.6,1030,4806,2203,6,0,21,6,1136,0,34,19,1,0,1,0,130,60,50,54.5,89,91.1,89,32,0,,0,1.49,49,45,+4,+0.12,+1.30,57.1,43.3,+13.8,+0.40,+1.13,,,,,,,,,,,,,,,,,,,,,,,,,,,,,,,,,,,,,,,,,
463,4.0,9,2.24,8,0,0,0,1,0,2,0.50,2,0,0,0,0,0,Adam Lallana,14,5,361,0,2,2,0,0,0,4,0,0.2,0.2,0.9,1.1,6,24,10,0.00,0.50,0.50,0.00,0.50,0.04,0.23,0.27,0.04,0.27,3,0,0.0,0.75,0.00,0.00,,18.1,0,0.06,-0.2,-0.2,221,260,85.0,2891,980,147,165,89.1,61,67,91.0,4,9,44.4,0.5,+1.1,4,21,9,3,255,4,3,1,0,4,0,0,0,0,0,1,3,8,5,4,4,0,2,12,16.7,10,4,1,3,5,13,5,0,318,19,91,155,73,6,318,12,5,41.7,5,41.7,178,831,366,8,0,10,6,245,0,8,8,0,0,0,0,19,2,2,50.0,26,10.6,51,0,9,12,6,0.50,3,8,-5,-1.25,+0.37,4.2,7.9,-3.8,-0.94,+0.48,,,,,,,,,,,,,,,,,,,,,,,,,,,,,,,,,,,,,,,,,
131,9.6,17,1.78,14,1,0,0,1,1,3,0.31,2,0,0,0,0,1,Tariq Lamptey,15,10,860,2,2,4,2,0,0,0,0,0.4,0.4,0.8,1.2,32,14,45,0.21,0.21,0.42,0.21,0.42,0.04,0.08,0.12,0.04,0.12,6,2,33.3,0.63,0.21,0.33,1.00,18.5,0,0.06,+1.6,+1.6,335,413,81.1,5168,1326,185,199,93.0,128,162,79.0,19,40,47.5,0.8,+1.2,5,12,6,5,346,66,5,0,1,28,60,1,1,0,0,1,6,17,11,8,9,0,9,25,36.0,16,15,7,8,7,24,23,1,535,29,161,224,154,11,535,31,10,32.3,18,58.1,292,2081,1034,17,3,11,5,302,0,15,10,0,0,1,0,39,1,14,6.7,57,25.1,76,5,5,19,10,1.40,14,21,-7,-0.73,-1.22,13.3,14.8,-1.4,-0.15,-0.35,,,,,,,,,,,,,,,,,,,,,,,,,,,,,,,,,,,,,,,,,
609,0.1,0,0.00,0,0,0,0,0,0,0,0.00,0,0,0,0,0,0,Will Lankshear,3,0,11,0,0,0,0,0,0,0,0,0.0,0.0,0.0,0.0,0,0,1,0.00,0.00,0.00,0.00,0.00,0.00,0.00,0.00,0.00,0.00,0,0,,0.00,0.00,,,,0,,0.0,0.0,0,1,0.0,0,0,0,1,0.0,0,0,,0,0,,0.0,0.0,0,0,0,0,1,0,0,0,0,0,0,0,0,0,0,0,0,0,0,0,0,0,0,0,,0,0,0,0,0,0,0,0,3,0,0,2,1,0,3,0,0,,0,,3,3,0,0,0,2,0,3,0,2,0,0,0,0,0,0,0,0,,,,,,,,,,,,,,,,,,,,,,,,,,,,,,,,,,,,,,,,,,,,,,,,,,,,,,,,,,,,
174,8.9,14,1.58,13,0,0,0,0,1,2,0.23,2,0,0,0,0,0,Roméo Lavia,16,11,797,0,1,1,0,0,0,4,0,0.3,0.3,0.7,1.0,3,31,7,0.00,0.11,0.11,0.00,0.11,0.03,0.08,0.11,0.03,0.11,2,0,0.0,0.23,0.00,0.00,,18.8,0,0.13,-0.3,-0.3,389,424,91.7,6552,1692,179,195,91.8,184,194,94.8,21,25,84.0,0.4,+0.3,7,49,3,0,419,3,3,3,3,0,0,0,0,0,0,2,1,22,13,5,13,4,10,21,47.6,11,6,0,6,16,38,10,1,493,17,109,319,71,1,493,16,10,62.5,6,37.5,295,1373,567,9,0,3,7,359,0,16,7,0,0,1,0,40,12,6,66.7,50,23.3,66,0,5,14,4,1.88,11,11,0,0.00,-0.72,11.7,14.7,-2.9,-0.33,-1.13,,,,,,,,,,,,,,,,,,,,,,,,,,,,,,,,,,,,,,,,,
557,15.2,26,1.71,21,0,2,2,0,1,5,0.33,5,0,0,0,0,0,Mario Lemina,17,15,"1,364",1,3,4,1,0,0,4,0,1.4,1.4,1.1,2.5,8,48,21,0.07,0.20,0.26,0.07,0.26,0.09,0.07,0.17,0.09,0.17,18,5,27.8,1.19,0.33,0.06,0.20,21.9,0,0.08,-0.4,-0.4,493,613,80.4,9479,2966,176,207,85.0,249,284,87.7,58,95,61.1,1.2,+1.9,10,43,13,4,582,26,9,6,4,10,9,0,0,0,0,5,7,51,31,27,19,5,20,29,69.0,9,12,7,5,27,78,50,3,809,92,324,378,119,18,809,16,10,62.5,4,25.0,382,2068,1038,12,2,21,11,482,0,17,8,4,0,1,0,73,25,16,61.0,80,39.9,87,13,2,30,0,0.53,22,39,-17,-1.12,-1.21,15.3,27.2,-11.9,-0.78,-0.67,,,,,,,,,,,,,,,,,,,,,,,,,,,,,,,,,,,,,,,,,
248,38.0,6,0.16,6,0,0,0,0,0,2,0.05,2,0,0,0,0,0,Bernd Leno,38,38,"3,420",0,1,1,0,0,0,5,0,0.0,0.0,0.1,0.1,0,0,0,0.00,0.03,0.03,0.00,0.03,0.00,0.00,0.00,0.00,0.00,0,0,,0.00,0.00,,,,0,,0.0,0.0,1149,1404,81.8,28206,16978,227,228,99.6,683,691,98.8,227,471,48.2,0.1,+0.9,2,16,2,0,1160,243,71,0,0,0,0,0,0,0,0,1,1,2,2,2,0,0,2,2,100.0,0,1,0,1,0,2,11,5,1479,1190,1466,13,0,0,1479,0,0,,0,,955,3956,2233,0,0,0,0,862,0,0,4,0,0,0,0,50,9,1,90.0,90,100.0,90,38,0,,0,1.42,54,54,0,0.00,,49.0,47.2,+1.8,+0.05,,38,38,"3,420",54,1.42,159,106,67.9,15,9,14,5,13.2,4,3,1,0,25.0,0,6,2,48.9,0.29,-3.1,-0.08,141,367,38.4,1231,167,22.7,28.9,172,51.2,41.9,507,23,4.5,33,0.87,13.3
206,25.3,47,1.86,37,5,1,3,0,1,3,0.12,3,0,0,0,0,0,Jefferson Lerma,33,26,"2,274",0,1,1,0,0,0,9,0,1.1,1.1,1.6,2.7,13,97,26,0.00,0.04,0.04,0.00,0.04,0.04,0.06,0.11,0.04,0.11,26,8,30.8,1.03,0.32,0.00,0.00,19.8,0,0.04,-1.1,-1.1,844,1121,75.3,14709,5135,395,457,86.4,349,426,81.9,79,178,44.4,1.7,-0.6,10,87,18,2,1052,61,13,9,8,12,46,0,0,0,0,8,22,35,17,15,16,4,19,36,52.8,17,38,18,20,42,77,80,1,1406,124,469,703,244,29,1406,13,7,53.8,4,30.8,649,2478,1100,11,0,15,18,803,0,35,39,0,0,0,0,154,41,39,51.3,69,66.5,79,18,7,31,1,1.42,35,36,-1,-0.04,-0.12,39.8,32.4,+7.4,+0.29,-0.01,,,,,,,,,,,,,,,,,,,,,,,,,,,,,,,,,,,,,,,,,
355,0.0,0,0.00,0,0,0,0,0,0,0,0.00,0,0,0,0,0,0,Vitor Reis,28,21,"1,893",0,0,0,0,0,0,0,0,0.0,0.0,0.0,0.0,0,0,0,0.00,0.00,0.00,0.00,0.00,0.00,0.00,0.00,0.00,0.00,0,0,,0.00,0.00,,,,0,,0.0,0.0,2,2,100.0,50,10,0,0,,2,2,100.0,0,0,,0.0,0.0,0,0,0,0,2,0,0,0,0,0,0,0,0,0,0,0,0,0,0,0,0,0,0,0,,0,0,0,0,0,0,1,0,3,1,2,1,0,0,3,1,1,100.0,0,0.0,2,3,0,0,0,0,0,2,0,0,0,0,0,0,0,0,0,0,,68,55.4,85,14,7,16,8,1.82,41,27,+14,+0.67,-0.16,37.0,27.2,+9.8,+0.46,-0.16,,,,,,,,,,,,,,,,,,,,,,,,,,,,,,,,,,,,,,,,,
98,34.4,71,2.07,56,0,5,3,6,1,8,0.23,6,0,0,0,2,0,Keane Lewis-Potter,38,36,"3,093",1,3,4,1,0,0,7,0,3.1,3.1,3.2,6.3,98,98,156,0.03,0.09,0.12,0.03,0.12,0.09,0.09,0.18,0.09,0.18,28,14,50.0,0.81,0.41,0.04,0.07,20.2,1,0.11,-2.1,-2.1,982,1273,77.1,16310,5025,532,591,90.0,335,426,78.6,88,181,48.6,4.9,-0.2,26,69,47,18,1112,153,8,5,9,78,139,5,2,0,0,8,29,49,27,26,16,7,31,50,62.0,19,28,10,18,21,70,76,3,1613,102,504,625,505,74,1613,101,41,40.6,50,49.5,868,6085,3211,69,35,51,20,966,0,18,31,4,1,0,0,146,27,35,43.5,81,90.4,85,26,2,17,0,1.47,58,49,+9,+0.26,+0.26,53.3,50.0,+3.3,+0.10,+0.02,,,,,,,,,,,,,,,,,,,,,,,,,,,,,,,,,,,,,,,,,
597,15.2,29,1.91,21,0,1,1,6,0,0,0.00,0,0,0,0,0,0,Myles Lewis-Skelly,23,15,"1,369",1,0,1,1,0,0,3,2,0.2,0.2,0.4,0.6,37,71,37,0.07,0.00,0.07,0.07,0.07,0.01,0.03,0.04,0.01,0.04,3,1,33.3,0.20,0.07,0.33,1.00,14.7,0,0.05,+0.8,+0.8,708,776,91.2,10525,2307,394,410,96.1,291,317,91.8,14,24,58.3,0.5,-0.4,8,66,10,2,660,111,17,3,2,10,94,0,0,0,0,5,2,22,14,10,9,3,10,11,90.9,1,4,1,3,7,29,27,0,905,28,178,476,265,17,905,28,12,42.9,9,32.1,526,2692,1663,26,7,13,9,616,0,11,47,0,0,1,0,53,11,10,52.4,60,40.0,80,7,8,20,9,1.96,26,16,+10,+0.66,-0.44,21.8,15.9,+6.0,+0.39,-0.47,,,,,,,,,,,,,,,,,,,,,,,,,,,,,,,,,,,,,,,,,
593,23.6,14,0.59,12,0,0,2,0,0,1,0.04,1,0,0,0,0,0,Matthijs de Ligt,29,25,"2,123",2,0,2,2,0,0,3,0,2.5,2.5,0.3,2.8,7,55,6,0.08,0.00,0.08,0.08,0.08,0.10,0.01,0.12,0.10,0.12,18,9,50.0,0.76,0.38,0.11,0.22,7.9,0,0.14,-0.5,-0.5,1241,1380,89.9,21810,5955,454,482,94.2,728,771,94.4,53,108,49.1,0.3,-0.3,6,63,2,1,1350,27,19,0,9,6,1,0,0,0,0,3,11,30,22,17,12,1,23,32,71.9,9,29,21,8,33,63,96,0,1608,184,828,731,56,29,1608,4,2,50.0,2,50.0,1078,4744,2225,3,0,5,3,1158,0,16,12,2,0,2,0,68,58,29,66.7,73,62.1,82,16,4,19,1,1.28,32,36,-4,-0.17,+0.25,30.2,37.4,-7.2,-0.30,-0.72,,,,,,,,,,,,,,,,,,,,,,,,,,,,,,,,,,,,,,,,,
561,0.8,4,5.14,2,0,0,0,0,2,0,0.00,0,0,0,0,0,0,Pedro Lima,3,1,70,0,0,0,0,0,0,0,0,0.1,0.1,0.1,0.1,4,4,11,0.00,0.00,0.00,0.00,0.00,0.07,0.09,0.16,0.07,0.16,1,1,100.0,1.29,1.29,0.00,0.00,22.5,0,0.06,-0.1,-0.1,28,38,73.7,457,188,14,17,82.4,11,14,78.6,3,5,60.0,0.1,-0.1,2,2,3,2,31,7,0,0,0,5,7,0,0,0,0,0,2,1,0,0,0,1,1,3,33.3,2,0,0,0,2,3,5,0,48,0,9,12,28,3,48,3,1,33.3,2,66.7,22,120,83,3,1,1,0,30,0,1,1,1,0,0,0,3,0,3,0.0,,,,,,,,,,,,,,,,,,,,,,,,,,,,,,,,,,,,,,,,,,,,,,,,,,,,,,,,,,,
376,7.8,4,0.51,4,0,0,0,0,0,0,0.00,0,0,0,0,0,0,Victor Lindelöf,16,6,704,0,0,0,0,0,0,1,0,0.0,0.0,0.1,0.1,5,26,4,0.00,0.00,0.00,0.00,0.00,0.00,0.01,0.01,0.00,0.01,0,0,,0.00,0.00,,,,0,,0.0,0.0,362,386,93.8,6074,1912,154,163,94.5,184,191,96.3,20,26,76.9,0.1,-0.1,3,17,2,1,376,10,4,1,0,1,5,0,0,0,0,0,1,7,2,5,1,1,3,4,75.0,1,6,4,2,8,15,36,2,452,60,243,187,24,3,452,0,0,,0,,263,1171,553,4,0,1,1,313,0,8,1,0,0,0,0,29,17,15,53.1,44,20.6,88,5,10,18,7,1.25,10,9,+1,+0.13,+0.49,11.7,8.5,+3.2,+0.41,+0.55,,,,,,,,,,,,,,,,,,,,,,,,,,,,,,,,,,,,,,,,,
577,13.8,46,3.35,30,7,2,3,3,1,1,0.07,1,0,0,0,0,0,Jesper Lindstrøm,25,15,"1,239",0,1,1,0,0,0,2,0,2.1,2.1,2.0,4.1,30,25,81,0.00,0.07,0.07,0.00,0.07,0.15,0.15,0.30,0.15,0.30,28,10,35.7,2.03,0.73,0.00,0.00,21.0,6,0.08,-2.1,-2.1,297,428,69.4,4593,1335,194,225,86.2,65,99,65.7,29,65,44.6,2.0,-1.0,19,18,12,7,383,42,11,1,0,71,6,25,12,8,2,3,18,45,25,24,19,2,19,55,34.5,36,15,3,12,12,57,17,0,625,22,127,206,303,40,625,43,8,18.6,31,72.1,302,1627,780,19,7,31,24,347,0,15,10,1,0,0,0,70,6,12,33.3,50,36.2,67,1,10,23,3,1.20,15,14,+1,+0.07,+0.20,17.4,13.2,+4.2,+0.31,+0.67,,,,,,,,,,,,,,,,,,,,,,,,,,,,,,,,,,,,,,,,,
409,31.6,45,1.43,43,0,0,1,1,0,2,0.06,2,0,0,0,0,0,Valentino Livramento,37,32,"2,840",0,1,1,0,0,0,1,0,0.3,0.3,2.6,2.9,83,158,119,0.00,0.03,0.03,0.00,0.03,0.01,0.08,0.09,0.01,0.09,6,2,33.3,0.19,0.06,0.00,0.00,19.7,0,0.05,-0.3,-0.3,1403,1643,85.4,20773,6686,811,895,90.6,507,583,87.0,54,91,59.3,2.7,-1.6,25,108,28,6,1387,251,17,1,1,52,233,1,0,0,0,5,27,54,36,35,15,4,32,59,54.2,27,37,11,26,23,77,108,1,1964,119,619,894,482,41,1964,56,25,44.6,23,41.1,1023,6333,3316,42,13,32,39,1144,0,6,35,2,0,0,0,189,27,35,43.5,77,83.0,85,25,5,26,0,1.70,58,40,+18,+0.57,+0.10,52.1,37.3,+14.8,+0.47,-0.07,,,,,,,,,,,,,,,,,,,,,,,,,,,,,,,,,,,,,,,,,
410,8.9,14,1.58,12,0,1,1,0,0,2,0.23,1,0,0,1,0,0,Sean Longstaff,25,8,798,0,0,0,0,0,0,2,0,0.6,0.6,0.2,0.8,4,40,22,0.00,0.00,0.00,0.00,0.00,0.07,0.02,0.09,0.07,0.09,6,1,16.7,0.68,0.11,0.00,0.00,13.5,0,0.10,-0.6,-0.6,295,349,84.5,4407,1175,161,185,87.0,111,120,92.5,15,22,68.2,0.2,-0.2,4,26,1,0,344,4,2,2,3,5,0,1,0,0,1,1,12,27,16,10,9,8,18,27,66.7,9,17,5,12,7,34,8,0,434,24,123,193,121,21,434,7,2,28.6,4,57.1,248,1176,429,10,2,9,7,308,0,9,6,0,0,0,0,31,7,7,50.0,32,23.3,72,3,17,13,13,1.88,9,11,-2,-0.23,-1.02,8.8,11.6,-2.8,-0.31,-1.03,,,,,,,,,,,,,,,,,,,,,,,,,,,,,,,,,,,,,,,,,
249,26.0,55,2.11,36,12,0,5,1,1,4,0.15,3,0,0,1,0,0,Saša Lukić,30,28,"2,344",0,2,2,0,0,0,12,0,1.2,1.2,2.7,3.9,39,98,33,0.00,0.08,0.08,0.00,0.08,0.04,0.11,0.15,0.04,0.15,18,2,11.1,0.69,0.08,0.00,0.00,20.2,0,0.06,-1.2,-1.2,1100,1260,87.3,18730,4635,519,565,91.9,477,521,91.6,91,129,70.5,1.4,-0.7,26,104,17,7,1171,87,38,1,4,62,1,42,12,24,0,2,23,68,39,22,40,6,23,55,41.8,32,20,7,13,28,96,35,1,1493,57,332,843,331,21,1493,17,8,47.1,5,29.4,825,4427,2190,40,4,23,8,963,0,66,26,0,0,1,0,109,19,25,43.2,78,68.5,82,10,2,31,0,1.37,37,37,0,0.00,0.00,32.5,32.5,0.0,0.00,-0.15,,,,,,,,,,,,,,,,,,,,,,,,,,,,,,,,,,,,,,,,,
466,3.0,0,0.00,0,0,0,0,0,0,0,0.00,0,0,0,0,0,0,Joe Lumley,3,3,270,0,0,0,0,0,0,0,0,0.0,0.0,0.0,0.0,0,0,0,0.00,0.00,0.00,0.00,0.00,0.00,0.00,0.00,0.00,0.00,0,0,,0.00,0.00,,,,0,,0.0,0.0,106,151,70.2,2342,1476,42,44,95.5,42,46,91.3,21,59,35.6,0.0,0.0,0,2,0,0,128,22,7,0,0,0,0,0,0,0,0,1,0,0,0,0,0,0,0,0,,0,0,0,0,0,0,3,3,164,116,161,3,0,0,164,0,0,,0,,103,476,296,0,0,0,0,108,0,0,0,0,0,0,0,2,2,1,66.7,,,,,,,,,,,,,,,,,,,3,3,270,7,2.33,20,13,65.0,0,1,2,0,0.0,0,0,0,0,,0,1,0,7.7,0.39,+0.7,+0.22,15,50,30.0,135,14,34.1,30.0,15,26.7,24.0,56,2,3.6,7,2.33,18.0
277,2.2,0,0.00,0,0,0,0,0,0,0,0.00,0,0,0,0,0,0,Massimo Luongo,11,2,201,0,0,0,0,0,0,0,0,0.0,0.0,0.0,0.0,0,6,1,0.00,0.00,0.00,0.00,0.00,0.00,0.00,0.00,0.00,0.00,0,0,,0.00,0.00,,,,0,,0.0,0.0,50,66,75.8,722,183,30,34,88.2,15,20,75.0,3,8,37.5,0.0,0.0,0,1,0,0,64,1,1,0,1,1,0,0,0,0,0,1,1,9,6,6,2,1,5,8,62.5,3,4,2,2,2,11,2,0,87,9,34,33,20,2,87,0,0,,0,,46,184,27,0,0,2,3,50,0,1,2,0,0,0,0,10,2,0,100.0,18,5.9,68,0,9,7,11,0.55,1,6,-5,-2.24,-1.09,1.0,6.7,-5.7,-2.52,-1.61,,,,,,,,,,,,,,,,,,,,,,,,,,,,,,,,,,,,,,,,,
45,12.7,52,4.11,38,3,5,5,0,1,7,0.55,6,0,1,0,0,0,Ian Maatsen,29,10,"1,139",1,2,3,1,0,0,2,0,0.9,0.9,2.7,3.6,31,50,104,0.08,0.16,0.24,0.08,0.24,0.07,0.22,0.28,0.07,0.28,19,5,26.3,1.50,0.40,0.05,0.20,22.1,0,0.05,+0.1,+0.1,609,747,81.5,9635,2492,307,346,88.7,263,309,85.1,26,52,50.0,2.4,-0.7,19,22,19,3,646,101,16,1,2,51,80,5,2,0,0,0,25,29,17,17,9,3,17,24,70.8,7,13,0,13,15,44,39,3,917,56,247,334,348,47,917,29,13,44.8,16,55.2,505,2636,1184,17,13,22,25,564,0,11,9,3,0,1,0,67,10,6,62.5,39,33.3,78,6,19,19,8,1.76,24,16,+8,+0.63,+0.67,24.0,17.2,+6.8,+0.53,+0.57,,,,,,,,,,,,,,,,,,,,,,,,,,,,,,,,,,,,,,,,,
329,28.9,120,4.15,83,24,2,6,2,3,15,0.52,10,3,0,2,0,0,Alexis Mac Allister,35,30,"2,599",5,5,10,5,0,0,6,0,2.8,2.8,4.7,7.5,36,177,80,0.17,0.17,0.35,0.17,0.35,0.10,0.16,0.26,0.10,0.26,38,13,34.2,1.32,0.45,0.13,0.38,18.1,1,0.07,+2.2,+2.2,1273,1524,83.5,20344,5748,658,729,90.3,493,558,88.4,89,160,55.6,5.6,+0.3,45,122,35,2,1403,116,35,6,3,86,9,71,26,36,0,5,31,95,58,28,51,16,55,104,52.9,49,61,6,55,22,117,29,1,1860,56,284,960,637,60,1860,42,16,38.1,21,50.0,914,3773,2009,43,5,31,22,1227,0,62,40,2,0,0,0,148,19,34,35.8,74,76.0,82,17,5,26,0,2.34,69,24,+45,+1.56,+1.56,64.2,24.3,+39.9,+1.38,+0.98,,,,,,,,,,,,,,,,,,,,,,,,,,,,,,,,,,,,,,,,,
494,20.1,95,4.73,66,13,7,3,6,0,18,0.90,12,2,3,1,0,0,James Maddison,31,21,"1,809",9,7,16,9,0,0,6,0,5.8,5.8,4.2,10.0,45,164,95,0.45,0.35,0.80,0.45,0.80,0.29,0.21,0.50,0.29,0.50,39,17,43.6,1.94,0.85,0.23,0.53,16.7,6,0.15,+3.2,+3.2,1021,1256,81.3,16664,5028,481,529,90.9,424,492,86.2,75,162,46.3,5.9,+2.8,41,123,32,5,1118,132,48,12,5,98,5,59,37,8,0,6,15,31,19,8,16,7,9,29,31.0,20,15,4,11,12,43,19,1,1464,26,210,691,576,77,1464,77,33,42.9,34,44.2,1026,5128,2279,39,20,23,25,1125,0,32,64,4,0,0,0,76,5,7,41.7,58,52.9,75,1,10,24,1,1.10,37,32,+5,+0.25,+0.58,31.5,33.0,-1.5,-0.08,+0.09,,,,,,,,,,,,,,,,,,,,,,,,,,,,,,,,,,,,,,,,,
177,22.6,79,3.50,57,0,10,7,4,1,8,0.35,5,0,0,1,1,1,Noni Madueke,32,27,"2,033",7,3,10,7,0,0,3,0,9.6,9.6,4.2,13.9,154,69,226,0.31,0.13,0.44,0.31,0.44,0.43,0.19,0.61,0.43,0.61,80,30,37.5,3.54,1.33,0.09,0.23,14.4,0,0.12,-2.6,-2.6,530,685,77.4,7705,1853,325,377,86.2,164,215,76.3,22,41,53.7,3.2,-1.2,32,16,35,8,660,20,1,1,4,63,18,1,0,0,0,5,15,25,18,8,12,5,14,38,36.8,24,17,0,17,10,35,11,0,980,22,101,301,595,184,980,102,45,44.1,46,45.1,641,5413,3485,50,93,52,25,756,0,22,25,5,0,0,0,84,11,19,36.7,64,59.4,73,6,5,14,1,1.97,38,28,+10,+0.44,-0.27,43.1,28.9,+14.3,+0.63,+0.23,,,,,,,,,,,,,,,,,,,,,,,,,,,,,,,,,,,,,,,,,
3,26.3,35,1.33,31,0,0,3,1,0,6,0.23,4,0,0,1,1,0,Gabriel Magalhães,28,28,"2,363",3,1,4,3,0,0,4,0,2.6,2.6,0.9,3.5,10,126,11,0.11,0.04,0.15,0.11,0.15,0.10,0.03,0.13,0.10,0.13,22,5,22.7,0.84,0.19,0.14,0.60,9.5,0,0.12,+0.4,+0.4,1480,1641,90.2,25788,7938,598,617,96.9,782,830,94.2,83,154,53.9,1.2,+0.1,13,145,8,0,1560,80,51,1,8,9,3,0,0,0,0,1,8,25,15,12,8,5,12,16,75.0,4,42,29,13,16,41,93,2,1873,189,672,985,225,40,1873,5,4,80.0,1,20.0,1116,4470,2669,22,0,9,2,1366,0,19,19,0,1,0,0,63,53,37,58.9,84,69.1,84,25,0,,0,2.04,50,22,+28,+1.07,+0.47,40.3,23.1,+17.2,+0.66,-0.05,,,,,,,,,,,,,,,,,,,,,,,,,,,,,,,,,,,,,,,,,
649,0.1,0,0.00,0,0,0,0,0,0,0,0.00,0,0,0,0,0,0,Jayden Meghoma,8,0,119,0,0,0,0,0,0,0,0,0.0,0.0,0.0,0.0,0,0,0,0.00,0.00,0.00,0.00,0.00,0.00,0.00,0.00,0.00,0.00,0,0,,0.00,0.00,,,,0,,0.0,0.0,3,3,100.0,28,7,3,3,100.0,0,0,,0,0,,0.0,0.0,0,0,0,0,3,0,0,0,0,0,0,0,0,0,0,0,0,0,0,0,0,0,0,0,,0,0,0,0,0,0,0,0,3,1,2,0,1,0,3,0,0,,0,,1,1,0,0,0,0,0,2,0,0,0,0,0,0,0,1,0,0,,15,3.5,,0,8,15,15,1.25,3,1,+2,+1.51,+1.32,2.2,1.8,+0.4,+0.28,+0.19,,,,,,,,,,,,,,,,,,,,,,,,,,,,,,,,,,,,,,,,,
377,19.5,20,1.02,14,1,0,5,0,0,0,0.00,0,0,0,0,0,0,Harry Maguire,27,19,"1,758",1,0,1,1,0,0,7,0,1.8,1.8,0.6,2.4,7,51,7,0.05,0.00,0.05,0.05,0.05,0.09,0.03,0.12,0.09,0.12,15,6,40.0,0.77,0.31,0.07,0.17,8.2,0,0.12,-0.8,-0.8,965,1128,85.5,17965,6236,354,392,90.3,517,568,91.0,80,139,57.6,0.3,-0.6,9,48,4,0,1083,41,26,0,9,4,1,0,0,0,0,4,5,30,15,23,6,1,17,23,73.9,6,15,12,3,40,70,78,1,1328,147,652,616,76,44,1328,5,2,40.0,3,60.0,782,4821,2056,9,3,10,2,856,0,18,11,2,0,0,0,68,64,25,71.9,65,51.4,82,13,8,26,3,1.07,20,27,-7,-0.36,-0.20,26.4,26.6,-0.2,-0.01,+0.05,,,,,,,,,,,,,,,,,,,,,,,,,,,,,,,,,,,,,,,,,
378,18.3,34,1.85,29,0,4,0,1,0,3,0.16,3,0,0,0,0,0,Kobbie Mainoo,25,19,"1,651",0,0,0,0,0,0,5,0,0.7,0.7,1.6,2.3,22,65,47,0.00,0.00,0.00,0.00,0.00,0.04,0.09,0.12,0.04,0.12,15,2,13.3,0.82,0.11,0.00,0.00,20.5,0,0.05,-0.7,-0.7,723,836,86.5,9649,2346,452,490,92.2,192,219,87.7,31,45,68.9,1.8,-1.6,14,50,12,1,808,23,13,2,4,7,6,0,0,0,0,5,17,46,29,18,14,14,24,40,60.0,16,16,2,14,19,65,14,1,1061,25,197,587,287,36,1061,50,23,46.0,25,50.0,652,2850,1222,17,10,36,36,760,0,27,21,3,0,0,0,88,19,31,38.0,66,48.3,76,8,6,35,1,1.00,19,27,-8,-0.44,-0.33,27.7,25.4,+2.3,+0.12,+0.30,,,,,,,,,,,,,,,,,,,,,,,,,,,,,,,,,,,,,,,,,
379,1.1,2,1.80,1,0,0,0,1,0,0,0.00,0,0,0,0,0,0,Tyrell Malacia,3,2,100,0,0,0,0,0,0,1,0,0.0,0.0,0.0,0.0,3,3,6,0.00,0.00,0.00,0.00,0.00,0.00,0.03,0.03,0.00,0.03,0,0,,0.00,0.00,,,,0,,0.0,0.0,49,55,89.1,642,260,31,33,93.9,13,14,92.9,2,2,100.0,0.0,0.0,1,7,1,0,49,6,0,0,0,1,6,0,0,0,0,0,2,2,1,2,0,0,1,2,50.0,1,0,0,0,1,3,1,1,62,2,20,27,15,0,62,1,1,100.0,0,0.0,37,190,118,2,0,1,2,43,0,3,2,0,0,0,0,3,0,0,,,,,,,,,,,,,,,,,,,,,,,,,,,,,,,,,,,,,,,,,,,,,,,,,,,,,,,,,,,,
725,3.4,6,1.76,5,0,1,0,0,0,0,0.00,0,0,0,0,0,0,Donyell Malen,14,2,305,3,0,3,3,0,0,0,0,2.2,2.2,0.2,2.4,12,6,30,0.89,0.00,0.89,0.89,0.89,0.64,0.05,0.69,0.64,0.69,15,9,60.0,4.43,2.66,0.20,0.33,15.2,0,0.14,+0.8,+0.8,53,77,68.8,712,144,33,40,82.5,14,19,73.7,3,7,42.9,0.2,-0.2,3,2,2,0,71,5,0,0,2,8,1,0,0,0,0,1,3,7,4,3,3,1,1,4,25.0,3,2,0,2,0,7,1,0,129,2,9,33,94,25,129,11,4,36.4,5,45.5,79,652,370,7,7,8,7,87,0,1,5,2,0,0,0,9,4,4,50.0,22,8.9,62,0,12,15,3,1.93,7,6,+1,+0.30,+0.12,7.0,4.7,+2.3,+0.67,+0.57,,,,,,,,,,,,,,,,,,,,,,,,,,,,,,,,,,,,,,,,,
651,14.0,24,1.72,17,1,2,3,1,0,1,0.07,0,0,0,0,1,0,Orel Mangala,19,14,"1,261",1,0,1,1,0,0,2,0,1.1,1.1,0.6,1.8,6,34,19,0.07,0.00,0.07,0.07,0.07,0.08,0.05,0.13,0.08,0.13,16,6,37.5,1.14,0.43,0.06,0.17,22.1,0,0.07,-0.1,-0.1,437,490,89.2,6998,1567,219,242,90.5,187,197,94.9,23,30,76.7,0.6,-0.6,8,50,8,1,485,4,3,0,1,6,0,0,0,0,0,1,10,16,8,3,11,2,5,8,62.5,3,8,3,5,21,37,24,1,621,22,133,335,157,13,621,24,14,58.3,9,37.5,298,1574,576,6,3,12,12,406,0,24,17,2,0,0,0,49,6,8,42.9,66,36.9,84,10,5,18,0,1.21,13,10,+3,+0.21,+0.42,14.2,16.8,-2.6,-0.19,-0.11,,,,,,,,,,,,,,,,,,,,,,,,,,,,,,,,,,,,,,,,,
467,16.2,50,3.08,25,22,0,1,1,1,3,0.18,0,2,0,0,1,0,Ryan Manning,24,18,"1,462",0,1,1,0,0,0,2,0,0.3,0.3,3.2,3.6,14,35,74,0.00,0.06,0.06,0.00,0.06,0.02,0.20,0.22,0.02,0.22,8,1,12.5,0.49,0.06,0.00,0.00,22.0,1,0.04,-0.3,-0.3,619,803,77.1,10360,3336,317,344,92.2,233,288,80.9,55,125,44.0,2.8,-2.2,34,33,12,8,634,162,38,1,3,84,92,32,24,5,0,7,21,28,17,16,10,2,14,26,53.8,12,20,11,9,17,45,47,0,968,72,260,397,321,22,968,36,11,30.6,16,44.4,483,2023,982,13,4,17,5,573,0,19,32,0,0,0,0,65,15,6,71.4,61,42.7,77,5,6,14,7,0.29,12,35,-23,-1.42,+0.28,14.0,35.3,-21.3,-1.31,+0.10,,,,,,,,,,,,,,,,,,,,,,,,,,,,,,,,,,,,,,,,,
132,1.9,7,3.77,6,1,0,0,0,0,2,1.08,2,0,0,0,0,0,Solly March,8,1,168,0,0,0,0,0,0,2,0,0.1,0.1,0.3,0.4,5,2,20,0.00,0.00,0.00,0.00,0.00,0.05,0.15,0.19,0.05,0.19,2,0,0.0,1.07,0.00,0.00,,22.5,0,0.04,-0.1,-0.1,60,95,63.2,990,222,35,40,87.5,16,28,57.1,7,18,38.9,0.3,-0.3,3,2,4,4,81,14,1,0,1,20,6,6,3,2,1,0,7,6,3,2,2,2,5,8,62.5,3,3,0,3,2,8,2,1,118,3,12,33,73,7,118,4,1,25.0,3,75.0,57,398,167,2,3,3,1,67,0,2,2,3,0,0,0,7,1,2,33.3,21,4.9,62,0,7,15,5,1.75,4,3,+1,+0.54,+0.37,3.4,2.8,+0.6,+0.34,+0.25,,,,,,,,,,,,,,,,,,,,,,,,,,,,,,,,,,,,,,,,,
755,13.1,39,2.99,22,3,2,5,7,0,2,0.15,1,0,0,0,1,0,Omar Marmoush,16,14,"1,175",7,0,7,7,0,0,0,0,5.5,5.5,2.8,8.3,29,37,78,0.54,0.00,0.54,0.54,0.54,0.42,0.21,0.64,0.42,0.64,49,17,34.7,3.75,1.30,0.14,0.41,18.6,7,0.11,+1.5,+1.5,252,318,79.2,3443,849,164,193,85.0,69,88,78.4,9,16,56.3,2.1,-2.8,15,10,29,4,291,24,4,2,0,28,1,14,8,3,0,3,3,13,8,2,9,2,8,16,50.0,8,15,1,14,6,19,3,0,504,6,34,152,326,68,504,46,20,43.5,21,45.7,320,1975,960,20,15,45,19,361,0,15,20,10,1,0,0,37,5,11,31.3,73,34.4,82,4,2,15,0,2.06,26,12,+14,+1.07,+0.51,23.9,14.1,+9.8,+0.75,+0.33,,,,,,,,,,,,,,,,,,,,,,,,,,,,,,,,,,,,,,,,,
9,25.4,74,2.91,55,1,8,7,3,0,7,0.27,4,0,1,1,1,0,Gabriel Martinelli,33,25,"2,290",8,4,12,8,0,0,1,0,7.4,7.4,5.0,12.4,124,52,289,0.31,0.16,0.47,0.31,0.47,0.29,0.19,0.49,0.29,0.49,55,24,43.6,2.16,0.94,0.15,0.33,12.9,0,0.14,+0.6,+0.6,499,699,71.4,7113,1534,324,385,84.2,135,193,69.9,26,52,50.0,4.7,-1.0,40,11,37,15,679,15,0,5,2,92,12,3,3,0,0,5,37,23,15,9,6,8,7,23,30.4,16,15,0,15,5,28,19,0,994,17,102,247,660,182,994,109,33,30.3,60,55.0,670,4985,2620,33,64,50,38,752,0,16,21,8,0,0,0,78,17,39,30.4,69,67.0,81,10,8,33,2,1.94,45,25,+20,+0.79,-0.41,38.5,25.9,+12.6,+0.49,-0.54,,,,,,,,,,,,,,,,,,,,,,,,,,,,,,,,,,,,,,,,,
47,35.5,6,0.17,5,1,0,0,0,0,1,0.03,1,0,0,0,0,0,Emiliano Martínez,37,37,"3,194",0,0,0,0,0,0,5,1,0.0,0.0,0.5,0.5,0,4,0,0.00,0.00,0.00,0.00,0.00,0.00,0.02,0.02,0.00,0.02,0,0,,0.00,0.00,,,,0,,0.0,0.0,1091,1387,78.7,28659,17513,194,198,98.0,629,640,98.3,268,542,49.4,0.1,-0.5,2,27,0,0,1117,263,91,0,2,0,0,0,0,0,0,7,0,3,3,3,0,0,2,2,100.0,0,1,0,1,0,3,17,6,1449,1095,1429,20,0,0,1449,1,1,100.0,0,0.0,889,4616,2936,0,0,1,0,784,0,2,6,0,0,0,0,34,10,1,90.9,86,93.4,86,34,0,,0,1.70,56,45,+11,+0.31,+1.90,53.5,44.7,+8.9,+0.25,+1.42,37,37,"3,194",45,1.27,142,96,69.0,18,9,10,8,21.6,2,1,1,0,50.0,1,2,0,45.8,0.32,+0.8,+0.02,162,420,38.6,1208,132,26.3,30.4,172,59.3,46.3,498,56,11.2,35,0.99,13.7
380,19.5,26,1.34,23,0,0,2,0,1,2,0.10,2,0,0,0,0,0,Lisandro Martínez,20,20,"1,751",2,1,3,2,0,0,7,0,1.3,1.3,1.1,2.4,23,117,7,0.10,0.05,0.15,0.10,0.15,0.07,0.06,0.13,0.07,0.13,17,6,35.3,0.87,0.31,0.12,0.33,15.9,0,0.08,+0.7,+0.7,1200,1342,89.4,20292,7055,522,554,94.2,601,646,93.0,64,116,55.2,1.3,-0.1,9,91,18,2,1285,54,15,5,3,9,16,0,0,0,0,3,7,40,24,25,12,3,21,36,58.3,15,22,8,14,32,72,57,1,1524,156,713,697,125,18,1524,7,6,85.7,1,14.3,1017,5141,3129,23,2,1,3,1069,0,22,7,0,0,0,0,81,16,13,55.2,88,51.2,88,17,0,,2,1.35,25,27,-2,-0.10,+0.33,29.7,29.7,-0.1,0.00,+0.06,,,,,,,,,,,,,,,,,,,,,,,,,,,,,,,,,,,,,,,,,
499,21.3,45,2.12,35,2,2,4,0,2,7,0.33,5,0,1,1,0,0,Pape Matar Sarr,36,22,"1,913",3,2,5,3,0,0,6,0,3.7,3.7,1.6,5.3,33,88,53,0.14,0.09,0.24,0.14,0.24,0.17,0.08,0.25,0.17,0.25,34,13,38.2,1.60,0.61,0.09,0.23,20.9,0,0.11,-0.7,-0.7,889,1029,86.4,13609,3128,462,509,90.8,347,386,89.9,45,62,72.6,0.8,+0.4,15,85,12,2,999,26,9,1,3,14,12,0,0,0,0,4,20,49,36,19,23,7,12,25,48.0,13,26,10,16,30,79,25,1,1253,47,274,699,302,28,1253,30,11,36.7,16,53.3,772,4547,1918,37,5,29,22,872,0,34,35,2,0,1,0,115,34,45,43.0,53,55.9,70,6,14,27,2,0.97,34,38,-4,-0.19,-0.37,31.0,36.7,-5.7,-0.27,-0.34,,,,,,,,,,,,,,,,,,,,,,,,,,,,,,,,,,,,,,,,,
207,29.4,65,2.21,44,0,5,11,5,0,10,0.34,5,0,3,2,0,0,Jean-Philippe Mateta,37,33,"2,648",14,2,16,12,2,2,2,0,13.5,11.9,3.2,15.1,45,52,122,0.48,0.07,0.54,0.41,0.48,0.46,0.11,0.57,0.41,0.51,68,29,42.6,2.31,0.99,0.18,0.41,15.6,0,0.18,+0.5,+0.1,291,447,65.1,3849,1016,176,232,75.9,83,130,63.8,7,23,30.4,2.3,-1.2,29,34,16,2,438,8,0,7,0,26,0,0,0,0,0,1,17,18,12,5,11,2,3,16,18.8,13,19,4,15,2,20,23,0,739,26,64,350,340,94,737,46,20,43.5,22,47.8,400,2143,1048,22,10,72,45,539,0,27,28,21,0,0,0,68,63,107,37.1,72,77.4,78,17,4,19,0,1.35,43,37,+6,+0.20,+0.90,47.3,36.6,+10.7,+0.37,+0.30,,,,,,,,,,,,,,,,,,,,,,,,,,,,,,,,,,,,,,,,,
298,17.9,50,2.78,39,2,4,2,2,1,7,0.39,6,0,1,0,0,0,Stephy Mavididi,30,16,"1,615",4,1,5,4,0,0,2,0,1.8,1.8,2.6,4.4,91,57,138,0.22,0.06,0.28,0.22,0.28,0.10,0.15,0.25,0.10,0.25,26,7,26.9,1.45,0.39,0.15,0.57,16.1,1,0.07,+2.2,+2.2,460,613,75.0,6191,1429,286,314,91.1,124,184,67.4,18,43,41.9,3.3,-1.6,22,32,26,7,588,20,2,6,0,69,11,7,4,2,0,5,24,34,19,16,10,8,14,42,33.3,28,26,2,24,11,45,15,0,863,23,132,327,421,61,863,95,35,36.8,47,49.5,583,4343,2355,40,27,39,35,623,0,18,18,3,0,0,0,83,9,15,37.5,54,47.2,81,3,14,23,3,0.50,18,38,-20,-1.11,+0.23,17.9,36.1,-18.1,-1.01,+0.04,,,,,,,,,,,,,,,,,,,,,,,,,,,,,,,,,,,,,,,,,
528,22.7,16,0.70,12,0,1,2,0,1,0,0.00,0,0,0,0,0,0,Konstantinos Mavropanos,33,21,"2,045",0,0,0,0,0,0,6,1,1.5,1.5,0.5,2.0,17,61,2,0.00,0.00,0.00,0.00,0.00,0.07,0.02,0.09,0.07,0.09,18,5,27.8,0.79,0.22,0.00,0.00,14.8,0,0.09,-1.5,-1.5,1092,1265,86.3,21548,7277,341,373,91.4,643,693,92.8,102,176,58.0,0.4,-0.5,5,64,4,1,1203,58,39,1,24,2,15,0,0,0,0,4,10,35,24,24,10,1,16,27,59.3,11,25,18,7,40,75,126,1,1532,244,806,671,63,24,1532,17,9,52.9,5,29.4,864,4287,2292,10,1,12,0,1008,1,17,16,3,0,0,0,77,57,25,69.5,62,59.8,85,17,12,22,3,1.15,22,38,-16,-0.70,-0.70,25.9,36.7,-10.9,-0.48,-0.36,,,,,,,,,,,,,,,,,,,,,,,,,,,,,,,,,,,,,,,,,
594,31.5,56,1.78,46,2,1,2,3,2,1,0.03,1,0,0,0,0,0,Noussair Mazraoui,37,34,"2,838",0,1,1,0,0,0,3,0,0.7,0.7,1.5,2.2,42,115,58,0.00,0.03,0.03,0.00,0.03,0.02,0.05,0.07,0.02,0.07,13,3,23.1,0.41,0.10,0.00,0.00,20.6,0,0.05,-0.7,-0.7,1526,1781,85.7,23059,8056,834,913,91.3,574,644,89.1,73,130,56.2,1.9,-0.5,20,125,20,5,1578,202,24,7,6,23,168,0,0,0,0,1,35,115,68,58,42,15,59,94,62.8,35,36,9,27,34,149,95,1,2139,167,839,976,349,30,2139,48,26,54.2,18,37.5,1172,5481,2884,32,3,25,17,1289,0,38,25,4,0,1,0,149,50,30,62.5,77,83.0,81,20,3,24,0,1.14,23,43,-20,-0.63,-2.18,38.6,45.5,-6.9,-0.22,-1.08,,,,,,,,,,,,,,,,,,,,,,,,,,,,,,,,,,,,,,,,,
99,37.9,144,3.80,98,23,11,8,4,0,20,0.53,11,3,2,3,1,0,Bryan Mbeumo,38,38,"3,414",20,7,27,15,5,6,3,0,12.3,7.5,8.3,15.9,130,141,351,0.53,0.18,0.71,0.40,0.58,0.32,0.22,0.54,0.20,0.42,79,34,43.0,2.08,0.90,0.19,0.44,17.9,6,0.10,+7.7,+7.5,872,1319,66.1,13902,4325,476,602,79.1,313,441,71.0,68,183,37.2,9.3,-1.3,70,63,59,19,1162,149,40,13,9,202,17,87,70,2,0,8,50,49,31,18,15,16,21,35,60.0,14,26,3,23,14,63,55,1,1781,62,246,567,998,168,1775,111,52,46.8,47,42.3,1077,6721,3519,69,75,106,47,1204,0,25,44,11,0,0,0,156,34,74,31.5,90,99.8,90,35,0,,0,1.47,66,55,+11,+0.29,+30.29,58.5,54.6,+3.9,+0.10,+4.39,,,,,,,,,,,,,,,,,,,,,,,,,,,,,,,,,,,,,,,,,
357,3.9,4,1.03,3,0,1,0,0,0,1,0.26,0,0,1,0,0,0,James Mcatee,15,3,349,3,0,3,3,0,0,1,0,2.8,2.8,0.5,3.3,7,7,32,0.77,0.00,0.77,0.77,0.77,0.72,0.13,0.85,0.72,0.85,12,4,33.3,3.09,1.03,0.25,0.75,14.3,0,0.23,+0.2,+0.2,100,125,80.0,1491,254,57,65,87.7,40,45,88.9,3,9,33.3,0.8,-0.5,3,7,2,0,122,3,1,1,0,8,0,1,1,0,0,0,4,5,2,0,4,1,1,7,14.3,6,8,0,8,2,7,1,0,168,2,17,62,90,21,168,7,2,28.6,5,71.4,96,486,211,6,1,5,1,122,0,6,3,0,0,0,0,8,2,3,40.0,23,10.2,66,0,12,13,20,2.33,9,6,+3,+0.77,+0.04,7.5,5.2,+2.3,+0.59,+0.06,,,,,,,,,,,,,,,,,,,,,,,,,,,,,,,,,,,,,,,,,
299,9.5,20,2.11,18,0,0,0,2,0,2,0.21,1,0,0,0,1,0,Kasey McAteer,18,9,852,1,1,2,1,0,0,3,0,1.0,1.0,0.7,1.7,19,14,71,0.11,0.11,0.21,0.11,0.21,0.11,0.08,0.18,0.11,0.18,13,7,53.8,1.37,0.74,0.08,0.14,16.4,0,0.08,0.0,0.0,183,252,72.6,2556,613,118,140,84.3,54,72,75.0,6,12,50.0,0.6,+0.3,9,13,6,2,241,7,0,0,0,21,7,0,0,0,0,4,13,23,16,11,9,3,14,29,48.3,15,18,2,16,5,28,15,0,379,21,76,141,169,30,379,25,6,24.0,15,60.0,224,1455,575,11,9,20,16,243,0,18,15,3,0,0,0,45,13,17,43.3,47,24.9,78,1,9,16,2,0.78,10,16,-6,-0.63,+0.80,10.0,19.6,-9.5,-1.01,+0.04,,,,,,,,,,,,,,,,,,,,,,,,,,,,,,,,,,,,,,,,,
469,5.0,0,0.00,0,0,0,0,0,0,0,0.00,0,0,0,0,0,0,Alex McCarthy,5,5,450,0,0,0,0,0,0,0,0,0.0,0.0,0.0,0.0,0,0,0,0.00,0.00,0.00,0.00,0.00,0.00,0.00,0.00,0.00,0.00,0,0,,0.00,0.00,,,,0,,0.0,0.0,117,156,75.0,2823,1985,41,43,95.3,45,49,91.8,30,61,49.2,0.0,0.0,0,5,0,0,126,29,6,0,1,0,0,0,0,0,0,1,1,0,0,0,0,0,0,0,,0,0,0,0,0,0,1,4,173,141,173,0,0,0,173,0,0,,0,,100,452,276,0,0,0,0,88,0,0,1,0,0,0,0,4,2,0,100.0,90,13.2,90,5,0,,33,0.00,3,13,-10,-2.00,-0.48,4.8,10.8,-6.1,-1.21,+0.18,5,5,450,13,2.60,37,24,70.3,0,0,5,0,0.0,2,2,0,0,0.0,0,1,0,12.6,0.29,-0.4,-0.07,24,52,46.2,132,29,33.3,29.5,23,34.8,30.7,74,8,10.8,0,0.00,6.5
48,24.7,76,3.08,56,9,1,4,5,1,8,0.32,6,2,0,0,0,0,John McGinn,34,27,"2,223",1,4,5,1,0,0,7,0,3.1,2.8,3.5,6.3,32,103,87,0.04,0.16,0.20,0.04,0.20,0.13,0.14,0.27,0.11,0.26,31,5,16.1,1.26,0.20,0.03,0.20,17.0,1,0.09,-2.1,-1.8,699,854,81.9,11807,3243,336,367,91.6,285,332,85.8,64,111,57.7,2.7,+0.5,31,70,29,8,792,61,27,9,2,60,4,22,11,5,0,1,17,33,24,10,14,9,13,31,41.9,18,22,2,20,14,47,18,3,1072,31,164,558,361,58,1072,47,20,42.6,13,27.7,581,2930,1270,17,7,37,29,744,0,43,69,3,1,0,0,100,17,12,58.6,65,65.0,77,11,7,21,0,1.76,33,34,-1,-0.04,-0.64,35.8,34.8,+1.0,+0.04,-0.33,,,,,,,,,,,,,,,,,,,,,,,,,,,,,,,,,,,,,,,,,
230,15.2,72,4.73,39,22,6,2,2,1,10,0.66,5,2,2,0,0,1,Dwight McNeil,21,15,"1,371",4,6,10,4,0,0,1,0,1.1,1.1,5.2,6.3,38,69,80,0.26,0.39,0.66,0.26,0.66,0.07,0.34,0.41,0.07,0.41,25,10,40.0,1.64,0.66,0.16,0.40,21.9,0,0.04,+2.9,+2.9,461,619,74.5,8501,2790,215,246,87.4,165,200,82.5,70,136,51.5,4.3,+0.8,37,40,36,10,516,99,32,8,5,105,5,45,32,5,4,4,16,13,8,6,5,2,9,21,42.9,12,7,0,7,6,19,2,1,748,6,73,328,368,25,748,45,24,53.3,20,44.4,443,2674,1162,34,5,26,33,510,0,6,18,1,0,0,0,76,3,17,15.0,65,40.1,85,10,6,15,0,1.29,20,24,-4,-0.26,-0.35,17.5,21.5,-4.0,-0.26,-0.24,,,,,,,,,,,,,,,,,,,,,,,,,,,,,,,,,,,,,,,,,
381,0.2,1,4.74,0,0,0,1,0,0,0,0.00,0,0,0,0,0,0,Scott McTominay,2,0,19,0,0,0,0,0,0,0,0,0.1,0.1,0.0,0.1,0,1,2,0.00,0.00,0.00,0.00,0.00,0.33,0.00,0.33,0.33,0.33,1,0,0.0,4.74,0.00,0.00,,10.7,0,0.07,-0.1,-0.1,10,10,100.0,186,99,5,5,100.0,3,3,100.0,2,2,100.0,0.0,0.0,0,2,0,0,8,2,0,0,0,0,1,0,0,0,0,0,0,0,0,0,0,0,0,1,0.0,1,0,0,0,0,0,1,0,14,1,3,8,3,1,14,1,0,0.0,1,100.0,10,68,44,0,0,1,1,9,0,0,0,0,0,0,0,1,1,0,100.0,,,,,,,,,,,,,,,,,,,,,,,,,,,,,,,,,,,,,,,,,,,,,,,,,,,,,,,,,,,
100,2.0,0,0.00,0,0,0,0,0,0,0,0.00,0,0,0,0,0,0,Ben Mee,7,2,183,0,0,0,0,0,0,2,0,0.0,0.0,0.0,0.0,3,11,2,0.00,0.00,0.00,0.00,0.00,0.00,0.00,0.00,0.00,0.00,0,0,,0.00,0.00,,,,0,,0.0,0.0,93,120,77.5,1751,688,34,38,89.5,51,60,85.0,8,20,40.0,0.0,0.0,0,10,0,0,108,12,5,0,1,0,4,0,0,0,0,0,1,2,2,0,2,0,1,1,100.0,0,3,3,0,4,6,7,0,138,18,66,62,11,3,138,0,0,,0,,78,404,274,1,1,0,0,86,0,5,0,0,0,0,0,11,5,5,50.0,26,5.4,84,1,5,3,28,1.86,1,4,-3,-1.48,-1.81,2.9,2.7,+0.2,+0.10,0.00,,,,,,,,,,,,,,,,,,,,,,,,,,,,,,,,,,,,,,,,,
633,17.6,43,2.44,35,0,0,6,2,0,4,0.23,3,0,0,1,0,0,Mikel Merino,28,17,"1,586",7,2,9,7,0,0,4,1,5.9,5.9,2.0,7.9,11,69,94,0.40,0.11,0.51,0.40,0.51,0.34,0.11,0.45,0.34,0.45,38,13,34.2,2.16,0.74,0.18,0.54,10.7,0,0.16,+1.1,+1.1,451,577,78.2,6182,1776,285,328,86.9,128,165,77.6,17,31,54.8,1.2,0.0,17,40,24,4,567,5,4,5,1,13,1,0,0,0,0,5,12,46,28,7,26,13,20,36,55.6,16,18,5,13,15,61,26,2,783,37,140,330,323,79,783,23,9,39.1,10,43.5,388,1518,747,13,4,24,27,504,1,41,23,7,0,0,0,86,59,55,51.8,57,46.4,83,11,11,16,0,1.79,28,17,+11,+0.62,-0.55,28.9,15.5,+13.4,+0.76,+0.17,,,,,,,,,,,,,,,,,,,,,,,,,,,,,,,,,,,,,,,,,
781,0.0,0,0.00,0,0,0,0,0,0,0,0.00,0,0,0,0,0,0,Shumaira Mheuka,1,0,1,0,0,0,0,0,0,0,0,0.1,0.1,0.0,0.1,0,0,0,0.00,0.00,0.00,0.00,0.00,5.06,0.00,5.06,5.06,5.06,1,1,100.0,90.00,90.00,0.00,0.00,7.2,0,0.06,-0.1,-0.1,0,0,,0,0,0,0,,0,0,,0,0,,0.0,0.0,0,0,0,0,0,0,0,0,0,0,0,0,0,0,0,0,0,0,0,0,0,0,0,0,,0,0,0,0,0,0,0,0,2,0,0,0,2,1,2,0,0,,0,,1,0,0,0,0,0,0,2,0,0,0,0,0,0,0,0,1,0,100.0,,,,,,,,,,,,,,,,,,,,,,,,,,,,,,,,,,,,,,,,,,,,,,,,,,,,,,,,,,,
573,37.0,21,0.57,16,0,0,4,0,1,3,0.08,3,0,0,0,0,0,Nikola Milenković,37,37,"3,330",5,2,7,5,0,0,4,0,4.0,4.0,1.1,5.1,3,51,6,0.14,0.05,0.19,0.14,0.19,0.11,0.03,0.14,0.11,0.14,29,8,27.6,0.78,0.22,0.17,0.63,11.6,0,0.14,+1.0,+1.0,850,1033,82.3,17093,6325,258,293,88.1,475,538,88.3,103,167,61.7,0.5,+0.9,9,53,2,0,994,32,32,0,3,0,0,0,0,0,0,7,3,51,29,36,13,2,27,34,79.4,7,41,24,17,27,78,209,1,1412,257,775,552,89,64,1412,1,1,100.0,0,0.0,547,2345,1116,3,2,4,2,727,0,20,5,2,0,0,0,85,101,39,72.1,90,97.4,90,37,0,,0,1.73,57,45,+12,+0.32,+0.32,44.2,47.7,-3.5,-0.09,-0.19,,,,,,,,,,,,,,,,,,,,,,,,,,,,,,,,,,,,,,,,,
411,3.5,4,1.15,3,0,0,0,0,1,0,0.00,0,0,0,0,0,0,Lewis Miley,14,1,313,1,0,1,1,0,0,0,0,0.5,0.5,0.0,0.6,2,17,8,0.29,0.00,0.29,0.29,0.29,0.16,0.01,0.16,0.16,0.16,3,2,66.7,0.86,0.58,0.33,0.50,14.6,0,0.18,+0.5,+0.5,168,191,88.0,2439,402,94,105,89.5,59,61,96.7,7,10,70.0,0.3,0.0,1,11,4,0,189,1,1,1,0,0,0,0,0,0,0,1,4,14,11,5,7,2,7,14,50.0,7,5,1,4,2,16,5,2,235,5,44,124,68,6,235,3,1,33.3,1,33.3,112,544,202,2,0,8,1,163,0,3,1,0,0,0,0,16,6,7,46.2,22,9.2,90,1,13,17,12,2.14,6,4,+2,+0.58,+0.02,4.9,5.2,-0.3,-0.09,-0.63,,,,,,,,,,,,,,,,,,,,,,,,,,,,,,,,,,,,,,,,,
134,1.9,8,4.24,5,2,0,0,1,0,0,0.00,0,0,0,0,0,0,James Milner,4,3,170,0,0,0,0,0,0,1,0,0.2,0.2,0.2,0.4,1,10,10,0.00,0.00,0.00,0.00,0.00,0.09,0.12,0.21,0.09,0.21,2,0,0.0,1.06,0.00,0.00,,16.0,0,0.08,-0.2,-0.2,55,74,74.3,899,347,26,28,92.9,23,30,76.7,4,11,36.4,0.2,-0.2,4,3,1,1,63,11,4,2,0,8,0,6,2,3,0,0,1,5,2,1,3,1,3,3,100.0,0,4,2,2,2,7,2,1,93,3,13,49,31,4,93,1,1,100.0,0,0.0,47,223,97,1,0,0,0,59,0,3,1,0,0,0,0,2,0,1,0.0,,,,,,,,,,,,,,,,,,,,,,,,,,,,,,,,,,,,,,,,,,,,,,,,,,,,,,,,,,,
49,12.4,18,1.45,15,0,0,1,1,1,2,0.16,1,0,0,1,0,0,Tyrone Mings,14,12,"1,120",0,0,0,0,0,0,1,0,0.8,0.8,0.2,1.0,7,40,1,0.00,0.00,0.00,0.00,0.00,0.07,0.02,0.08,0.07,0.08,9,1,11.1,0.72,0.08,0.00,0.00,11.8,0,0.09,-0.8,-0.8,596,676,88.2,10642,3364,234,256,91.4,323,342,94.4,34,64,53.1,0.2,-0.2,3,48,5,0,630,46,20,0,3,1,0,0,0,0,0,0,7,7,6,6,1,0,2,2,100.0,0,13,11,2,7,14,61,1,794,146,405,346,47,17,794,3,2,66.7,1,33.3,484,2662,1365,13,1,3,1,532,0,4,11,0,0,0,0,38,27,22,55.1,80,32.7,81,9,2,73,13,2.29,26,11,+15,+1.21,+1.52,23.5,13.1,+10.5,+0.84,+1.02,,,,,,,,,,,,,,,,,,,,,,,,,,,,,,,,,,,,,,,,,
135,20.4,64,3.14,37,8,13,3,2,1,13,0.64,6,0,6,1,0,0,Yankuba Minteh,32,20,"1,838",6,4,10,6,0,0,6,0,4.1,4.1,5.0,9.1,90,48,201,0.29,0.20,0.49,0.29,0.49,0.20,0.24,0.44,0.20,0.44,34,16,47.1,1.66,0.78,0.18,0.38,13.8,0,0.12,+1.9,+1.9,348,557,62.5,5531,1843,200,257,77.8,107,172,62.2,31,67,46.3,5.0,-1.0,29,14,36,9,510,45,9,4,4,91,20,16,7,6,0,2,36,48,35,25,13,10,17,45,37.8,28,22,0,22,11,59,31,0,836,30,135,228,491,146,836,98,46,46.9,43,43.9,481,3573,2105,24,67,53,28,511,0,21,11,6,0,0,0,85,17,34,33.3,57,53.7,78,3,12,24,1,1.59,37,33,+4,+0.20,+0.03,34.5,27.6,+6.9,+0.34,+0.49,,,,,,,,,,,,,,,,,,,,,,,,,,,,,,,,,,,,,,,,,
210,34.4,72,2.10,65,1,0,3,2,1,7,0.20,6,0,0,0,1,0,Tyrick Mitchell,37,37,"3,092",0,5,5,0,0,0,2,0,1.3,1.3,6.4,7.7,63,70,171,0.00,0.15,0.15,0.00,0.15,0.04,0.19,0.22,0.04,0.22,12,3,25.0,0.35,0.09,0.00,0.00,12.8,0,0.11,-1.3,-1.3,976,1355,72.0,15688,5986,509,600,84.8,383,512,74.8,61,147,41.5,3.7,-1.4,41,51,33,16,1122,228,8,0,2,105,220,0,0,0,0,5,61,91,55,57,27,7,25,46,54.3,21,68,12,56,19,110,108,2,1754,114,622,671,475,43,1754,38,16,42.1,17,44.7,820,3825,1771,36,9,38,30,902,0,23,25,2,1,0,0,168,20,21,48.8,84,90.4,84,25,0,,1,1.35,43,46,-3,-0.09,-0.91,53.3,45.3,+8.0,+0.23,-0.68,,,,,,,,,,,,,,,,,,,,,,,,,,,,,,,,,,,,,,,,,
136,28.9,87,3.01,73,0,6,3,4,1,10,0.35,9,0,0,0,1,0,Kaoru Mitoma,36,28,"2,603",10,4,14,10,0,0,1,0,9.2,9.2,4.6,13.8,146,89,291,0.35,0.14,0.48,0.35,0.48,0.32,0.16,0.48,0.32,0.48,57,27,47.4,1.97,0.93,0.18,0.37,13.9,0,0.16,+0.8,+0.8,749,988,75.8,9777,2226,505,579,87.2,189,265,71.3,23,52,44.2,4.0,-0.6,37,36,36,8,965,19,0,9,1,75,19,0,0,0,0,4,39,45,27,15,14,16,19,49,38.8,30,48,3,45,14,59,10,0,1375,17,155,468,782,164,1375,131,52,39.7,74,56.5,830,6659,3906,82,56,53,23,966,0,40,24,5,0,0,0,99,26,27,49.1,72,76.1,85,14,8,29,0,1.64,53,40,+13,+0.45,+1.11,44.1,37.1,+6.9,+0.24,+0.55,,,,,,,,,,,,,,,,,,,,,,,,,,,,,,,,,,,,,,,,,
137,0.1,4,32.73,4,0,0,0,0,0,0,0.00,0,0,0,0,0,0,Jakub Moder,4,0,11,0,0,0,0,0,0,0,0,0.0,0.0,0.2,0.2,2,4,0,0.00,0.00,0.00,0.00,0.00,0.00,1.45,1.45,0.00,1.45,0,0,,0.00,0.00,,,,0,,0.0,0.0,18,22,81.8,254,82,10,14,71.4,8,8,100.0,0,0,,0.5,-0.2,3,0,1,1,22,0,0,0,0,1,0,0,0,0,0,0,0,1,0,1,0,0,0,2,0.0,2,0,0,0,0,1,3,0,27,2,7,12,9,1,27,0,0,,0,,13,93,62,3,0,0,0,14,0,0,0,0,0,0,0,2,0,1,0.0,,,,,,,,,,,,,,,,,,,,,,,,,,,,,,,,,,,,,,,,,,,,,,,,,,,,,,,,,,,
792,1.2,2,1.61,2,0,0,0,0,0,0,0.00,0,0,0,0,0,0,Jeremy Monga,7,0,112,0,0,0,0,0,0,0,0,0.2,0.2,0.0,0.2,6,3,10,0.00,0.00,0.00,0.00,0.00,0.13,0.01,0.14,0.13,0.14,3,1,33.3,2.41,0.80,0.00,0.00,19.8,0,0.05,-0.2,-0.2,18,29,62.1,215,53,13,15,86.7,5,6,83.3,0,3,0.0,0.0,0.0,1,2,1,0,28,1,1,0,0,4,0,0,0,0,0,0,5,2,1,0,1,1,1,1,100.0,0,3,2,1,0,2,1,0,51,1,9,16,27,5,51,7,2,28.6,3,42.9,37,336,157,2,3,5,2,32,0,0,5,0,0,0,0,10,0,1,0.0,16,3.3,,0,7,16,0,1.00,2,3,-1,-0.80,+0.45,0.9,1.6,-0.6,-0.52,+0.53,,,,,,,,,,,,,,,,,,,,,,,,,,,,,,,,,,,,,,,,,
610,4.1,12,2.95,7,2,0,1,2,0,2,0.49,1,0,0,1,0,0,Mikey Moore,10,3,366,0,1,1,0,0,0,0,0,0.2,0.2,0.3,0.5,12,9,40,0.00,0.25,0.25,0.00,0.25,0.05,0.08,0.13,0.05,0.13,3,0,0.0,0.74,0.00,0.00,,19.5,0,0.07,-0.2,-0.2,67,96,69.8,853,226,42,45,93.3,18,30,60.0,2,7,28.6,0.6,+0.7,3,2,5,1,88,8,0,0,0,16,2,6,3,0,0,0,5,2,1,2,0,0,0,4,0.0,4,2,0,2,1,3,4,0,142,4,17,43,83,13,142,17,2,11.8,13,76.5,106,781,374,6,5,10,7,107,0,3,7,3,0,0,0,11,1,6,14.3,37,10.7,64,0,7,25,8,1.00,4,5,-1,-0.25,-0.25,4.7,6.7,-2.1,-0.51,-0.44,,,,,,,,,,,,,,,,,,,,,,,,,,,,,,,,,,,,,,,,,
653,10.1,3,0.30,3,0,0,0,0,0,0,0.00,0,0,0,0,0,0,Morato,26,6,907,0,0,0,0,0,0,5,0,0.2,0.2,0.0,0.2,1,19,1,0.00,0.00,0.00,0.00,0.00,0.02,0.00,0.02,0.02,0.02,2,1,50.0,0.20,0.10,0.00,0.00,8.6,0,0.09,-0.2,-0.2,238,309,77.0,3987,1931,107,123,87.0,108,129,83.7,15,35,42.9,0.0,0.0,0,19,0,0,290,17,11,1,0,0,3,0,0,0,0,2,11,22,14,18,3,1,13,21,61.9,8,14,5,9,10,32,78,2,457,90,270,170,19,2,457,2,2,100.0,0,0.0,164,789,417,2,0,6,3,206,0,11,2,0,0,0,0,36,6,14,30.0,35,26.5,84,4,20,20,8,2.15,19,14,+5,+0.50,+0.25,13.4,14.0,-0.6,-0.06,+0.05,,,,,,,,,,,,,,,,,,,,,,,,,,,,,,,,,,,,,,,,,
26,10.6,16,1.51,15,1,0,0,0,0,2,0.19,2,0,0,0,0,0,Álex Moreno,15,11,955,0,1,1,0,0,0,2,0,0.2,0.2,1.3,1.4,26,34,34,0.00,0.09,0.09,0.00,0.09,0.02,0.12,0.13,0.02,0.13,6,0,0.0,0.57,0.00,0.00,,23.7,0,0.03,-0.2,-0.2,308,428,72.0,4574,1911,184,210,87.6,95,148,64.2,14,40,35.0,1.1,-0.3,8,25,9,2,338,86,1,3,1,19,85,0,0,0,0,4,10,25,18,20,5,0,15,39,38.5,24,11,5,6,15,40,43,0,559,60,210,202,158,8,559,21,8,38.1,8,38.1,229,1470,864,16,4,13,6,258,0,12,6,0,0,0,0,50,3,11,21.4,64,27.9,79,3,4,23,12,1.40,11,16,-5,-0.47,-1.09,10.8,13.6,-2.9,-0.27,-0.25,,,,,,,,,,,,,,,,,,,,,,,,,,,,,,,,,,,,,,,,,
278,30.6,51,1.67,46,4,0,0,1,0,2,0.07,2,0,0,0,0,0,Sam Morsy,33,31,"2,751",1,1,2,1,0,0,10,0,0.4,0.4,1.2,1.6,22,120,13,0.03,0.03,0.07,0.03,0.07,0.01,0.04,0.05,0.01,0.05,13,3,23.1,0.43,0.10,0.08,0.33,27.2,0,0.03,+0.6,+0.6,1249,1445,86.4,20142,5579,637,686,92.9,502,546,91.9,79,139,56.8,1.5,-0.2,24,149,17,4,1388,50,49,2,5,15,0,0,0,0,0,7,22,68,41,40,24,4,27,62,43.5,35,34,13,21,29,97,47,5,1683,97,498,953,248,6,1683,29,17,58.6,9,31.0,852,4649,2101,24,3,17,13,1137,0,48,27,0,0,1,1,157,18,24,42.9,83,80.4,88,23,2,16,2,0.64,28,67,-39,-1.28,-0.33,28.3,56.5,-28.2,-0.92,+0.44,,,,,,,,,,,,,,,,,,,,,,,,,,,,,,,,,,,,,,,,,
558,4.9,5,1.02,5,0,0,0,0,0,0,0.00,0,0,0,0,0,0,Yerson Mosquera,5,5,441,0,0,0,0,0,0,2,0,0.3,0.3,0.1,0.4,0,7,0,0.00,0.00,0.00,0.00,0.00,0.07,0.02,0.09,0.07,0.09,2,0,0.0,0.41,0.00,0.00,,12.4,0,0.17,-0.3,-0.3,205,240,85.4,3996,1184,66,73,90.4,115,123,93.5,22,35,62.9,0.0,-0.1,2,16,1,1,230,9,4,0,1,2,0,0,0,0,0,1,3,11,7,9,2,0,9,14,64.3,5,13,10,3,10,21,14,0,294,43,170,115,12,7,294,0,0,,0,,168,683,322,1,0,4,1,182,0,6,7,1,0,0,0,24,11,6,64.7,88,12.9,88,4,0,,0,0.20,5,12,-7,-1.43,-1.19,4.9,6.0,-1.1,-0.22,+0.18,,,,,,,,,,,,,,,,,,,,,,,,,,,,,,,,,,,,,,,,,
382,6.9,22,3.18,15,3,0,3,1,0,0,0.00,0,0,0,0,0,0,Mason Mount,17,8,622,1,0,1,1,0,0,3,0,3.2,3.2,0.6,3.8,15,33,41,0.14,0.00,0.14,0.14,0.14,0.47,0.08,0.55,0.47,0.55,20,9,45.0,2.89,1.30,0.05,0.11,15.0,0,0.17,-2.2,-2.2,207,253,81.8,3015,709,120,138,87.0,58,71,81.7,13,18,72.2,0.6,-0.6,8,19,8,2,238,15,8,2,2,13,3,4,3,1,0,0,8,15,5,5,8,2,9,12,75.0,3,11,1,10,4,19,4,0,339,11,45,161,137,31,339,10,1,10.0,8,80.0,215,1067,490,11,2,16,9,249,0,16,9,1,0,0,0,18,4,8,33.3,37,18.2,53,0,9,22,3,0.88,2,11,-9,-1.30,-1.27,9.8,8.1,+1.7,+0.25,+0.34,,,,,,,,,,,,,,,,,,,,,,,,,,,,,,,,,,,,,,,,,
698,0.3,0,0.00,0,0,0,0,0,0,0,0.00,0,0,0,0,0,0,Divin Mubama,1,0,28,0,0,0,0,0,0,0,0,0.0,0.0,0.0,0.0,0,1,0,0.00,0.00,0.00,0.00,0.00,0.12,0.00,0.12,0.12,0.12,1,0,0.0,3.21,0.00,0.00,,17.2,0,0.04,0.0,0.0,2,3,66.7,44,18,1,1,100.0,0,0,,1,1,100.0,0.0,0.0,0,0,0,0,3,0,0,0,0,0,0,0,0,0,0,0,1,0,0,0,0,0,0,0,,0,0,0,0,0,0,0,0,5,0,0,2,3,1,5,0,0,,0,,2,14,0,0,0,0,1,3,0,0,0,0,0,0,0,1,0,1,0.0,,,,,,,,,,,,,,,,,,,,,,,,,,,,,,,,,,,,,,,,,,,,,,,,,,,,,,,,,,,
179,1.7,6,3.60,4,1,0,0,1,0,0,0.00,0,0,0,0,0,0,Mykhailo Mudryk,7,1,151,0,0,0,0,0,0,0,0,0.3,0.3,1.0,1.2,7,5,12,0.00,0.00,0.00,0.00,0.00,0.15,0.58,0.73,0.15,0.73,1,1,100.0,0.60,0.60,0.00,0.00,11.6,0,0.25,-0.3,-0.3,28,42,66.7,431,165,17,24,70.8,10,15,66.7,1,2,50.0,0.5,-1.0,2,2,2,1,40,2,0,1,0,7,0,2,0,0,0,0,1,2,2,2,0,0,0,0,,0,3,1,2,0,2,1,0,62,3,12,15,38,6,62,8,3,37.5,5,62.5,39,468,227,8,0,3,7,42,0,2,2,1,0,0,0,9,2,4,33.3,22,4.4,45,0,6,18,5,1.86,4,2,+2,+1.19,+0.67,3.0,3.7,-0.7,-0.41,-0.99,,,,,,,,,,,,,,,,,,,,,,,,,,,,,,,,,,,,,,,,,
770,12.0,21,1.75,16,0,0,2,2,1,1,0.08,1,0,0,0,0,0,Marshall Munetsi,14,12,"1,078",2,1,3,2,0,0,0,0,3.3,3.3,1.8,5.1,9,10,35,0.17,0.08,0.25,0.17,0.25,0.28,0.15,0.42,0.28,0.42,22,7,31.8,1.84,0.58,0.09,0.29,15.0,0,0.15,-1.3,-1.3,152,212,71.7,1898,390,95,122,77.9,43,57,75.4,3,6,50.0,1.1,-0.8,9,7,3,2,205,7,0,1,0,10,1,0,0,0,0,0,5,24,10,7,11,6,13,23,56.5,10,14,1,13,6,30,18,0,364,21,58,182,128,36,364,11,3,27.3,7,63.6,148,580,215,4,4,32,12,182,0,19,10,3,0,0,0,35,29,23,55.8,77,31.5,84,9,2,35,0,1.64,18,11,+7,+0.58,+1.43,16.1,14.6,+1.5,+0.13,+0.74,,,,,,,,,,,,,,,,,,,,,,,,,,,,,,,,,,,,,,,,,
251,10.7,17,1.59,10,0,2,2,2,1,2,0.19,1,0,1,0,0,0,Rodrigo Muniz,31,8,964,8,1,9,8,0,0,1,0,5.8,5.8,0.7,6.5,6,27,31,0.75,0.09,0.84,0.75,0.84,0.54,0.07,0.61,0.54,0.61,39,19,48.7,3.64,1.77,0.21,0.42,12.0,0,0.15,+2.2,+2.2,92,142,64.8,1540,528,46,68,67.6,31,45,68.9,11,13,84.6,0.2,+0.3,7,13,3,0,135,6,1,3,2,1,0,0,0,0,0,1,4,10,5,3,5,2,4,4,100.0,0,9,2,7,5,15,14,0,311,14,27,161,127,55,311,18,6,33.3,9,50.0,157,651,187,4,3,47,24,237,0,11,31,3,0,0,0,14,67,63,51.5,31,28.2,72,0,23,17,1,1.55,25,17,+8,+0.75,+1.04,16.9,15.2,+1.6,+0.15,+0.15,,,,,,,,,,,,,,,,,,,,,,,,,,,,,,,,,,,,,,,,,
211,35.9,85,2.37,69,2,2,6,1,5,11,0.31,9,0,1,1,0,0,Daniel Muñoz,37,37,"3,228",4,5,9,4,0,0,10,0,4.9,4.9,5.5,10.5,62,97,206,0.11,0.14,0.25,0.11,0.25,0.14,0.15,0.29,0.14,0.29,37,14,37.8,1.03,0.39,0.11,0.29,12.7,0,0.13,-0.9,-0.9,1129,1492,75.7,17091,5219,645,753,85.7,414,538,77.0,48,108,44.4,3.6,-0.5,46,59,35,15,1182,304,27,2,2,74,275,2,0,0,0,6,39,123,80,57,41,25,55,97,56.7,42,40,6,34,44,167,108,1,2010,119,568,826,637,107,2010,56,21,37.5,33,58.9,806,4046,1797,40,18,55,20,956,0,56,19,15,0,0,0,171,58,78,42.6,87,94.4,87,33,0,,0,1.43,48,46,+2,+0.06,+0.99,57.1,45.5,+11.6,+0.32,+0.46,,,,,,,,,,,,,,,,,,,,,,,,,,,,,,,,,,,,,,,,,
436,35.4,44,1.24,30,7,0,4,1,2,2,0.06,1,1,0,0,0,0,Murillo,36,36,"3,188",2,0,2,2,0,0,6,0,1.4,1.4,1.2,2.6,22,115,5,0.06,0.00,0.06,0.06,0.06,0.04,0.03,0.07,0.04,0.07,25,6,24.0,0.71,0.17,0.08,0.33,21.9,3,0.06,+0.6,+0.6,1138,1450,78.5,22680,10645,420,466,90.1,535,609,87.8,161,327,49.2,1.1,-1.2,13,139,13,1,1271,166,113,8,22,14,3,0,0,0,0,13,6,53,36,38,12,3,27,46,58.7,19,69,45,24,36,89,249,3,1918,421,989,840,105,24,1918,37,27,73.0,10,27.0,821,4254,2531,25,1,19,10,989,0,27,6,0,0,1,0,142,44,22,66.7,89,93.2,89,33,0,,0,1.69,50,44,+6,+0.17,-2.16,41.2,46.3,-5.1,-0.14,-0.79,,,,,,,,,,,,,,,,,,,,,,,,,,,,,,,,,,,,,,,,,
402,26.2,82,3.13,65,5,4,3,3,2,15,0.57,14,0,0,0,1,0,Jacob Murphy,35,31,"2,360",8,12,20,8,0,0,4,0,5.7,5.7,8.9,14.6,79,83,231,0.31,0.46,0.76,0.31,0.76,0.22,0.34,0.56,0.22,0.56,43,15,34.9,1.64,0.57,0.19,0.53,18.2,0,0.13,+2.3,+2.3,688,1004,68.5,10412,3438,411,484,84.9,218,320,68.1,43,109,39.4,6.2,+3.1,42,58,41,15,943,53,5,5,6,120,32,16,1,0,0,8,51,28,19,10,12,6,20,44,45.5,24,31,0,31,13,41,35,1,1271,27,188,474,622,92,1271,69,35,50.7,31,44.9,733,4416,2339,40,27,32,37,911,0,11,15,3,1,0,0,98,5,16,23.8,67,69.0,72,6,4,30,2,1.69,54,31,+23,+0.88,+1.05,48.9,27.7,+21.2,+0.81,+1.06,,,,,,,,,,,,,,,,,,,,,,,,,,,,,,,,,,,,,,,,,
231,34.2,43,1.26,40,0,1,2,0,0,4,0.12,3,0,0,1,0,0,Vitaliy Mykolenko,35,35,"3,082",1,2,3,1,0,0,4,0,0.5,0.5,2.6,3.1,33,110,99,0.03,0.06,0.09,0.03,0.09,0.01,0.08,0.09,0.01,0.09,14,1,7.1,0.41,0.03,0.07,1.00,20.6,0,0.04,+0.5,+0.5,986,1322,74.6,16470,6579,510,571,89.3,369,500,73.8,87,193,45.1,2.2,-0.6,24,102,40,24,1060,259,13,2,3,101,246,0,0,0,0,3,23,63,38,39,14,10,29,56,51.8,27,25,10,15,44,107,145,2,1678,125,525,713,452,32,1678,20,8,40.0,9,45.0,697,2825,1506,28,1,23,11,860,0,22,34,3,0,1,0,88,47,37,56.0,88,90.1,88,33,0,,0,1.29,38,39,-1,-0.03,+0.24,37.6,40.0,-2.4,-0.07,+0.49,,,,,,,,,,,,,,,,,,,,,,,,,,,,,,,,,,,,,,,,,
232,27.0,65,2.41,49,0,9,1,6,0,8,0.30,5,0,2,0,1,0,Iliman Ndiaye,33,29,"2,430",9,0,9,7,2,2,3,0,6.2,4.7,1.9,6.5,86,59,122,0.33,0.00,0.33,0.26,0.26,0.23,0.07,0.30,0.17,0.24,35,15,42.9,1.30,0.56,0.20,0.47,17.1,0,0.13,+2.8,+2.3,602,736,81.8,9038,1875,349,402,86.8,200,230,87.0,38,55,69.1,1.4,-1.9,18,42,14,5,709,25,5,2,2,38,5,10,4,0,2,2,22,53,28,20,16,17,22,49,44.9,27,30,5,25,20,73,24,1,1084,36,219,451,464,83,1082,143,68,47.6,64,44.8,621,4800,2367,44,32,55,44,674,0,24,52,5,0,0,0,172,6,19,24.0,74,71.1,80,14,4,29,0,1.24,32,24,+8,+0.30,+1.21,28.2,29.2,-1.0,-0.04,+0.28,,,,,,,,,,,,,,,,,,,,,,,,,,,,,,,,,,,,,,,,,
300,25.8,31,1.20,29,0,1,1,0,0,4,0.15,4,0,0,0,0,0,Wilfred Ndidi,28,28,"2,324",0,5,5,0,0,0,8,0,2.0,2.0,1.9,3.9,18,70,75,0.00,0.19,0.19,0.00,0.19,0.08,0.07,0.15,0.08,0.15,22,8,36.4,0.85,0.31,0.00,0.00,13.9,0,0.09,-2.0,-2.0,839,1045,80.3,12034,3031,463,530,87.4,282,343,82.2,39,73,53.4,1.5,+3.1,17,68,11,3,1020,22,13,4,4,30,9,0,0,0,0,3,26,85,51,45,32,8,30,61,49.2,31,47,19,28,31,116,80,0,1400,119,461,699,253,61,1400,33,13,39.4,18,54.5,670,2727,1101,23,2,37,33,834,0,39,18,3,0,0,1,127,61,59,50.8,83,68.0,83,15,0,,0,0.79,24,48,-24,-0.93,+0.96,20.7,48.3,-27.7,-1.07,-0.12,,,,,,,,,,,,,,,,,,,,,,,,,,,,,,,,,,,,,,,,,
50,1.4,0,0.00,0,0,0,0,0,0,0,0.00,0,0,0,0,0,0,Kosta Nedeljković,5,0,126,0,0,0,0,0,0,0,0,0.0,0.0,0.0,0.0,1,6,0,0.00,0.00,0.00,0.00,0.00,0.00,0.00,0.00,0.00,0.00,0,0,,0.00,0.00,,,,0,,0.0,0.0,47,53,88.7,853,185,22,23,95.7,21,25,84.0,4,5,80.0,0.0,0.0,0,5,0,0,41,12,1,0,0,1,11,0,0,0,0,0,0,7,5,1,3,3,2,3,66.7,1,1,0,1,0,7,3,0,66,4,15,32,19,0,66,2,1,50.0,1,50.0,27,101,33,0,0,1,0,32,0,0,1,0,0,0,0,4,0,1,0.0,25,3.7,,0,5,25,11,1.20,0,4,-4,-2.86,-3.16,1.9,2.1,-0.2,-0.13,-0.30,,,,,,,,,,,,,,,,,,,,,,,,,,,,,,,,,,,,,,,,,
16,31.4,111,3.54,62,33,4,5,5,2,10,0.32,6,2,1,1,0,0,Declan Rice,35,33,"2,825",4,7,11,4,0,0,7,1,3.5,3.5,6.6,10.1,90,192,94,0.13,0.22,0.35,0.13,0.35,0.11,0.21,0.32,0.11,0.32,48,14,29.2,1.53,0.45,0.08,0.29,19.6,2,0.07,+0.5,+0.5,1376,1650,83.4,23402,6234,678,737,92.0,553,611,90.5,117,240,48.8,5.6,+0.4,59,137,35,5,1436,208,71,5,17,164,4,108,94,3,0,6,15,53,25,22,25,6,17,41,41.5,24,27,13,14,25,78,51,0,1948,82,325,909,733,81,1948,29,14,48.3,14,48.3,1031,6464,3394,58,16,36,32,1266,1,21,16,2,0,0,0,156,37,25,59.7,81,82.6,84,23,2,23,1,1.91,56,28,+28,+0.89,-0.17,48.8,26.8,+22.0,+0.70,+0.17,,,,,,,,,,,,,,,,,,,,,,,,,,,,,,,,,,,,,,,,,
10,5.4,31,5.73,21,2,3,4,0,1,1,0.18,1,0,0,0,0,0,Reiss Nelson,11,5,487,1,1,2,1,0,0,1,0,1.1,1.1,1.0,2.1,45,35,63,0.18,0.18,0.37,0.18,0.37,0.20,0.18,0.39,0.20,0.39,12,6,50.0,2.22,1.11,0.08,0.17,15.4,0,0.09,-0.1,-0.1,232,268,86.6,3429,761,136,147,92.5,77,91,84.6,12,19,63.2,1.0,0.0,13,7,15,3,261,6,0,2,2,23,1,5,3,1,0,1,2,8,6,3,3,2,5,13,38.5,8,11,0,11,5,13,2,0,347,5,30,110,212,35,347,35,13,37.1,13,37.1,259,1956,960,25,21,14,8,274,0,6,9,1,0,0,0,29,0,4,0.0,44,14.2,73,0,6,21,0,1.64,5,9,-4,-0.74,-0.86,7.6,6.2,+1.4,+0.26,+0.25,,,,,,,,,,,,,,,,,,,,,,,,,,,,,,,,,,,,,,,,,
61,2.0,0,0.00,0,0,0,0,0,0,0,0.00,0,0,0,0,0,0,Neto,2,2,180,0,0,0,0,0,0,0,0,0.0,0.0,0.0,0.0,0,0,0,0.00,0.00,0.00,0.00,0.00,0.00,0.00,0.00,0.00,0.00,0,0,,0.00,0.00,,,,0,,0.0,0.0,40,62,64.5,1183,896,7,7,100.0,21,21,100.0,12,33,36.4,0.0,0.0,0,2,0,0,42,19,4,0,0,0,0,0,0,0,0,1,0,0,0,0,0,0,0,0,,0,0,0,0,0,0,1,1,70,60,70,0,0,0,70,0,0,,0,,35,148,99,0,0,0,0,28,0,0,2,0,0,0,0,3,0,0,,,,,,,,,,,,,,,,,,,,2,2,180,2,1.00,13,11,84.6,0,2,0,0,0.0,0,0,0,0,,0,0,0,4.3,0.35,+2.3,+1.17,9,27,33.3,46,7,43.5,36.8,15,46.7,38.9,30,2,6.7,3,1.50,12.6
560,25.2,90,3.57,64,9,6,7,4,0,9,0.36,5,1,2,1,0,0,Pedro Neto,35,24,"2,269",4,6,10,4,0,0,8,0,3.5,3.5,6.7,10.2,126,60,253,0.16,0.24,0.40,0.16,0.40,0.14,0.27,0.40,0.14,0.40,59,17,28.8,2.34,0.67,0.07,0.24,18.2,0,0.06,+0.5,+0.5,702,895,78.4,11347,2418,347,373,93.0,267,326,81.9,60,127,47.2,4.8,-0.7,46,30,37,23,807,86,14,0,5,149,13,56,16,15,5,2,26,23,9,9,9,5,9,21,42.9,12,14,2,12,9,32,6,0,1153,13,100,336,735,116,1153,104,34,32.7,46,44.2,746,6336,3342,57,45,45,30,838,0,21,33,3,0,0,0,81,11,30,26.8,65,66.3,82,15,11,27,1,1.71,40,25,+15,+0.59,+0.13,39.2,28.2,+10.9,+0.43,-0.32,,,,,,,,,,,,,,,,,,,,,,,,,,,,,,,,,,,,,,,,,
11,11.5,31,2.69,20,0,3,3,5,0,3,0.26,2,0,0,0,1,0,Eddie Nketiah,29,9,"1,034",3,1,4,3,0,0,6,1,5.8,5.8,1.7,7.4,41,19,79,0.26,0.09,0.35,0.26,0.35,0.50,0.15,0.65,0.50,0.65,43,16,37.2,3.74,1.39,0.07,0.19,13.8,0,0.13,-2.8,-2.8,179,241,74.3,2722,563,95,120,79.2,60,75,80.0,14,20,70.0,0.9,-0.7,13,11,5,0,229,12,0,2,0,5,1,0,0,0,0,0,12,15,8,7,4,4,7,13,53.8,6,10,1,9,3,18,12,0,412,11,47,176,198,67,412,31,11,35.5,16,51.6,246,1713,878,25,14,34,17,294,1,31,29,5,1,0,0,26,21,38,35.6,36,30.2,77,2,20,17,2,1.52,15,17,-2,-0.17,-0.25,19.5,13.8,+5.6,+0.49,+0.28,,,,,,,,,,,,,,,,,,,,,,,,,,,,,,,,,,,,,,,,,
181,10.2,34,3.32,21,0,5,5,1,2,4,0.39,1,0,1,1,1,0,Christopher Nkunku,27,9,921,3,2,5,3,0,0,2,0,4.8,4.8,2.1,6.9,17,25,68,0.29,0.20,0.49,0.29,0.49,0.47,0.21,0.68,0.47,0.67,25,11,44.0,2.44,1.07,0.12,0.27,12.6,0,0.19,-1.8,-1.8,299,334,89.5,3928,760,185,202,91.6,95,103,92.2,6,6,100.0,1.0,-0.1,14,26,7,0,327,7,1,2,1,4,0,2,0,0,0,0,3,12,8,3,4,5,6,8,75.0,2,9,2,7,7,19,10,0,448,10,52,183,217,52,448,27,10,37.0,14,51.9,280,1368,628,16,13,18,17,356,0,16,11,3,0,0,0,29,16,22,42.1,34,26.9,74,2,18,14,6,1.67,16,16,0,0.00,-0.76,21.2,16.0,+5.3,+0.51,-0.03,,,,,,,,,,,,,,,,,,,,,,,,,,,,,,,,,,,,,,,,,
634,0.1,0,0.00,0,0,0,0,0,0,0,0.00,0,0,0,0,0,0,Gustavo Nunes,3,0,12,0,0,0,0,0,0,0,0,0.0,0.0,0.0,0.0,1,0,0,0.00,0.00,0.00,0.00,0.00,0.00,0.00,0.00,0.00,0.00,0,0,,0.00,0.00,,,,0,,0.0,0.0,1,1,100.0,15,0,1,1,100.0,0,0,,0,0,,0.0,0.0,0,0,0,0,1,0,0,0,0,0,0,0,0,0,0,0,0,3,2,2,0,1,2,2,100.0,0,0,0,0,0,3,2,0,7,1,4,1,2,1,7,0,0,,0,,1,16,11,0,1,1,0,1,0,0,0,0,0,0,0,0,0,0,,,,,,,,,,,,,,,,,,,,,,,,,,,,,,,,,,,,,,,,,,,,,,,,,,,,,,,,,,,,
356,18.6,46,2.47,35,2,3,3,3,0,8,0.43,5,0,1,2,0,0,Matheus Nunes,26,19,"1,674",1,6,7,1,0,0,4,0,1.2,1.2,4.4,5.6,63,79,175,0.05,0.32,0.38,0.05,0.38,0.07,0.23,0.30,0.07,0.30,9,4,44.4,0.48,0.22,0.11,0.25,19.0,0,0.14,-0.2,-0.2,1065,1234,86.3,16409,2994,598,651,91.9,398,458,86.9,53,81,65.4,3.3,+1.6,23,53,26,7,1103,130,13,3,8,45,109,7,5,0,0,1,24,35,22,15,14,6,16,38,42.1,22,17,4,13,15,50,38,2,1416,47,251,560,614,62,1416,41,19,46.3,14,34.1,866,4503,2315,37,24,32,13,1013,0,30,20,6,0,1,0,70,14,19,42.4,64,48.9,86,16,7,5,9,2.08,33,19,+14,+0.75,+0.03,31.9,24.4,+7.5,+0.41,-0.26,,,,,,,,,,,,,,,,,,,,,,,,,,,,,,,,,,,,,,,,,
316,12.6,31,2.46,21,0,4,1,2,3,4,0.32,3,0,0,0,1,0,Darwin Núñez,30,8,"1,133",5,2,7,5,0,0,8,0,5.8,5.8,1.3,7.1,23,27,78,0.40,0.16,0.56,0.40,0.56,0.46,0.10,0.57,0.46,0.57,34,13,38.2,2.70,1.03,0.15,0.38,14.3,0,0.17,-0.8,-0.8,163,230,70.9,2390,587,89,111,80.2,48,65,73.8,13,20,65.0,0.5,+0.7,11,9,3,1,225,4,0,1,6,3,2,0,0,0,0,1,13,21,18,11,4,6,7,18,38.9,11,6,0,6,4,25,12,0,366,10,45,122,210,74,366,23,8,34.8,14,60.9,201,1063,568,19,12,24,21,248,0,27,14,12,1,0,0,41,20,33,37.7,38,33.1,78,2,22,23,5,2.07,29,21,+8,+0.64,-0.82,27.2,16.6,+10.6,+0.84,-0.46,,,,,,,,,,,,,,,,,,,,,,,,,,,,,,,,,,,,,,,,,
12,9.9,29,2.91,15,6,5,2,1,0,3,0.30,3,0,0,0,0,0,Ethan Nwaneri,26,11,895,4,2,6,4,0,0,1,0,1.2,1.2,1.2,2.4,46,33,113,0.40,0.20,0.60,0.40,0.60,0.12,0.12,0.24,0.12,0.24,24,9,37.5,2.41,0.91,0.17,0.44,18.5,1,0.05,+2.8,+2.8,342,425,80.5,4906,1216,216,234,92.3,93,121,76.9,19,37,51.4,1.8,+0.8,16,17,16,6,386,36,3,3,1,54,4,27,18,0,0,3,14,11,7,4,4,3,7,21,33.3,14,8,2,6,2,13,4,1,544,3,44,167,339,44,544,62,37,59.7,19,30.6,365,2852,1329,25,17,23,17,398,0,9,5,6,0,0,0,34,4,8,33.3,34,26.2,65,1,15,12,10,1.85,16,4,+12,+1.21,+0.39,14.5,5.4,+9.1,+0.91,+0.33,,,,,,,,,,,,,,,,,,,,,,,,,,,,,,,,,,,,,,,,,
101,31.3,58,1.85,48,0,0,7,2,1,13,0.42,11,0,0,1,1,0,Christian Nørgaard,34,34,"2,819",5,4,9,5,0,0,8,1,4.3,4.3,1.3,5.6,14,154,42,0.16,0.13,0.29,0.16,0.29,0.14,0.04,0.18,0.14,0.18,39,15,38.5,1.25,0.48,0.13,0.33,14.3,0,0.11,+0.7,+0.7,1164,1427,81.6,19339,6409,584,668,87.4,483,568,85.0,79,133,59.4,1.4,+2.7,18,137,27,4,1391,30,19,4,5,17,10,0,0,0,0,6,25,79,49,37,35,7,48,81,59.3,33,52,20,32,49,128,70,1,1802,176,613,855,350,57,1802,14,7,50.0,5,35.7,826,3115,1391,16,4,34,20,1075,0,44,28,1,0,0,0,193,49,30,62.0,83,82.4,83,22,0,,0,1.59,55,45,+10,+0.32,+0.47,50.3,43.7,+6.6,+0.21,+0.66,,,,,,,,,,,,,,,,,,,,,,,,,,,,,,,,,,,,,,,,,
582,17.5,16,0.92,14,0,2,0,0,0,0,0.00,0,0,0,0,0,0,Jake O'Brien,20,17,"1,571",2,0,2,2,0,0,5,0,0.8,0.8,0.6,1.3,7,50,25,0.11,0.00,0.11,0.11,0.11,0.04,0.03,0.08,0.04,0.08,6,3,50.0,0.34,0.17,0.33,0.67,11.1,0,0.13,+1.2,+1.2,577,725,79.6,10580,3946,245,274,89.4,260,317,82.0,63,98,64.3,0.3,-0.6,6,41,8,5,602,121,5,0,1,18,100,0,0,0,0,2,12,26,17,21,5,0,17,25,68.0,8,17,4,13,4,30,93,0,900,93,374,390,139,22,900,10,4,40.0,5,50.0,391,1801,906,6,2,5,5,481,0,13,5,3,0,0,0,52,41,30,57.7,79,45.9,90,16,3,15,17,1.40,24,17,+7,+0.40,+0.84,22.2,18.2,+4.0,+0.23,+0.64,,,,,,,,,,,,,,,,,,,,,,,,,,,,,,,,,,,,,,,,,
629,10.4,40,3.84,23,11,1,2,1,2,5,0.48,4,0,0,0,1,0,Matt O'Riley,21,11,938,2,2,4,1,1,1,1,0,2.8,2.0,2.4,4.4,22,38,52,0.19,0.19,0.38,0.10,0.29,0.27,0.23,0.50,0.20,0.42,21,6,28.6,2.01,0.58,0.05,0.17,17.6,2,0.10,-0.8,-1.0,316,413,76.5,5018,1362,161,182,88.5,108,133,81.2,30,63,47.6,2.0,-0.4,21,30,8,1,345,67,13,2,2,51,1,36,23,8,0,1,15,16,9,4,8,4,4,13,30.8,9,7,3,4,13,29,9,1,525,20,80,232,215,47,524,13,8,61.5,4,30.8,275,1139,544,12,8,19,4,307,0,16,13,2,1,0,1,29,5,8,38.5,45,27.4,68,0,10,19,3,1.48,17,20,-3,-0.29,-0.65,17.2,14.3,+2.8,+0.27,+0.23,,,,,,,,,,,,,,,,,,,,,,,,,,,,,,,,,,,,,,,,,
630,34.7,24,0.69,19,0,0,2,2,1,4,0.12,4,0,0,0,0,0,Dara O'Shea,35,35,"3,122",0,2,2,0,0,0,6,0,1.3,1.3,0.5,1.8,3,80,8,0.00,0.06,0.06,0.00,0.06,0.04,0.01,0.05,0.04,0.05,22,2,9.1,0.63,0.06,0.00,0.00,13.6,0,0.06,-1.3,-1.3,1234,1579,78.2,24503,10549,395,453,87.2,694,811,85.6,133,270,49.3,0.7,+1.5,3,89,4,1,1473,100,30,0,14,8,63,0,0,0,0,6,12,49,31,33,13,3,22,34,64.7,12,62,50,12,33,82,225,4,2022,393,1169,730,129,51,2022,2,1,50.0,1,50.0,897,4023,2069,2,0,12,4,1162,0,21,26,3,0,0,0,110,114,85,57.3,89,91.3,89,34,0,,1,0.60,34,75,-41,-1.18,+0.33,32.6,65.3,-32.7,-0.94,+0.76,,,,,,,,,,,,,,,,,,,,,,,,,,,,,,,,,,,,,,,,,
776,1.8,2,1.09,0,0,1,1,0,0,0,0.00,0,0,0,0,0,0,Chidozie Obi-Martin,7,1,165,0,0,0,0,0,0,1,0,0.7,0.7,0.0,0.7,2,1,12,0.00,0.00,0.00,0.00,0.00,0.36,0.00,0.36,0.36,0.36,5,1,20.0,2.73,0.55,0.00,0.00,10.7,0,0.13,-0.7,-0.7,20,24,83.3,259,49,10,11,90.9,7,9,77.8,1,2,50.0,0.0,0.0,0,1,0,0,22,2,0,0,0,0,0,0,0,0,0,0,0,2,1,0,0,2,2,2,100.0,0,0,0,0,0,2,1,0,47,3,6,21,20,9,47,3,1,33.3,2,66.7,22,114,50,0,1,5,1,29,0,3,1,0,0,0,0,9,2,4,33.3,24,4.8,90,1,6,13,4,1.14,8,5,+3,+1.64,+2.00,5.5,3.6,+1.9,+1.03,+1.11,,,,,,,,,,,,,,,,,,,,,,,,,,,,,,,,,,,,,,,,,
612,9.4,16,1.70,14,0,0,2,0,0,1,0.11,1,0,0,0,0,0,Wilson Odobert,16,9,850,1,0,1,1,0,0,0,0,1.6,1.6,1.0,2.6,45,27,66,0.11,0.00,0.11,0.11,0.11,0.17,0.10,0.27,0.17,0.27,13,4,30.8,1.38,0.42,0.08,0.25,16.4,0,0.12,-0.6,-0.6,212,274,77.4,2878,567,139,150,92.7,54,73,74.0,8,12,66.7,0.8,-1.0,6,11,12,3,262,8,0,0,1,25,2,1,0,0,0,4,13,14,5,5,4,5,8,14,57.1,6,6,0,6,4,18,5,1,381,7,46,142,197,35,381,32,12,37.5,17,53.1,265,1949,1146,25,18,21,17,273,0,2,3,1,0,0,0,34,4,8,33.3,53,24.9,77,3,7,23,0,0.88,9,20,-11,-1.16,-1.51,10.8,16.3,-5.5,-0.58,-0.61,,,,,,,,,,,,,,,,,,,,,,,,,,,,,,,,,,,,,,,,,
632,2.6,3,1.13,2,0,0,0,1,0,0,0.00,0,0,0,0,0,0,Chiedozie Ogbene,5,3,238,0,0,0,0,0,0,0,0,0.0,0.0,0.1,0.1,7,0,15,0.00,0.00,0.00,0.00,0.00,0.00,0.03,0.03,0.00,0.03,0,0,,0.00,0.00,,,,0,,0.0,0.0,32,43,74.4,415,27,20,24,83.3,8,10,80.0,1,1,100.0,0.0,-0.1,2,0,0,0,43,0,0,0,0,4,0,0,0,0,0,0,5,7,3,1,2,4,2,4,50.0,2,1,0,1,1,8,3,0,70,3,11,19,40,6,70,7,1,14.3,3,42.9,41,330,139,2,2,4,2,43,0,2,7,1,0,0,0,6,1,6,14.3,48,7.0,63,0,2,25,2,0.60,4,3,+1,+0.38,+1.71,1.7,2.3,-0.6,-0.24,+0.82,,,,,,,,,,,,,,,,,,,,,,,,,,,,,,,,,,,,,,,,,
301,12.5,4,0.32,4,0,0,0,0,0,0,0.00,0,0,0,0,0,0,Caleb Okoli,19,12,"1,125",1,0,1,1,0,0,4,0,0.6,0.6,0.0,0.6,3,32,2,0.08,0.00,0.08,0.08,0.08,0.05,0.00,0.05,0.05,0.05,4,2,50.0,0.32,0.16,0.25,0.50,13.5,0,0.15,+0.4,+0.4,559,648,86.3,9749,3849,243,266,91.4,273,301,90.7,36,65,55.4,0.2,0.0,0,21,1,0,597,51,21,1,3,1,4,0,0,0,0,0,8,25,14,8,15,2,11,18,61.1,7,24,14,10,15,40,79,3,806,152,451,325,35,10,806,0,0,,0,,468,2318,1106,6,0,10,2,484,0,16,9,0,0,0,0,44,23,21,52.3,59,32.9,85,8,7,16,18,0.53,15,26,-11,-0.88,+0.53,11.8,27.0,-15.2,-1.21,-0.27,,,,,,,,,,,,,,,,,,,,,,,,,,,,,,,,,,,,,,,,,
51,2.5,2,0.80,0,2,0,0,0,0,1,0.40,0,1,0,0,0,0,Robin Olsen,4,1,226,0,0,0,0,0,0,0,0,0.0,0.0,0.0,0.0,0,0,0,0.00,0.00,0.00,0.00,0.00,0.00,0.00,0.00,0.00,0.00,0,0,,0.00,0.00,,,,0,,0.0,0.0,65,101,64.4,2083,1590,11,11,100.0,32,32,100.0,22,58,37.9,0.0,0.0,0,4,0,0,65,36,10,0,0,0,0,0,0,0,0,0,0,1,0,1,0,0,1,1,100.0,0,0,0,0,0,1,2,1,110,94,109,1,0,0,110,0,0,,0,,50,270,132,0,0,0,0,46,0,0,0,0,0,0,0,2,0,0,,,,,,,,,,,,,,,,,,,,4,1,226,6,2.39,14,8,64.3,1,0,0,1,100.0,1,1,0,0,0.0,0,0,0,6.3,0.40,+0.3,+0.12,19,54,35.2,75,1,42.7,35.9,26,84.6,60.0,40,3,7.5,0,0.00,8.6
233,18.0,32,1.78,25,2,1,4,0,0,4,0.22,2,1,0,1,0,0,Amadou Onana,26,20,"1,617",3,0,3,3,0,0,4,0,2.1,2.1,0.7,2.8,29,75,16,0.17,0.00,0.17,0.17,0.17,0.12,0.04,0.16,0.12,0.16,17,6,35.3,0.95,0.33,0.18,0.50,14.7,0,0.12,+0.9,+0.9,703,802,87.7,11058,2897,365,393,92.9,290,325,89.2,34,48,70.8,0.8,-0.7,10,69,12,2,796,5,4,3,0,2,0,0,0,0,0,1,11,55,30,23,26,6,16,29,55.2,13,16,7,9,26,81,41,3,998,71,269,586,159,23,998,20,14,70.0,3,15.0,553,2931,1577,25,1,11,9,671,0,32,30,0,0,0,0,72,32,21,60.4,62,47.3,74,7,6,24,2,1.77,25,23,+2,+0.11,-0.14,24.1,23.4,+0.8,+0.04,-0.21,,,,,,,,,,,,,,,,,,,,,,,,,,,,,,,,,,,,,,,,,
383,34.0,4,0.12,3,1,0,0,0,0,0,0.00,0,0,0,0,0,0,André Onana,34,34,"3,060",0,0,0,0,0,0,0,0,0.0,0.0,0.2,0.2,0,1,0,0.00,0.00,0.00,0.00,0.00,0.00,0.00,0.00,0.00,0.00,0,0,,0.00,0.00,,,,0,,0.0,0.0,948,1306,72.6,22819,13922,220,222,99.1,524,529,99.1,199,544,36.6,0.2,-0.2,1,28,0,0,1066,235,86,1,2,0,0,0,0,0,0,5,0,2,2,2,0,0,2,4,50.0,2,0,0,0,0,2,11,4,1371,1046,1350,22,0,0,1371,1,1,100.0,0,0.0,961,4851,2676,0,0,1,0,832,0,0,2,0,0,0,0,34,6,0,100.0,90,89.5,90,34,0,,0,1.15,38,44,-6,-0.18,+0.82,45.3,46.8,-1.5,-0.04,-0.11,34,34,"3,060",44,1.29,132,88,68.9,10,9,15,9,26.5,4,3,1,0,25.0,1,10,1,44.0,0.31,+1.0,+0.03,118,440,26.8,1152,136,29.7,30.3,149,65.8,47.2,399,22,5.5,23,0.68,11.8
470,11.7,9,0.77,8,0,0,1,0,0,1,0.09,1,0,0,0,0,0,Paul Onuachu,25,11,"1,050",4,1,5,4,0,0,4,0,3.6,3.6,0.5,4.1,7,13,40,0.34,0.09,0.43,0.34,0.43,0.31,0.04,0.35,0.31,0.35,34,15,44.1,2.91,1.29,0.12,0.27,10.4,0,0.11,+0.4,+0.4,160,263,60.8,2292,365,84,134,62.7,45,70,64.3,12,19,63.2,0.3,+0.5,8,13,2,0,261,0,0,0,4,0,0,0,0,0,0,2,8,7,2,1,5,1,3,7,42.9,4,7,2,5,1,8,16,1,440,17,45,235,163,67,440,26,8,30.8,14,53.8,214,857,248,5,2,50,36,358,0,28,16,10,0,0,0,19,93,59,61.2,42,30.7,72,4,14,19,3,0.36,11,26,-15,-1.29,+0.42,10.5,23.5,-13.0,-1.12,+0.37,,,,,,,,,,,,,,,,,,,,,,,,,,,,,,,,,,,,,,,,,
102,0.3,0,0.00,0,0,0,0,0,0,0,0.00,0,0,0,0,0,0,Frank Onyeka,2,0,25,0,0,0,0,0,0,0,0,0.0,0.0,0.0,0.0,0,1,0,0.00,0.00,0.00,0.00,0.00,0.00,0.00,0.00,0.00,0.00,0,0,,0.00,0.00,,,,0,,0.0,0.0,6,7,85.7,71,19,5,5,100.0,1,1,100.0,0,0,,0.0,0.0,0,0,1,0,7,0,0,0,0,0,0,0,0,0,0,0,0,0,0,0,0,0,0,0,,0,0,0,0,0,0,0,0,10,0,1,5,4,0,10,0,0,,0,,6,55,14,0,0,2,1,6,0,2,0,0,0,0,0,2,0,0,,,,,,,,,,,,,,,,,,,,,,,,,,,,,,,,,,,,,,,,,,,,,,,,,,,,,,,,,,,,
701,0.5,2,3.67,2,0,0,0,0,0,0,0.00,0,0,0,0,0,0,Lewis Orford,2,0,49,0,0,0,0,0,0,0,0,0.0,0.0,0.0,0.0,0,0,1,0.00,0.00,0.00,0.00,0.00,0.05,0.04,0.09,0.05,0.09,1,0,0.0,1.84,0.00,0.00,,12.7,0,0.03,0.0,0.0,33,38,86.8,583,83,11,13,84.6,18,20,90.0,2,3,66.7,0.0,0.0,2,2,1,1,36,2,2,0,0,1,0,0,0,0,0,0,0,0,0,0,0,0,0,0,,0,1,0,1,1,1,0,0,42,1,8,28,7,2,42,0,0,,0,,22,98,27,0,0,1,0,31,0,0,0,0,0,0,0,7,0,1,0.0,,,,,,,,,,,,,,,,,,,,,,,,,,,,,,,,,,,,,,,,,,,,,,,,,,,,,,,,,,,
358,12.2,0,0.00,0,0,0,0,0,0,0,0.00,0,0,0,0,0,0,Stefan Ortega,13,12,"1,100",0,0,0,0,0,0,1,0,0.0,0.0,0.0,0.0,0,0,0,0.00,0.00,0.00,0.00,0.00,0.00,0.00,0.00,0.00,0.00,0,0,,0.00,0.00,,,,0,,0.0,0.0,373,459,81.3,8327,5597,102,105,97.1,190,196,96.9,79,154,51.3,0.0,0.0,0,6,0,0,388,70,21,0,2,0,0,0,0,0,0,1,1,0,0,0,0,0,0,1,0.0,1,0,0,0,0,0,11,1,492,383,489,3,0,0,492,0,0,,0,,323,1489,864,0,0,0,0,309,0,1,2,0,0,1,0,8,2,0,100.0,85,32.2,90,12,1,20,25,1.69,23,18,+5,+0.41,-0.48,19.1,19.0,+0.1,+0.01,-0.78,13,12,"1,100",18,1.47,50,33,68.0,5,4,3,3,25.0,2,2,0,0,0.0,1,1,1,16.3,0.31,-0.7,-0.06,40,104,38.5,409,55,21.5,26.7,49,32.7,28.2,133,6,4.5,12,0.98,14.3
590,1.5,4,2.69,3,0,0,0,0,1,0,0.00,0,0,0,0,0,0,William Osula,14,0,134,1,0,1,1,0,0,0,0,0.2,0.2,0.1,0.3,5,4,17,0.67,0.00,0.67,0.67,0.67,0.11,0.10,0.21,0.11,0.21,4,1,25.0,2.69,0.67,0.25,1.00,13.5,0,0.04,+0.8,+0.8,18,29,62.1,200,68,14,20,70.0,3,5,60.0,0,1,0.0,0.1,-0.1,2,2,1,0,27,2,0,0,0,4,0,0,0,0,0,0,0,2,0,1,0,1,0,2,0.0,2,0,0,0,4,6,2,0,56,1,4,21,32,8,56,6,3,50.0,3,50.0,37,252,126,1,2,7,6,42,0,4,1,1,0,0,0,2,6,2,75.0,10,3.9,,0,14,10,24,1.29,1,3,-2,-1.34,-1.97,2.4,3.3,-0.9,-0.63,-1.16,,,,,,,,,,,,,,,,,,,,,,,,,,,,,,,,,,,,,,,,,
74,22.3,72,3.23,57,0,3,10,1,1,6,0.27,4,0,1,1,0,0,Dango Ouattara,32,21,"2,005",7,4,11,7,0,0,3,0,8.4,8.4,5.5,13.8,79,43,191,0.31,0.18,0.49,0.31,0.49,0.38,0.25,0.62,0.38,0.62,62,20,32.3,2.78,0.90,0.11,0.35,13.5,1,0.14,-1.4,-1.4,367,612,60.0,5725,1706,210,288,72.9,120,193,62.2,25,67,37.3,3.3,-1.5,35,21,26,11,579,30,0,5,5,88,26,3,1,0,0,3,22,35,26,14,11,10,17,41,41.5,24,36,10,26,11,46,51,0,959,62,165,316,497,128,959,82,39,47.6,34,41.5,492,3577,1777,35,38,63,32,577,0,16,19,14,0,0,0,92,45,63,41.7,63,58.6,81,7,11,27,0,1.56,36,23,+13,+0.58,+0.65,35.9,31.2,+4.7,+0.21,-0.48,,,,,,,,,,,,,,,,,,,,,,,,,,,,,,,,,,,,,,,,,
607,5.9,12,2.05,9,1,1,0,1,0,2,0.34,2,0,0,0,0,0,Nico O’Reilly,9,6,528,2,0,2,2,0,0,0,0,1.3,1.3,0.4,1.6,16,17,26,0.34,0.00,0.34,0.34,0.34,0.22,0.06,0.28,0.22,0.28,8,3,37.5,1.36,0.51,0.25,0.67,15.4,0,0.16,+0.7,+0.7,305,353,86.4,4042,780,209,226,92.5,88,109,80.7,3,7,42.9,0.7,-0.4,4,28,1,1,311,41,5,1,0,8,36,0,0,0,0,1,3,9,4,3,3,3,4,8,50.0,4,5,1,4,4,13,12,0,419,14,71,223,130,18,419,15,9,60.0,6,40.0,249,1171,575,15,0,14,15,298,0,6,4,1,0,0,0,31,6,9,40.0,59,15.4,82,4,3,13,21,2.56,12,3,+9,+1.53,+0.94,11.1,5.5,+5.7,+0.97,+0.51,,,,,,,,,,,,,,,,,,,,,,,,,,,,,,,,,,,,,,,,,
764,13.0,3,0.23,3,0,0,0,0,0,0,0.00,0,0,0,0,0,0,Alex Palmer,13,13,"1,170",0,0,0,0,0,0,2,0,0.0,0.0,0.0,0.0,0,1,0,0.00,0.00,0.00,0.00,0.00,0.00,0.00,0.00,0.00,0.00,0,0,,0.00,0.00,,,,0,,0.0,0.0,299,423,70.7,8545,6103,60,62,96.8,142,142,100.0,96,218,44.0,0.0,0.0,1,8,0,0,287,136,42,0,0,0,0,0,0,0,0,0,1,0,0,0,0,0,0,0,,0,0,0,0,0,0,12,0,470,396,461,10,0,0,470,0,0,,0,,210,1205,750,0,0,2,0,170,0,1,4,0,0,0,0,17,5,0,100.0,90,34.2,90,13,0,,0,0.46,13,30,-17,-1.31,-0.15,11.3,23.7,-12.4,-0.95,+0.09,13,13,"1,170",30,2.31,71,43,59.2,1,3,9,0,0.0,1,1,0,0,0.0,0,9,2,25.1,0.35,-2.9,-0.22,71,186,38.2,329,55,36.8,33.9,94,69.1,50.8,249,20,8.0,13,1.00,11.5
182,35.5,202,5.70,134,21,16,21,8,2,15,0.42,11,0,2,1,1,0,Cole Palmer,37,36,"3,191",15,8,23,11,4,5,7,0,17.3,13.3,10.9,24.2,120,214,187,0.42,0.23,0.65,0.31,0.54,0.49,0.31,0.79,0.38,0.68,121,44,36.4,3.41,1.24,0.09,0.25,20.4,12,0.11,-2.3,-2.3,1140,1480,77.0,21582,5611,470,546,86.1,470,555,84.7,173,289,59.9,9.1,-2.9,87,163,64,17,1273,198,45,22,14,144,17,75,49,5,0,9,48,34,20,12,10,12,12,27,44.4,15,16,1,15,11,45,20,1,1851,23,150,824,901,144,1846,113,51,45.1,46,40.7,1173,7917,3804,76,41,71,37,1366,0,15,60,7,1,0,0,106,2,7,22.2,86,93.3,88,26,1,32,0,1.86,63,41,+22,+0.62,+1.01,64.8,44.1,+20.7,+0.58,+0.65,,,,,,,,,,,,,,,,,,,,,,,,,,,,,,,,,,,,,,,,,
520,23.5,41,1.75,25,11,0,2,2,1,2,0.09,1,1,0,0,0,0,Emerson Palmieri,31,26,"2,113",2,1,3,2,0,0,5,0,2.0,2.0,1.5,3.4,47,66,83,0.09,0.04,0.13,0.09,0.13,0.08,0.06,0.15,0.08,0.15,16,7,43.8,0.68,0.30,0.13,0.29,19.0,3,0.12,0.0,0.0,861,1077,79.9,12546,4549,515,574,89.7,283,348,81.3,43,102,42.2,2.2,-0.5,16,51,13,5,887,185,20,1,2,64,140,25,7,15,0,5,23,60,31,37,18,5,27,48,56.3,21,32,8,24,21,81,59,0,1325,82,422,559,359,28,1325,30,10,33.3,17,56.7,555,3013,1737,25,9,24,7,747,0,25,13,0,0,0,0,84,18,20,47.4,68,61.8,77,7,5,24,4,1.16,32,41,-9,-0.38,+0.10,28.0,37.1,-9.1,-0.39,-0.14,,,,,,,,,,,,,,,,,,,,,,,,,,,,,,,,,,,,,,,,,
20,31.1,62,2.00,52,2,1,2,1,4,13,0.42,8,2,0,1,1,1,Thomas Partey,35,31,"2,797",4,2,6,4,0,0,4,0,2.3,2.3,2.1,4.3,36,185,48,0.13,0.06,0.19,0.13,0.19,0.07,0.07,0.14,0.07,0.14,26,9,34.6,0.84,0.29,0.15,0.44,19.2,0,0.09,+1.7,+1.7,1678,1920,87.4,26697,7155,874,942,92.8,682,767,88.9,91,143,63.6,2.6,-0.1,20,168,33,2,1819,95,27,6,4,12,62,0,0,0,0,6,13,89,53,26,39,24,46,76,60.5,30,29,9,20,35,124,49,4,2193,74,457,1214,534,33,2193,35,24,68.6,9,25.7,1256,6822,3691,42,3,24,17,1561,0,45,31,1,0,0,0,138,28,27,50.9,80,81.8,88,25,4,19,2,1.91,52,30,+22,+0.71,-1.17,43.7,30.3,+13.4,+0.43,-1.31,,,,,,,,,,,,,,,,,,,,,,,,,,,,,,,,,,,,,,,,,
234,3.9,11,2.85,8,1,2,0,0,0,1,0.26,1,0,0,0,0,0,Nathan Patterson,10,3,347,0,1,1,0,0,0,1,0,0.1,0.1,0.4,0.5,6,13,18,0.00,0.26,0.26,0.00,0.26,0.02,0.11,0.13,0.02,0.13,1,0,0.0,0.26,0.00,0.00,,16.8,0,0.07,-0.1,-0.1,130,176,73.9,2272,806,65,72,90.3,52,75,69.3,12,24,50.0,0.4,+0.6,4,9,5,3,134,42,0,1,0,14,42,0,0,0,0,0,0,11,6,7,4,0,7,14,50.0,7,2,0,2,2,13,7,0,215,11,52,90,75,5,215,12,9,75.0,2,16.7,95,420,216,5,2,4,2,117,0,6,1,0,0,0,0,12,1,7,12.5,35,10.1,73,0,7,18,18,1.20,4,6,-2,-0.52,-0.52,3.5,4.4,-0.9,-0.24,-0.14,,,,,,,,,,,,,,,,,,,,,,,,,,,,,,,,,,,,,,,,,
240,22.4,104,4.65,54,41,0,4,4,1,8,0.36,4,2,0,0,2,0,Andreas Pereira,33,25,"2,013",2,4,6,2,0,1,7,0,3.8,3.0,4.6,7.6,29,104,81,0.09,0.18,0.27,0.09,0.27,0.17,0.21,0.38,0.14,0.34,38,8,21.1,1.70,0.36,0.05,0.25,21.8,6,0.08,-1.8,-1.0,670,970,69.1,12139,3902,310,371,83.6,258,326,79.1,89,218,40.8,4.6,-0.6,57,67,19,4,761,205,50,5,8,171,9,109,53,47,0,4,26,24,13,8,11,5,10,42,23.8,32,17,2,15,8,32,17,3,1148,22,169,466,531,46,1147,30,14,46.7,8,26.7,578,2764,1341,38,9,29,22,676,0,28,24,1,1,0,0,100,13,23,36.1,61,58.9,74,3,8,22,2,1.39,31,32,-1,-0.04,-0.11,29.3,27.1,+2.2,+0.10,+0.13,,,,,,,,,,,,,,,,,,,,,,,,,,,,,,,,,,,,,,,,,
302,4.3,3,0.70,3,0,0,0,0,0,0,0.00,0,0,0,0,0,0,Ricardo Pereira,10,4,388,0,0,0,0,0,0,1,0,0.1,0.1,0.0,0.1,3,18,5,0.00,0.00,0.00,0.00,0.00,0.02,0.00,0.02,0.02,0.02,2,1,50.0,0.46,0.23,0.00,0.00,17.0,0,0.05,-0.1,-0.1,207,248,83.5,3368,956,98,111,88.3,91,108,84.3,13,15,86.7,0.1,0.0,0,19,1,0,207,40,6,0,1,3,34,0,0,0,0,1,3,13,8,4,6,3,7,14,50.0,7,8,3,5,4,17,11,0,296,17,90,166,41,5,296,9,6,66.7,2,22.2,151,453,186,3,2,3,1,172,0,6,8,0,0,0,0,19,4,2,66.7,39,11.3,68,0,6,19,8,0.50,3,8,-5,-1.16,+0.09,3.1,7.0,-3.9,-0.90,+0.15,,,,,,,,,,,,,,,,,,,,,,,,,,,,,,,,,,,,,,,,,
359,13.7,17,1.24,13,3,0,1,0,0,3,0.22,3,0,0,0,0,0,Kalvin Phillips,19,14,"1,237",0,0,0,0,0,0,6,1,0.4,0.4,0.2,0.7,4,51,4,0.00,0.00,0.00,0.00,0.00,0.03,0.02,0.05,0.03,0.05,11,2,18.2,0.80,0.15,0.00,0.00,24.3,3,0.04,-0.4,-0.4,436,551,79.1,8581,2474,162,195,83.1,208,240,86.7,60,98,61.2,0.5,-0.2,5,49,6,1,510,40,27,1,6,20,2,11,8,2,1,1,9,35,19,8,20,7,15,39,38.5,24,35,6,29,19,54,37,2,739,61,223,398,122,5,739,12,5,41.7,6,50.0,310,1489,569,5,0,25,10,394,1,28,20,0,0,0,0,68,7,22,24.1,65,36.2,82,6,5,19,6,0.68,12,29,-17,-1.24,-0.04,9.8,26.7,-16.8,-1.23,-0.34,,,,,,,,,,,,,,,,,,,,,,,,,,,,,,,,,,,,,,,,,
569,5.3,9,1.71,6,0,1,1,1,0,0,0.00,0,0,0,0,0,0,Jaden Philogene Bidace,10,5,474,2,0,2,2,0,0,1,0,2.0,2.0,0.2,2.2,13,10,36,0.38,0.00,0.38,0.38,0.38,0.37,0.05,0.42,0.37,0.42,12,5,41.7,2.28,0.95,0.17,0.40,16.4,0,0.17,0.0,0.0,95,131,72.5,1536,414,54,64,84.4,30,41,73.2,6,12,50.0,0.2,-0.2,5,7,4,3,129,1,0,0,1,13,1,0,0,0,0,1,5,14,7,6,6,2,8,15,53.3,7,11,1,10,10,24,9,1,220,10,53,68,101,18,220,18,5,27.8,11,61.1,127,862,305,3,5,11,10,133,0,8,10,1,0,0,0,23,5,3,62.5,47,13.9,81,2,5,14,1,0.40,3,17,-14,-2.66,-1.68,4.5,9.5,-4.9,-0.94,+0.08,,,,,,,,,,,,,,,,,,,,,,,,,,,,,,,,,,,,,,,,,
235,38.0,13,0.34,12,1,0,0,0,0,2,0.05,2,0,0,0,0,0,Jordan Pickford,38,38,"3,420",0,1,1,0,0,0,7,0,0.0,0.0,0.4,0.4,0,0,0,0.00,0.03,0.03,0.00,0.03,0.00,0.01,0.01,0.00,0.01,0,0,,0.00,0.00,,,,0,,0.0,0.0,1057,1595,66.3,33692,25121,152,153,99.3,459,466,98.5,445,966,46.1,0.2,+0.6,2,74,8,0,1167,419,188,0,7,0,0,0,0,0,0,9,0,1,0,1,0,0,1,2,50.0,1,0,0,0,1,2,30,2,1708,1116,1640,69,0,0,1708,0,0,,0,,989,5989,3568,0,0,2,0,871,0,0,7,0,0,0,0,36,5,1,83.3,90,100.0,90,38,0,,0,1.26,42,44,-2,-0.05,,41.8,46.2,-4.5,-0.12,,38,38,"3,420",44,1.16,163,117,73.0,11,15,12,12,31.6,2,0,2,0,100.0,1,6,0,48.8,0.30,+4.8,+0.13,304,806,37.7,1355,161,48.8,39.7,231,62.8,48.7,558,31,5.6,57,1.50,15.2
104,21.3,21,0.99,13,5,0,2,1,0,0,0.00,0,0,0,0,0,0,Ethan Pinnock,22,21,"1,913",2,0,2,2,0,0,2,0,1.1,1.1,1.2,2.3,3,41,9,0.09,0.00,0.09,0.09,0.09,0.05,0.05,0.11,0.05,0.11,10,6,60.0,0.47,0.28,0.20,0.33,11.1,0,0.11,+0.9,+0.9,924,1080,85.6,17045,6094,360,382,94.2,472,528,89.4,84,145,57.9,0.7,-1.2,8,48,4,1,954,126,15,0,0,9,39,0,0,0,0,0,8,35,19,15,16,4,13,24,54.2,11,29,18,11,24,59,142,4,1348,294,783,457,109,24,1348,9,3,33.3,6,66.7,633,3117,1633,4,0,2,4,760,0,8,4,0,0,1,1,50,63,43,59.4,87,55.9,90,20,1,31,9,1.50,40,35,+5,+0.24,0.00,31.4,33.9,-2.4,-0.11,-0.47,,,,,,,,,,,,,,,,,,,,,,,,,,,,,,,,,,,,,,,,,
562,0.5,0,0.00,0,0,0,0,0,0,0,0.00,0,0,0,0,0,0,Daniel Podence,2,0,48,0,0,0,0,0,0,0,0,0.0,0.0,0.0,0.0,1,2,3,0.00,0.00,0.00,0.00,0.00,0.07,0.00,0.07,0.07,0.07,1,0,0.0,1.87,0.00,0.00,,24.4,0,0.04,0.0,0.0,11,16,68.8,132,78,7,7,100.0,3,3,100.0,0,2,0.0,0.0,0.0,0,1,1,0,15,1,1,0,0,1,0,0,0,0,0,0,2,0,0,0,0,0,0,1,0.0,1,0,0,0,0,0,0,0,20,0,2,11,7,0,20,2,2,100.0,0,0.0,13,77,43,1,0,0,0,17,0,0,2,0,0,0,0,1,0,1,0.0,,,,,,,,,,,,,,,,,,,,,,,,,,,,,,,,,,,,,,,,,,,,,,,,,,,,,,,,,,,
664,0.0,0,0.00,0,0,0,0,0,0,0,0.00,0,0,0,0,0,0,Alfie Pond,1,0,1,0,0,0,0,0,0,0,0,0.0,0.0,0.0,0.0,0,0,0,0.00,0.00,0.00,0.00,0.00,0.00,0.00,0.00,0.00,0.00,0,0,,0.00,0.00,,,,0,,0.0,0.0,1,1,100.0,23,0,0,0,,1,1,100.0,0,0,,0.0,0.0,0,0,0,0,1,0,0,0,0,0,0,0,0,0,0,0,0,0,0,0,0,0,0,0,,0,0,0,0,0,0,0,0,1,0,0,1,0,0,1,0,0,,0,,1,2,2,0,0,0,0,1,0,0,0,0,0,0,0,0,0,0,,,,,,,,,,,,,,,,,,,,,,,,,,,,,,,,,,,,,,,,,,,,,,,,,,,,,,,,,,,,
413,28.0,7,0.25,6,1,0,0,0,0,0,0.00,0,0,0,0,0,0,Nick Pope,28,28,"2,520",0,0,0,0,0,0,2,0,0.0,0.0,0.0,0.0,0,1,0,0.00,0.00,0.00,0.00,0.00,0.00,0.00,0.00,0.00,0.00,0,0,,0.00,0.00,,,,0,,0.0,0.0,575,782,73.5,14597,8818,120,121,99.2,300,305,98.4,151,351,43.0,0.0,0.0,1,2,0,0,528,254,67,0,0,0,0,0,0,0,0,0,0,0,0,0,0,0,0,0,,0,1,0,1,1,1,32,5,872,688,857,15,0,0,872,0,0,,0,,439,2510,1708,0,0,0,1,305,0,2,5,0,0,2,0,24,11,1,91.7,90,73.7,90,28,0,,3,1.61,45,35,+10,+0.36,-0.74,43.6,34.7,+8.9,+0.32,-0.62,28,28,"2,520",35,1.25,120,86,71.7,13,6,9,8,28.6,2,1,1,0,50.0,0,3,2,34.8,0.28,+1.8,+0.06,72,257,28.0,595,192,25.7,30.7,187,55.6,43.6,359,39,10.9,64,2.29,16.0
495,29.0,108,3.72,72,23,3,5,4,1,8,0.28,4,3,1,0,0,0,Pedro Porro,33,28,"2,610",2,6,8,2,0,0,5,0,1.6,1.6,5.0,6.6,65,154,109,0.07,0.21,0.28,0.07,0.28,0.05,0.17,0.23,0.05,0.23,39,8,20.5,1.34,0.28,0.05,0.25,23.0,4,0.04,+0.4,+0.4,1385,1892,73.2,24256,9602,674,769,87.6,541,680,79.6,142,327,43.4,4.6,+1.0,57,124,57,27,1530,355,53,4,16,196,249,53,4,44,0,7,75,66,49,34,22,10,44,77,57.1,33,44,17,27,36,102,84,2,2237,128,675,812,763,32,2237,40,14,35.0,24,60.0,1187,5444,2841,43,5,25,18,1291,0,25,33,1,0,0,0,152,12,23,34.3,79,76.3,89,24,5,26,5,1.12,54,47,+7,+0.24,+1.13,48.6,50.2,-1.6,-0.05,+0.27,,,,,,,,,,,,,,,,,,,,,,,,,,,,,,,,,,,,,,,,,
333,5.5,3,0.55,3,0,0,0,0,0,0,0.00,0,0,0,0,0,0,Jarell Quansah,13,4,495,0,0,0,0,0,0,2,0,0.1,0.1,0.1,0.2,3,19,4,0.00,0.00,0.00,0.00,0.00,0.02,0.02,0.04,0.02,0.04,1,0,0.0,0.18,0.00,0.00,,8.9,0,0.10,-0.1,-0.1,356,392,90.8,6327,2038,137,141,97.2,196,212,92.5,20,32,62.5,0.2,-0.1,2,22,1,0,360,32,10,0,1,2,12,0,0,0,0,0,2,12,8,8,4,0,7,10,70.0,3,10,7,3,7,19,28,1,464,80,245,189,30,6,464,3,1,33.3,2,66.7,268,1421,709,4,1,5,2,321,0,9,1,0,0,1,1,19,7,10,41.2,38,14.5,79,3,9,20,25,2.08,13,12,+1,+0.18,-1.17,10.3,10.3,0.0,-0.01,-1.35,,,,,,,,,,,,,,,,,,,,,,,,,,,,,,,,,,,,,,,,,
109,1.6,2,1.24,2,0,0,0,0,0,0,0.00,0,0,0,0,0,0,Hákon Rafn Valdimarsson,2,1,145,0,0,0,0,0,0,0,0,0.0,0.0,0.0,0.0,0,0,0,0.00,0.00,0.00,0.00,0.00,0.00,0.00,0.00,0.00,0.00,0,0,,0.00,0.00,,,,0,,0.0,0.0,46,70,65.7,1445,1110,8,8,100.0,21,21,100.0,17,41,41.5,0.0,0.0,0,2,0,0,50,20,4,0,0,0,0,0,0,0,0,0,0,0,0,0,0,0,0,0,,0,0,0,0,0,0,2,0,72,60,71,1,0,0,72,0,0,,0,,44,191,80,0,0,0,0,36,0,0,0,0,0,0,0,1,1,0,100.0,,,,,,,,,,,,,,,,,,,2,1,145,2,1.24,4,3,50.0,0,0,1,1,100.0,0,0,0,0,,0,0,1,0.6,0.14,-0.4,-0.26,15,38,39.5,54,7,42.6,34.9,16,93.8,59.3,16,2,12.5,0,0.00,4.7
14,30.0,3,0.10,2,1,0,0,0,0,0,0.00,0,0,0,0,0,0,Aaron Ramsdale,30,30,"2,700",0,0,0,0,0,0,2,0,0.0,0.0,0.0,0.0,0,0,0,0.00,0.00,0.00,0.00,0.00,0.00,0.00,0.00,0.00,0.00,0,0,,0.00,0.00,,,,0,,0.0,0.0,774,1223,63.3,21949,16992,209,210,99.5,302,313,96.5,257,686,37.5,0.1,0.0,0,36,1,0,918,298,108,0,4,0,0,0,0,0,0,7,1,0,0,0,0,0,0,3,0.0,3,0,0,0,2,2,10,3,1314,946,1286,32,0,0,1314,0,0,,0,,786,4017,2349,0,0,3,0,702,0,1,4,0,0,0,0,23,6,0,100.0,90,78.9,90,30,0,,0,0.37,21,66,-45,-1.50,+0.38,25.0,64.9,-39.8,-1.33,+0.21,30,30,"2,700",66,2.20,188,120,67.6,2,5,23,3,10.0,7,5,2,0,28.6,0,10,0,63.5,0.32,-2.5,-0.08,196,605,32.4,1026,129,44.6,36.0,190,77.4,55.9,457,25,5.5,20,0.67,11.7
53,18.0,51,2.83,40,0,4,1,6,0,8,0.44,7,0,0,0,1,0,Jacob Ramsey,29,19,"1,623",1,3,4,1,0,0,4,1,1.6,1.6,2.3,3.9,61,68,114,0.06,0.17,0.22,0.06,0.22,0.09,0.13,0.22,0.09,0.22,19,4,21.1,1.05,0.22,0.05,0.25,16.8,0,0.08,-0.6,-0.6,497,586,84.8,6645,1578,334,366,91.3,133,159,83.6,15,20,75.0,2.2,+0.7,21,31,21,1,581,2,0,3,3,12,2,0,0,0,0,3,15,30,15,14,10,6,10,20,50.0,10,23,4,19,8,38,8,1,762,12,146,272,359,74,762,46,25,54.3,13,28.3,496,3441,1766,31,21,42,23,577,1,13,28,5,1,0,0,83,7,13,35.0,56,47.5,68,2,10,34,0,1.79,25,26,-1,-0.06,-0.46,24.7,23.9,+0.8,+0.04,-0.22,,,,,,,,,,,,,,,,,,,,,,,,,,,,,,,,,,,,,,,,,
385,4.9,27,5.49,14,5,3,2,3,0,3,0.61,2,0,0,1,0,0,Marcus Rashford,10,4,444,2,2,4,1,1,1,0,0,3.1,2.3,2.3,4.5,22,13,42,0.41,0.41,0.81,0.20,0.61,0.62,0.46,1.08,0.46,0.92,18,5,27.8,3.65,1.01,0.06,0.20,19.4,2,0.13,-1.1,-1.3,117,164,71.3,1772,447,67,77,87.0,36,47,76.6,9,25,36.0,2.1,-0.3,13,2,9,2,134,29,5,3,1,28,1,21,15,0,0,1,9,10,7,2,3,5,4,6,66.7,2,2,0,2,1,11,3,0,227,2,14,58,159,30,226,22,9,40.9,13,59.1,127,892,471,10,15,8,1,149,0,1,3,1,0,0,0,14,1,8,11.1,44,13.0,68,0,6,29,0,2.00,7,6,+1,+0.20,+0.02,8.9,6.9,+2.0,+0.41,+0.29,,,,,,,,,,,,,,,,,,,,,,,,,,,,,,,,,,,,,,,,,
15,38.0,5,0.13,4,1,0,0,0,0,1,0.03,1,0,0,0,0,0,David Raya,38,38,"3,420",0,0,0,0,0,0,3,0,0.0,0.0,0.0,0.0,0,14,0,0.00,0.00,0.00,0.00,0.00,0.00,0.00,0.00,0.00,0.00,0,0,,0.00,0.00,,,,0,,0.0,0.0,1040,1413,73.6,24784,17222,285,288,99.0,537,548,98.0,215,570,37.7,0.1,0.0,1,45,3,0,1172,238,91,0,3,0,0,0,0,0,0,3,0,0,0,0,0,0,0,2,0.0,2,0,0,0,2,2,21,9,1480,880,1388,92,0,0,1480,1,1,100.0,0,0.0,921,4542,2729,0,0,1,0,841,0,1,10,0,0,1,0,41,13,0,100.0,90,100.0,90,38,0,,0,1.95,69,34,+35,+0.92,,59.9,34.4,+25.5,+0.67,,38,38,"3,420",34,0.89,120,86,74.2,20,14,4,13,34.2,3,3,0,0,0.0,2,8,0,35.1,0.28,+1.1,+0.03,149,478,31.2,1263,178,29.9,29.9,147,68.0,49.1,402,53,13.2,66,1.74,17.2
254,1.2,1,0.89,0,1,0,0,0,0,0,0.00,0,0,0,0,0,0,Harrison Reed,12,0,108,0,0,0,0,0,0,2,0,0.2,0.2,0.1,0.3,1,4,7,0.00,0.00,0.00,0.00,0.00,0.21,0.07,0.27,0.21,0.27,3,2,66.7,2.50,1.67,0.00,0.00,21.7,0,0.08,-0.2,-0.2,39,55,70.9,550,138,21,24,87.5,13,17,76.5,2,5,40.0,0.1,-0.1,1,1,1,0,46,8,5,0,0,6,0,1,0,1,0,1,3,6,3,3,2,1,1,3,33.3,2,1,0,1,1,7,3,0,78,2,11,28,40,5,78,2,0,0.0,1,50.0,31,95,27,1,0,2,2,38,0,6,2,0,0,1,0,10,1,2,33.3,9,3.2,,0,12,9,14,1.75,1,3,-2,-1.67,-1.72,1.3,4.6,-3.3,-2.96,-3.10,,,,,,,,,,,,,,,,,,,,,,,,,,,,,,,,,,,,,,,,,
707,0.0,0,0.00,0,0,0,0,0,0,0,0.00,0,0,0,0,0,0,Remy Rees-Dottin,1,0,1,0,0,0,0,0,0,0,0,0.0,0.0,0.0,0.0,0,0,0,0.00,0.00,0.00,0.00,0.00,0.00,0.00,0.00,0.00,0.00,0,0,,0.00,0.00,,,,0,,0.0,0.0,0,0,,0,0,0,0,,0,0,,0,0,,0.0,0.0,0,0,0,0,0,0,0,0,0,0,0,0,0,0,0,0,0,0,0,0,0,0,0,0,,0,0,0,0,0,0,0,0,0,0,0,0,0,0,0,0,0,,0,,0,0,0,0,0,0,0,0,0,0,0,0,0,0,0,0,0,0,,,,,,,,,,,,,,,,,,,,,,,,,,,,,,,,,,,,,,,,,,,,,,,,,,,,,,,,,,,,
496,2.2,1,0.46,1,0,0,0,0,0,0,0.00,0,0,0,0,0,0,Sergio Reguilón,4,1,196,0,0,0,0,0,0,2,0,0.1,0.1,0.0,0.1,5,13,12,0.00,0.00,0.00,0.00,0.00,0.05,0.01,0.07,0.05,0.07,2,0,0.0,0.92,0.00,0.00,,13.3,1,0.06,-0.1,-0.1,93,136,68.4,1503,540,42,54,77.8,46,60,76.7,4,17,23.5,0.3,0.0,1,13,2,1,116,19,1,0,0,12,16,2,1,1,0,1,4,4,3,1,3,0,2,5,40.0,3,7,0,7,4,8,8,0,167,9,57,73,38,3,167,6,2,33.3,1,16.7,88,383,233,2,1,2,1,97,0,2,6,0,0,0,0,14,5,2,71.4,,,,,,,,,,,,,,,,,,,,,,,,,,,,,,,,,,,,,,,,,,,,,,,,,,,,,,,,,,,
195,1.0,0,0.00,0,0,0,0,0,0,0,0.00,0,0,0,0,0,0,Chadi Riad,1,1,90,0,0,0,0,0,0,0,0,0.0,0.0,0.0,0.0,2,7,0,0.00,0.00,0.00,0.00,0.00,0.00,0.00,0.00,0.00,0.00,0,0,,0.00,0.00,,,,0,,0.0,0.0,70,82,85.4,1411,568,24,28,85.7,38,41,92.7,8,13,61.5,0.0,0.0,0,8,1,0,82,0,0,0,1,0,0,0,0,0,0,0,2,5,2,2,2,1,2,3,66.7,1,0,0,0,2,7,0,0,90,5,41,49,1,0,90,0,0,,0,,58,318,232,0,0,1,0,69,0,1,0,0,0,0,0,4,2,4,33.3,,,,,,,,,,,,,,,,,,,,,,,,,,,,,,,,,,,,,,,,,,,,,,,,,,,,,,,,,,,
194,21.4,9,0.42,5,0,0,2,1,1,2,0.09,0,0,0,2,0,0,Chris Richards,24,22,"1,922",1,0,1,1,0,0,4,1,1.4,1.4,0.1,1.5,6,39,2,0.05,0.00,0.05,0.05,0.05,0.06,0.00,0.07,0.06,0.07,12,6,50.0,0.56,0.28,0.08,0.17,10.8,0,0.12,-0.4,-0.4,684,857,79.8,12185,4230,276,312,88.5,340,384,88.5,56,123,45.5,0.6,-0.1,2,23,1,1,818,37,18,2,5,5,17,0,0,0,0,2,13,47,30,24,17,6,24,41,58.5,17,40,14,26,19,66,121,0,1118,134,611,439,74,19,1118,6,1,16.7,5,83.3,517,2316,964,5,0,5,5,614,1,11,5,1,1,0,0,51,48,41,53.9,80,56.2,87,18,2,6,5,1.54,30,31,-1,-0.05,-0.11,37.9,29.1,+8.8,+0.41,+0.26,,,,,,,,,,,,,,,,,,,,,,,,,,,,,,,,,,,,,,,,,
497,5.6,8,1.43,5,0,0,2,1,0,1,0.18,1,0,0,0,0,0,Richarlison,15,4,504,4,1,5,4,0,0,2,0,3.7,3.7,0.9,4.6,8,11,22,0.71,0.18,0.89,0.71,0.89,0.66,0.16,0.82,0.66,0.82,17,7,41.2,3.04,1.25,0.24,0.57,9.1,0,0.22,+0.3,+0.3,62,103,60.2,937,280,31,45,68.9,19,32,59.4,6,9,66.7,0.6,+0.1,4,8,4,2,97,6,1,0,3,7,0,0,0,0,0,0,6,5,3,0,4,1,0,3,0.0,3,1,1,0,0,5,8,0,173,8,21,89,64,29,173,16,1,6.3,14,87.5,89,424,168,8,3,9,8,120,0,7,13,3,0,0,0,11,10,23,30.3,34,14.7,72,1,11,20,2,0.93,11,9,+2,+0.36,+0.45,8.4,7.3,+1.0,+0.18,+0.35,,,,,,,,,,,,,,,,,,,,,,,,,,,,,,,,,,,,,,,,,
335,27.6,80,2.90,68,9,1,1,0,1,4,0.14,4,0,0,0,0,0,Andrew Robertson,33,29,"2,482",0,1,1,0,0,0,3,1,1.2,1.2,4.6,5.8,64,176,108,0.00,0.04,0.04,0.00,0.04,0.04,0.17,0.21,0.04,0.21,15,2,13.3,0.54,0.07,0.00,0.00,14.9,0,0.08,-1.2,-1.2,1559,1885,82.7,26310,8406,760,806,94.3,672,779,86.3,110,237,46.4,4.3,-3.6,40,150,31,17,1579,300,50,4,6,147,191,59,41,11,0,6,35,39,22,25,10,4,31,51,60.8,20,10,4,6,21,60,54,2,2084,92,539,940,620,53,2084,18,7,38.9,10,55.6,1107,4941,2848,52,6,25,13,1399,0,11,8,3,0,1,1,105,7,14,33.3,75,72.6,82,16,4,29,5,2.27,70,31,+39,+1.41,+0.84,61.0,27.3,+33.7,+1.22,+0.27,,,,,,,,,,,,,,,,,,,,,,,,,,,,,,,,,,,,,,,,,
255,35.2,80,2.27,74,1,2,2,0,1,11,0.31,11,0,0,0,0,0,Antonee Robinson,36,35,"3,167",0,10,10,0,0,0,8,0,0.7,0.7,4.2,4.9,118,131,274,0.00,0.28,0.28,0.00,0.28,0.02,0.12,0.14,0.02,0.14,16,2,12.5,0.45,0.06,0.00,0.00,22.1,0,0.04,-0.7,-0.7,1595,2076,76.8,27385,10017,763,881,86.6,678,853,79.5,134,239,56.1,4.1,+5.8,43,115,56,29,1781,289,17,1,5,170,272,0,0,0,0,6,47,95,61,57,31,7,45,95,47.4,50,43,9,34,62,157,133,2,2523,139,828,942,788,70,2523,83,38,45.8,34,41.0,1343,7361,4230,61,30,44,20,1509,0,31,20,7,0,0,0,157,50,26,65.8,88,92.6,90,34,1,19,0,1.42,49,49,0,0.00,0.00,44.8,44.3,+0.4,+0.01,-0.48,,,,,,,,,,,,,,,,,,,,,,,,,,,,,,,,,,,,,,,,,
798,1.5,8,5.26,4,0,3,1,0,0,1,0.66,0,0,0,1,0,0,Jay Robinson,4,1,137,0,0,0,0,0,0,0,0,0.0,0.0,0.7,0.7,3,1,10,0.00,0.00,0.00,0.00,0.00,0.03,0.44,0.47,0.03,0.47,1,1,100.0,0.66,0.66,0.00,0.00,13.2,0,0.05,0.0,0.0,23,34,67.6,264,100,14,17,82.4,6,8,75.0,1,4,25.0,0.5,-0.7,3,1,1,0,34,0,0,0,0,1,0,0,0,0,0,0,2,4,1,3,0,1,1,1,100.0,0,0,0,0,0,4,1,0,54,4,15,18,22,5,54,11,6,54.5,5,45.5,33,188,92,2,1,1,6,29,0,3,1,0,0,0,0,12,0,1,0.0,,,,,,,,,,,,,,,,,,,,,,,,,,,,,,,,,,,,,,,,,,,,,,,,,,,,,,,,,,,
360,0.8,2,2.47,2,0,0,0,0,0,0,0.00,0,0,0,0,0,0,Rodri,3,1,73,0,0,0,0,0,0,0,0,0.0,0.0,0.0,0.0,1,4,1,0.00,0.00,0.00,0.00,0.00,0.00,0.06,0.06,0.00,0.06,0,0,,0.00,0.00,,,,0,,0.0,0.0,64,68,94.1,1142,277,31,32,96.9,25,28,89.3,7,7,100.0,0.1,0.0,1,3,1,0,67,1,1,0,0,0,0,0,0,0,0,0,0,2,1,1,1,0,0,0,,0,1,0,1,1,3,1,0,74,1,14,37,24,0,74,1,0,0.0,0,0.0,39,172,82,2,0,0,0,56,0,1,2,0,0,0,0,7,1,0,100.0,,,,,,,,,,,,,,,,,,,,,,,,,,,,,,,,,,,,,,,,,,,,,,,,,,,,,,,,,,,
588,12.8,12,0.94,10,0,0,2,0,0,1,0.08,1,0,0,0,0,0,Guido Rodríguez,23,16,"1,149",0,1,1,0,0,0,6,0,0.2,0.2,0.2,0.4,4,33,7,0.00,0.08,0.08,0.00,0.08,0.02,0.01,0.03,0.02,0.03,8,1,12.5,0.63,0.08,0.00,0.00,27.8,0,0.03,-0.2,-0.2,480,569,84.4,8091,2164,239,272,87.9,195,215,90.7,38,59,64.4,0.2,+0.8,4,37,1,0,554,15,14,1,5,5,1,0,0,0,0,0,13,36,19,21,15,0,17,33,51.5,16,23,9,14,13,49,35,1,709,54,223,423,64,5,709,6,3,50.0,1,16.7,327,1167,481,5,2,4,7,408,0,18,12,2,0,0,0,53,11,7,61.1,50,33.6,69,3,7,5,13,1.43,19,19,0,0.00,+0.63,17.5,20.6,-3.1,-0.25,+0.13,,,,,,,,,,,,,,,,,,,,,,,,,,,,,,,,,,,,,,,,,
105,12.2,21,1.72,18,0,1,1,1,0,2,0.16,2,0,0,0,0,0,Mads Roerslev,19,11,"1,101",0,2,2,0,0,0,2,0,0.2,0.2,3.0,3.2,17,51,54,0.00,0.16,0.16,0.00,0.16,0.02,0.24,0.26,0.02,0.26,5,2,40.0,0.41,0.16,0.00,0.00,20.8,0,0.04,-0.2,-0.2,422,536,78.7,6925,2249,205,233,88.0,179,224,79.9,27,49,55.1,2.1,-1.0,14,37,11,4,471,63,2,0,1,31,61,0,0,0,0,2,11,18,8,14,3,1,11,28,39.3,17,12,5,7,4,22,35,0,645,49,234,268,146,20,645,19,7,36.8,8,42.1,352,1630,858,13,0,9,6,406,0,6,10,0,0,0,0,39,10,14,41.7,58,32.2,88,9,8,16,4,1.21,19,20,-1,-0.08,-0.47,20.1,21.1,-1.0,-0.08,-0.26,,,,,,,,,,,,,,,,,,,,,,,,,,,,,,,,,,,,,,,,,
54,34.6,105,3.04,80,0,13,7,5,0,16,0.46,14,0,1,0,1,0,Morgan Rogers,37,37,"3,114",8,10,18,8,0,0,10,0,6.6,6.6,7.8,14.4,114,123,188,0.23,0.29,0.52,0.23,0.52,0.19,0.23,0.42,0.19,0.42,55,20,36.4,1.59,0.58,0.15,0.40,15.9,0,0.12,+1.4,+1.4,664,907,73.2,9771,3327,374,460,81.3,203,267,76.0,49,65,75.4,5.2,+2.2,51,73,56,3,853,47,2,22,6,27,9,0,0,0,0,7,45,43,22,15,15,13,24,47,51.1,23,26,7,19,6,49,20,2,1362,43,200,592,597,142,1362,160,66,41.3,74,46.3,794,5594,3232,68,33,114,74,956,0,50,51,2,1,0,0,119,13,52,20.0,84,91.1,84,19,0,,0,1.70,52,40,+12,+0.35,+1.82,51.3,43.5,+7.8,+0.23,+0.78,,,,,,,,,,,,,,,,,,,,,,,,,,,,,,,,,,,,,,,,,
498,15.7,20,1.27,16,0,0,4,0,0,4,0.25,3,0,0,1,0,0,Cristian Romero,18,18,"1,416",1,0,1,1,0,0,3,0,1.6,1.6,0.6,2.2,12,71,3,0.06,0.00,0.06,0.06,0.06,0.10,0.04,0.14,0.10,0.14,16,8,50.0,1.02,0.51,0.06,0.13,9.1,0,0.10,-0.6,-0.6,1094,1223,89.5,20402,8197,370,405,91.4,630,665,94.7,80,126,63.5,0.8,-0.6,7,109,8,1,1120,101,80,4,2,3,7,0,0,0,0,2,7,35,29,26,8,1,21,30,70.0,9,18,3,15,21,56,57,2,1377,157,594,720,74,23,1377,4,1,25.0,2,50.0,896,4702,2893,18,0,10,5,936,0,14,12,2,0,0,0,90,41,27,60.3,79,41.4,79,13,0,,3,1.11,27,22,+5,+0.32,+0.59,27.0,19.1,+7.9,+0.50,+1.06,,,,,,,,,,,,,,,,,,,,,,,,,,,,,,,,,,,,,,,,,
618,18.4,64,3.47,37,0,9,7,9,2,8,0.43,3,0,3,1,1,0,Georginio Rutter,28,19,"1,656",5,3,8,5,0,0,2,0,4.6,4.6,2.5,7.1,42,67,79,0.27,0.16,0.43,0.27,0.43,0.25,0.14,0.39,0.25,0.39,50,12,24.0,2.72,0.65,0.10,0.42,15.5,0,0.09,+0.4,+0.4,237,355,66.8,3344,1174,144,187,77.0,74,111,66.7,10,16,62.5,1.7,+0.5,19,30,16,1,344,9,0,12,0,9,0,0,0,0,0,2,14,39,15,13,18,8,14,36,38.9,22,20,3,17,10,49,13,2,641,20,83,246,326,79,641,71,27,38.0,34,47.9,361,2467,1405,36,16,45,37,411,0,34,45,7,0,1,0,66,25,46,35.2,59,48.4,76,3,9,24,0,1.57,32,29,+3,+0.16,-0.04,27.1,27.3,-0.3,-0.01,-0.24,,,,,,,,,,,,,,,,,,,,,,,,,,,,,,,,,,,,,,,,,
17,19.2,117,6.09,71,20,12,10,4,0,23,1.20,14,5,2,1,1,0,Bukayo Saka,25,20,"1,729",6,10,16,5,1,1,3,0,6.8,6.0,7.6,13.7,96,70,255,0.31,0.52,0.83,0.26,0.78,0.36,0.40,0.75,0.31,0.71,66,22,33.3,3.44,1.15,0.08,0.23,15.6,1,0.09,-0.8,-1.0,552,731,75.5,8408,2487,334,371,90.0,154,214,72.0,45,92,48.9,7.8,+2.4,58,15,38,12,644,83,7,4,2,117,12,64,56,0,2,4,21,29,15,9,11,9,13,24,54.2,11,22,0,22,3,32,8,0,979,6,57,216,715,162,978,90,41,45.6,37,41.1,628,4253,2460,32,51,34,40,711,0,15,39,7,1,0,0,70,10,20,33.3,69,50.6,79,7,5,32,0,1.96,38,21,+17,+0.88,-0.07,34.8,17.6,+17.3,+0.90,+0.46,,,,,,,,,,,,,,,,,,,,,,,,,,,,,,,,,,,,,,,,,
328,37.5,169,4.51,123,2,22,14,5,3,27,0.72,20,0,5,2,0,0,Mohamed Salah,38,38,"3,371",29,18,47,20,9,9,1,0,25.2,18.2,14.2,32.4,154,144,488,0.77,0.48,1.25,0.53,1.01,0.67,0.38,1.05,0.49,0.87,121,50,41.3,3.23,1.33,0.17,0.40,14.5,1,0.15,+3.8,+1.8,892,1263,70.6,13343,3919,501,601,83.4,302,433,69.7,59,100,59.0,9.1,+3.8,88,53,93,15,1227,30,7,19,3,79,23,0,0,0,0,6,62,21,11,7,5,9,8,17,47.1,9,12,0,12,9,30,5,0,1695,11,97,500,1119,356,1686,137,58,42.3,72,52.6,1149,6973,3695,59,126,116,67,1407,0,25,39,18,0,0,0,101,9,14,39.1,89,98.6,89,29,0,,0,2.21,85,40,+45,+1.20,+1.20,81.6,38.1,+43.5,+1.16,+1.05,,,,,,,,,,,,,,,,,,,,,,,,,,,,,,,,,,,,,,,,,
18,33.8,27,0.80,25,0,0,1,0,1,1,0.03,1,0,0,0,0,0,William Saliba,35,35,"3,039",2,0,2,2,0,0,2,1,2.3,2.3,0.9,3.1,16,138,6,0.06,0.00,0.06,0.06,0.06,0.07,0.03,0.09,0.07,0.09,6,2,33.3,0.18,0.06,0.33,1.00,5.4,0,0.38,-0.3,-0.3,2413,2559,94.3,41458,12540,1026,1071,95.8,1255,1306,96.1,123,154,79.9,1.3,-0.9,7,180,6,0,2508,46,36,1,10,3,4,0,0,0,0,5,4,62,37,37,23,2,21,28,75.0,7,25,15,10,21,83,119,7,2824,190,1127,1571,142,18,2824,19,12,63.2,6,31.6,1756,7626,4154,17,1,19,8,2137,0,28,17,1,0,1,0,154,61,36,62.9,87,88.9,87,32,0,,0,1.97,62,27,+35,+1.04,+1.04,54.2,29.8,+24.4,+0.72,+0.48,,,,,,,,,,,,,,,,,,,,,,,,,,,,,,,,,,,,,,,,,
185,32.0,7,0.22,6,1,0,0,0,0,2,0.06,1,1,0,0,0,0,Robert Sánchez,32,32,"2,880",0,0,0,0,0,0,5,0,0.0,0.0,0.1,0.1,0,1,0,0.00,0.00,0.00,0.00,0.00,0.00,0.00,0.00,0.00,0.00,0,0,,0.00,0.00,,,,0,,0.0,0.0,871,1249,69.7,21022,13967,208,209,99.5,458,474,96.6,201,553,36.3,0.0,-0.1,2,26,1,0,1086,156,74,0,6,0,0,0,0,0,0,7,1,0,0,0,0,0,0,1,0.0,1,0,0,0,2,2,24,10,1323,980,1311,12,0,0,1323,0,0,,0,,881,4456,2852,0,0,0,0,822,0,2,4,0,0,2,0,43,12,0,100.0,90,84.2,90,32,0,,6,1.88,52,34,+18,+0.56,+0.06,53.8,38.5,+15.3,+0.48,-0.39,32,32,"2,880",34,1.06,127,92,76.4,17,9,6,10,31.3,5,4,1,0,20.0,0,4,0,35.7,0.25,+1.7,+0.05,98,424,23.1,1160,190,33.3,33.4,82,46.3,40.3,370,47,12.7,57,1.78,14.5
386,19.6,70,3.57,63,0,3,1,3,0,10,0.51,9,0,0,0,1,0,Jadon Sancho,31,19,"1,764",3,4,7,3,0,0,2,0,2.2,2.2,3.7,5.8,102,90,225,0.15,0.20,0.36,0.15,0.36,0.11,0.19,0.30,0.11,0.30,24,8,33.3,1.22,0.41,0.13,0.38,15.1,0,0.09,+0.8,+0.8,663,803,82.6,8932,2093,416,465,89.5,208,250,83.2,14,27,51.9,3.1,+0.3,38,28,48,0,791,11,1,7,1,25,9,1,1,0,0,1,24,13,7,3,3,7,5,12,41.7,7,11,0,11,2,15,8,2,975,13,117,283,585,121,975,97,45,46.4,40,41.2,653,4450,2435,35,57,30,21,760,0,6,11,6,2,0,0,99,6,11,35.3,57,51.6,76,7,12,27,1,1.84,35,24,+11,+0.56,+0.02,35.6,23.5,+12.1,+0.62,+0.16,,,,,,,,,,,,,,,,,,,,,,,,,,,,,,,,,,,,,,,,,
442,6.6,8,1.22,7,0,0,1,0,0,0,0.00,0,0,0,0,0,0,Ibrahim Sangaré,13,7,590,0,1,1,0,0,0,3,0,0.0,0.0,0.4,0.4,1,27,4,0.00,0.15,0.15,0.00,0.15,0.00,0.06,0.06,0.00,0.06,1,1,100.0,0.15,0.15,0.00,0.00,32.0,0,0.02,0.0,0.0,276,323,85.4,4521,1475,129,144,89.6,117,127,92.1,20,31,64.5,0.2,+0.6,4,28,4,1,312,11,10,1,2,2,1,0,0,0,0,0,9,28,14,8,17,3,8,17,47.1,9,10,4,6,6,34,13,1,407,26,110,247,52,7,407,1,0,0.0,1,100.0,171,759,283,2,0,5,4,236,0,15,8,0,0,0,0,42,10,10,50.0,45,17.3,72,1,6,14,5,1.46,11,6,+5,+0.76,+0.54,9.5,8.2,+1.3,+0.20,+0.36,,,,,,,,,,,,,,,,,,,,,,,,,,,,,,,,,,,,,,,,,
565,9.0,28,3.10,20,6,2,0,0,0,5,0.55,4,0,1,0,0,0,Pablo Sarabia,23,7,814,3,2,5,3,0,0,3,0,2.9,2.9,1.8,4.6,15,60,62,0.33,0.22,0.55,0.33,0.55,0.32,0.19,0.51,0.32,0.51,17,8,47.1,1.88,0.88,0.18,0.38,18.9,2,0.17,+0.1,+0.1,308,445,69.2,5160,1909,144,165,87.3,110,147,74.8,36,80,45.0,1.9,+0.2,15,39,20,3,372,65,22,5,2,47,10,24,22,2,0,8,19,16,8,4,8,4,10,16,62.5,6,10,0,10,4,20,7,1,552,4,58,271,226,24,552,15,6,40.0,7,46.7,325,1497,731,15,0,22,14,387,0,16,15,5,0,0,0,34,5,14,26.3,35,23.8,63,0,16,23,7,1.25,14,19,-5,-0.55,-0.21,11.9,15.7,-3.7,-0.41,-0.04,,,,,,,,,,,,,,,,,,,,,,,,,,,,,,,,,,,,,,,,,
141,0.1,0,0.00,0,0,0,0,0,0,0,0.00,0,0,0,0,0,0,Jeremy Sarmiento,1,0,9,0,0,0,0,0,0,0,0,0.0,0.0,0.0,0.0,0,0,2,0.00,0.00,0.00,0.00,0.00,0.00,0.00,0.00,0.00,0.00,0,0,,0.00,0.00,,,,0,,0.0,0.0,6,6,100.0,74,1,4,4,100.0,2,2,100.0,0,0,,0.0,0.0,0,0,0,0,6,0,0,0,0,0,0,0,0,0,0,0,0,0,0,0,0,0,0,0,,0,0,0,0,0,0,0,0,8,0,0,6,2,0,8,0,0,,0,,6,61,10,0,0,1,0,7,0,0,0,0,0,0,0,1,0,0,,,,,,,,,,,,,,,,,,,,,,,,,,,,,,,,,,,,,,,,,,,,,,,,,,,,,,,,,,,,
585,30.1,110,3.65,81,0,6,9,14,0,12,0.40,9,0,1,0,2,0,Ismaila Sarr,38,30,"2,711",8,6,14,8,0,0,4,0,10.7,10.7,8.5,19.2,75,85,183,0.27,0.20,0.46,0.27,0.46,0.35,0.28,0.64,0.35,0.64,59,29,49.2,1.96,0.96,0.14,0.28,13.2,0,0.19,-2.7,-2.7,490,742,66.0,7257,2202,265,359,73.8,183,257,71.2,22,50,44.0,6.7,-2.5,44,28,42,9,735,2,0,13,1,55,2,0,0,0,0,5,26,22,10,10,9,3,8,25,32.0,17,27,8,19,9,31,40,0,1091,48,180,411,511,135,1091,61,17,27.9,35,57.4,607,3721,2108,47,28,70,43,739,0,14,56,11,1,0,0,113,37,52,41.6,71,79.3,84,13,8,22,0,1.39,42,39,+3,+0.10,+0.48,50.8,37.9,+12.9,+0.43,+0.63,,,,,,,,,,,,,,,,,,,,,,,,,,,,,,,,,,,,,,,,,
571,19.6,111,5.66,80,2,15,4,7,3,15,0.76,10,0,2,1,1,1,Sávio,29,21,"1,766",1,8,9,1,0,0,3,0,5.0,5.0,6.9,11.9,137,67,246,0.05,0.41,0.46,0.05,0.46,0.26,0.35,0.61,0.26,0.61,55,21,38.2,2.80,1.07,0.02,0.05,17.6,1,0.09,-4.0,-4.0,692,856,80.8,10296,1727,423,470,90.0,227,283,80.2,31,56,55.4,6.1,+1.1,46,19,47,8,824,32,4,5,7,84,9,18,10,2,0,0,33,23,17,5,10,8,10,19,52.6,9,14,2,12,6,29,9,1,1095,14,55,286,774,154,1095,113,52,46.0,40,35.4,783,6489,3559,45,75,42,38,852,0,17,28,3,2,0,0,79,1,2,33.3,61,51.6,79,7,8,13,7,1.69,32,25,+7,+0.36,-0.79,36.1,21.0,+15.1,+0.77,+0.49,,,,,,,,,,,,,,,,,,,,,,,,,,,,,,,,,,,,,,,,,
677,7.4,6,0.81,6,0,0,0,0,0,0,0.00,0,0,0,0,0,0,Oliver Scarles,15,7,665,0,0,0,0,0,0,1,0,0.1,0.1,0.1,0.2,12,22,44,0.00,0.00,0.00,0.00,0.00,0.01,0.01,0.03,0.01,0.03,3,0,0.0,0.41,0.00,0.00,,20.2,0,0.04,-0.1,-0.1,293,372,78.8,4388,1151,174,196,88.8,106,126,84.1,11,37,29.7,0.1,-0.1,2,10,5,1,333,36,4,1,1,15,32,0,0,0,0,3,5,21,11,17,3,1,14,22,63.6,8,14,2,12,11,32,26,0,466,32,159,179,133,9,466,7,2,28.6,5,71.4,219,871,483,9,2,12,3,272,0,5,3,1,0,0,0,34,6,6,50.0,44,19.4,70,2,8,22,6,1.13,6,9,-3,-0.41,+0.02,8.3,9.9,-1.6,-0.22,+0.14,,,,,,,,,,,,,,,,,,,,,,,,,,,,,,,,,,,,,,,,,
500,0.4,1,2.65,1,0,0,0,0,0,1,2.65,1,0,0,0,0,0,Dane Scarlett,3,0,34,0,1,1,0,0,0,0,0,0.0,0.0,0.0,0.1,1,1,1,0.00,2.65,2.65,0.00,2.65,0.09,0.12,0.22,0.09,0.22,1,1,100.0,2.65,2.65,0.00,0.00,13.9,0,0.04,0.0,0.0,3,5,60.0,37,20,2,2,100.0,1,1,100.0,0,1,0.0,0.0,+1.0,1,0,0,0,5,0,0,0,0,0,0,0,0,0,0,0,1,1,0,0,1,0,0,0,,0,0,0,0,0,1,1,0,9,1,3,5,1,1,9,0,0,,0,,5,66,33,0,0,0,1,4,0,0,1,1,0,0,0,3,1,0,100.0,,,,,,,,,,,,,,,,,,,,,,,,,,,,,,,,,,,,,,,,,,,,,,,,,,,,,,,,,,,
106,25.5,57,2.24,35,6,6,4,5,1,9,0.35,5,0,1,3,0,0,Kevin Schade,38,26,"2,293",11,2,13,11,0,0,3,0,8.2,8.2,3.7,11.9,61,38,165,0.43,0.08,0.51,0.43,0.51,0.32,0.14,0.47,0.32,0.47,55,27,49.1,2.16,1.06,0.20,0.41,11.5,0,0.15,+2.8,+2.8,323,541,59.7,4930,1389,185,265,69.8,111,180,61.7,18,43,41.9,1.8,-1.7,23,32,11,3,483,57,0,1,4,38,54,0,0,0,0,1,20,39,25,17,10,12,13,23,56.5,10,19,4,15,5,44,34,0,883,43,154,238,507,146,883,89,30,33.7,52,58.4,434,3086,1357,28,38,60,36,543,0,21,38,13,1,0,0,83,90,80,52.9,60,67.0,79,6,12,21,0,1.47,45,34,+11,+0.43,+0.59,41.8,30.3,+11.5,+0.45,+1.09,,,,,,,,,,,,,,,,,,,,,,,,,,,,,,,,,,,,,,,,,
415,32.6,37,1.13,26,1,1,3,2,4,4,0.12,2,0,0,2,0,0,Fabian Schär,34,33,"2,934",4,0,4,4,0,0,9,1,3.7,3.7,0.4,4.1,18,118,22,0.12,0.00,0.12,0.12,0.12,0.11,0.01,0.13,0.11,0.13,40,11,27.5,1.23,0.34,0.10,0.36,19.8,5,0.09,+0.3,+0.3,1654,1977,83.7,33173,12752,577,625,92.3,877,944,92.9,191,373,51.2,1.0,-0.4,5,161,13,0,1890,79,65,4,31,13,14,0,0,0,0,8,8,36,21,16,18,2,14,35,40.0,21,38,25,13,45,81,138,3,2319,266,1178,991,162,42,2319,13,8,61.5,3,23.1,1438,6526,3744,27,2,12,6,1609,0,35,15,4,0,0,0,134,56,71,44.1,86,85.8,88,29,1,45,0,1.65,58,42,+16,+0.49,-0.44,55.0,36.9,+18.1,+0.56,+0.53,,,,,,,,,,,,,,,,,,,,,,,,,,,,,,,,,,,,,,,,,
214,1.1,7,6.06,5,0,1,1,0,0,0,0.00,0,0,0,0,0,0,Jeffrey Schlupp,12,0,103,0,0,0,0,0,0,0,0,0.2,0.2,0.2,0.3,4,5,9,0.00,0.00,0.00,0.00,0.00,0.14,0.14,0.28,0.14,0.28,4,2,50.0,3.50,1.75,0.00,0.00,17.7,0,0.04,-0.2,-0.2,39,50,78.0,591,144,16,19,84.2,18,23,78.3,2,4,50.0,0.1,-0.2,3,4,2,0,47,3,0,0,0,4,3,0,0,0,0,0,0,2,0,1,0,1,0,3,0.0,3,6,0,6,0,2,2,0,79,2,9,31,41,6,79,1,1,100.0,0,0.0,30,150,67,1,1,7,0,41,0,1,0,0,0,0,0,6,3,4,42.9,9,3.0,,0,12,9,12,0.75,2,3,-1,-0.87,-0.90,2.1,1.8,+0.3,+0.29,-0.01,,,,,,,,,,,,,,,,,,,,,,,,,,,,,,,,,,,,,,,,,
77,8.4,29,3.45,19,2,0,2,3,3,2,0.24,2,0,0,0,0,0,Alex Scott,20,8,755,0,0,0,0,0,0,3,0,0.7,0.7,0.9,1.6,15,52,33,0.00,0.00,0.00,0.00,0.00,0.09,0.11,0.19,0.09,0.19,15,6,40.0,1.79,0.72,0.00,0.00,21.1,1,0.05,-0.7,-0.7,286,342,83.6,4583,1359,142,159,89.3,112,121,92.6,20,35,57.1,1.0,-0.9,12,41,5,1,317,23,10,2,4,7,1,5,3,0,0,2,6,27,14,11,8,8,19,42,45.2,23,17,4,13,10,37,15,0,485,24,90,257,144,18,485,26,6,23.1,13,50.0,247,1401,663,10,3,23,8,294,0,17,26,0,0,0,0,52,7,7,50.0,38,22.1,59,0,12,24,1,1.35,10,8,+2,+0.24,-0.10,12.0,10.0,+1.9,+0.23,-0.23,,,,,,,,,,,,,,,,,,,,,,,,,,,,,,,,,,,,,,,,,
443,38.0,6,0.16,3,3,0,0,0,0,0,0.00,0,0,0,0,0,0,Matz Sels,38,38,"3,420",0,0,0,0,0,0,4,0,0.0,0.0,0.4,0.4,1,2,0,0.00,0.00,0.00,0.00,0.00,0.00,0.01,0.01,0.00,0.01,0,0,,0.00,0.00,,,,0,,0.0,0.0,519,998,52.0,19289,16407,79,79,100.0,168,171,98.2,271,734,36.9,0.3,-0.4,2,45,4,0,610,375,105,0,0,0,0,0,0,0,0,13,0,1,1,1,0,0,1,1,100.0,0,0,0,0,0,1,26,1,1102,833,1082,20,0,0,1102,0,0,,0,,528,3230,1697,1,1,0,0,426,0,1,10,0,0,1,0,17,15,2,88.2,90,100.0,90,38,0,,0,1.71,58,46,+12,+0.32,,45.5,48.9,-3.4,-0.09,,38,38,"3,420",46,1.21,165,119,73.9,19,8,11,13,34.2,3,3,0,0,0.0,1,5,0,49.1,0.29,+3.1,+0.08,244,698,35.0,715,83,68.4,44.7,270,77.4,54.3,710,19,2.7,12,0.32,8.7
559,32.1,60,1.87,44,1,8,1,3,3,6,0.19,6,0,0,0,0,0,Nélson Semedo,34,32,"2,886",0,4,4,0,0,0,8,0,0.9,0.9,2.8,3.7,67,80,119,0.00,0.12,0.12,0.00,0.12,0.03,0.09,0.12,0.03,0.12,18,7,38.9,0.56,0.22,0.00,0.00,23.9,0,0.05,-0.9,-0.9,1096,1357,80.8,16627,5130,598,653,91.6,409,490,83.5,59,128,46.1,1.7,+1.2,25,70,28,13,1142,210,12,1,5,63,198,0,0,0,0,5,36,62,36,32,21,9,34,57,59.6,23,32,10,22,23,85,104,3,1717,123,483,788,467,27,1717,71,32,45.1,31,43.7,901,5223,2688,41,10,42,21,995,0,48,30,4,0,1,0,139,28,42,40.0,85,84.4,88,21,2,34,0,1.24,49,49,0,0.00,+2.53,36.6,47.2,-10.6,-0.33,+0.32,,,,,,,,,,,,,,,,,,,,,,,,,,,,,,,,,,,,,,,,,
78,35.6,132,3.71,85,4,21,15,5,2,13,0.37,7,1,2,1,2,0,Antoine Semenyo,37,36,"3,203",11,5,16,11,0,0,9,0,10.0,10.0,5.8,15.8,140,109,282,0.31,0.14,0.45,0.31,0.45,0.28,0.16,0.44,0.28,0.44,125,40,32.0,3.51,1.12,0.09,0.28,17.0,0,0.08,+1.0,+1.0,821,1119,73.4,11674,2915,501,586,85.5,252,334,75.4,37,97,38.1,4.3,-0.8,46,49,45,8,1049,60,4,9,6,59,53,3,0,1,0,10,40,55,35,17,25,13,16,43,37.2,27,67,9,58,11,66,39,2,1653,46,206,573,909,191,1653,135,69,51.1,57,42.2,979,7353,3581,69,67,84,77,1140,0,73,37,15,1,0,0,158,66,76,46.5,87,93.7,88,28,1,26,0,1.43,53,41,+12,+0.34,+0.34,57.8,43.8,+14.0,+0.39,-0.25,,,,,,,,,,,,,,,,,,,,,,,,,,,,,,,,,,,,,,,,,
79,12.3,16,1.30,16,0,0,0,0,0,1,0.08,1,0,0,0,0,0,Marcos Senesi,17,13,"1,106",0,0,0,0,0,0,5,0,0.8,0.8,0.2,1.1,12,62,7,0.00,0.00,0.00,0.00,0.00,0.07,0.02,0.09,0.07,0.09,3,0,0.0,0.24,0.00,0.00,,7.9,0,0.28,-0.8,-0.8,561,735,76.3,11536,5815,199,228,87.3,267,311,85.9,89,180,49.4,0.5,-0.2,3,79,13,3,699,31,23,0,2,11,6,0,0,0,0,5,1,39,21,23,14,2,14,31,45.2,17,16,7,9,14,53,58,0,889,73,391,427,82,16,889,10,6,60.0,4,40.0,554,2862,1677,16,0,7,6,565,0,22,8,0,0,0,0,71,32,29,52.5,65,32.3,80,7,4,17,4,1.47,19,17,+2,+0.16,-0.23,23.3,14.4,+8.9,+0.72,+0.46,,,,,,,,,,,,,,,,,,,,,,,,,,,,,,,,,,,,,,,,,
579,6.4,24,3.72,20,0,1,2,1,0,4,0.62,4,0,0,0,0,0,Ryan Sessegnon,16,7,580,4,2,6,4,0,0,1,0,1.6,1.6,1.1,2.7,18,22,59,0.62,0.31,0.93,0.62,0.93,0.25,0.17,0.42,0.25,0.42,14,8,57.1,2.17,1.24,0.29,0.50,12.8,0,0.12,+2.4,+2.4,189,241,78.4,2728,859,118,136,86.8,58,73,79.5,8,13,61.5,1.1,+0.9,12,18,7,2,226,15,0,0,0,16,13,1,0,0,0,0,9,27,13,11,11,5,9,20,45.0,11,13,1,12,3,30,18,0,363,15,88,131,149,45,363,21,8,38.1,10,47.6,180,1054,549,14,10,19,8,210,0,20,4,1,0,0,0,30,8,11,42.1,36,17.0,73,1,9,7,16,1.56,13,10,+3,+0.47,+0.56,9.3,8.1,+1.3,+0.19,+0.18,,,,,,,,,,,,,,,,,,,,,,,,,,,,,,,,,,,,,,,,,
387,3.9,10,2.58,8,2,0,0,0,0,0,0.00,0,0,0,0,0,0,Luke Shaw,7,4,349,0,0,0,0,0,0,1,0,0.0,0.0,0.7,0.7,7,24,7,0.00,0.00,0.00,0.00,0.00,0.01,0.18,0.19,0.01,0.19,1,0,0.0,0.26,0.00,0.00,,23.1,0,0.03,0.0,0.0,249,290,85.9,4252,1388,118,127,92.9,108,119,90.8,20,33,60.6,0.8,-0.7,5,20,3,1,276,14,5,1,1,11,2,4,0,1,0,0,6,4,3,2,2,0,2,2,100.0,0,6,1,5,2,6,7,0,317,26,128,149,42,4,317,1,0,0.0,1,100.0,226,1102,548,8,0,2,0,248,0,3,1,0,0,0,1,9,3,2,60.0,50,10.2,67,1,3,28,1,0.71,3,5,-2,-0.52,-0.28,4.4,3.9,+0.6,+0.15,+0.20,,,,,,,,,,,,,,,,,,,,,,,,,,,,,,,,,,,,,,,,,
728,0.0,0,0.00,0,0,0,0,0,0,0,0.00,0,0,0,0,0,0,Zain Silcott-Duberry,1,0,1,0,0,0,0,0,0,0,0,0.0,0.0,0.0,0.0,0,0,0,0.00,0.00,0.00,0.00,0.00,0.00,0.00,0.00,0.00,0.00,0,0,,0.00,0.00,,,,0,,0.0,0.0,1,2,50.0,25,0,0,0,,1,1,100.0,0,0,,0.0,0.0,0,0,0,0,2,0,0,0,0,0,0,0,0,0,0,0,1,1,1,0,0,1,1,1,100.0,0,0,0,0,0,1,0,0,3,0,1,0,2,0,3,0,0,,0,,1,6,6,0,0,0,0,2,0,0,0,0,0,0,0,0,0,1,0.0,,,,,,,,,,,,,,,,,,,,,,,,,,,,,,,,,,,,,,,,,,,,,,,,,,,,,,,,,,,
342,29.7,92,3.10,81,3,4,1,3,0,8,0.27,8,0,0,0,0,0,Bernardo Silva,33,29,"2,670",4,4,8,4,0,0,7,0,3.9,3.9,5.1,9.0,101,134,200,0.13,0.13,0.27,0.13,0.27,0.13,0.17,0.30,0.13,0.30,32,11,34.4,1.08,0.37,0.13,0.36,12.4,0,0.12,+0.1,+0.1,1547,1783,86.8,23646,4501,877,949,92.4,554,634,87.4,82,124,66.1,4.5,-1.1,53,87,40,7,1654,128,55,4,6,60,44,16,5,0,0,1,35,56,37,17,30,9,25,56,44.6,31,36,7,29,23,79,32,3,2054,50,355,843,876,141,2054,61,28,45.9,26,42.6,1288,8110,4045,65,32,25,34,1518,0,27,32,3,0,0,0,107,5,10,33.3,81,78.1,90,28,4,15,5,1.79,49,36,+13,+0.44,-1.36,49.0,38.9,+10.1,+0.34,-0.90,,,,,,,,,,,,,,,,,,,,,,,,,,,,,,,,,,,,,,,,,
428,0.3,0,0.00,0,0,0,0,0,0,0,0.00,0,0,0,0,0,0,Eric da Silva Moreira,31,5,854,0,0,0,0,0,0,0,0,0.0,0.0,0.0,0.0,1,0,1,0.00,0.00,0.00,0.00,0.00,0.00,0.00,0.00,0.00,0.00,0,0,,0.00,0.00,,,,0,,0.0,0.0,7,8,87.5,86,7,6,7,85.7,1,1,100.0,0,0,,0.0,0.0,0,0,0,0,6,2,0,0,0,0,2,0,0,0,0,0,0,2,2,2,0,0,2,6,33.3,4,0,0,0,1,3,0,0,13,3,7,4,2,0,13,1,0,0.0,1,100.0,4,26,11,0,0,1,0,3,0,0,0,0,0,0,0,2,0,0,,28,25.0,68,0,26,20,6,1.71,16,16,0,0.00,-0.42,14.9,12.6,+2.4,+0.25,+0.45,,,,,,,,,,,,,,,,,,,,,,,,,,,,,,,,,,,,,,,,,
672,1.1,0,0.00,0,0,0,0,0,0,0,0.00,0,0,0,0,0,0,Jahmai Simpson-Pusey,2,1,96,0,0,0,0,0,0,1,0,0.0,0.0,0.0,0.0,1,3,0,0.00,0.00,0.00,0.00,0.00,0.00,0.00,0.00,0.00,0.00,0,0,,0.00,0.00,,,,0,,0.0,0.0,107,115,93.0,1754,549,47,49,95.9,57,59,96.6,3,7,42.9,0.0,0.0,0,3,0,0,110,5,3,0,0,0,1,0,0,0,0,0,0,1,0,1,0,0,0,1,0.0,1,1,1,0,0,1,2,0,123,9,61,59,3,1,123,1,0,0.0,0,0.0,79,376,190,0,0,1,0,101,0,0,1,0,0,0,0,3,1,3,25.0,,,,,,,,,,,,,,,,,,,,,,,,,,,,,,,,,,,,,,,,,,,,,,,,,,,,,,,,,,,
80,2.6,14,5.29,11,0,1,2,0,0,1,0.38,1,0,0,0,0,0,Luis Sinisterra,12,1,236,1,1,2,1,0,0,0,0,1.2,1.2,1.4,2.6,19,6,38,0.38,0.38,0.76,0.38,0.76,0.46,0.54,1.00,0.46,1.00,13,6,46.2,4.96,2.29,0.08,0.17,14.8,0,0.09,-0.2,-0.2,73,93,78.5,1067,200,44,48,91.7,22,32,68.8,5,5,100.0,1.3,-0.4,9,6,2,2,92,0,0,0,1,7,0,0,0,0,0,1,4,7,2,3,2,2,0,4,0.0,4,3,0,3,1,8,8,0,155,7,18,41,96,23,155,20,8,40.0,10,50.0,95,744,393,6,10,6,3,102,0,4,2,1,0,0,0,17,3,7,30.0,20,6.9,62,0,11,16,1,1.25,5,4,+1,+0.38,+0.07,6.5,3.9,+2.6,+0.98,+0.62,,,,,,,,,,,,,,,,,,,,,,,,,,,,,,,,,,,,,,,,,
501,12.5,15,1.20,13,1,0,0,1,0,0,0.00,0,0,0,0,0,0,Oliver Skipp,24,10,"1,129",0,0,0,0,0,0,8,0,0.4,0.4,0.3,0.6,16,35,19,0.00,0.00,0.00,0.00,0.00,0.03,0.02,0.05,0.03,0.05,5,1,20.0,0.40,0.08,0.00,0.00,19.4,0,0.07,-0.4,-0.4,419,502,83.5,6399,1568,214,247,86.6,163,178,91.6,21,36,58.3,0.3,-0.3,9,32,4,0,497,4,3,2,0,5,1,0,0,0,0,1,12,21,4,6,12,3,9,15,60.0,6,23,7,16,11,32,11,2,612,29,141,383,92,9,612,12,7,58.3,5,41.7,347,1392,644,7,3,12,7,419,0,21,13,0,0,0,0,46,12,6,66.7,47,33.0,74,3,14,28,11,0.79,12,26,-14,-1.12,+0.18,11.2,25.4,-14.1,-1.13,-0.14,,,,,,,,,,,,,,,,,,,,,,,,,,,,,,,,,,,,,,,,,
471,7.7,16,2.09,12,3,0,1,0,0,0,0.00,0,0,0,0,0,0,William Smallbone,18,6,690,1,0,1,1,0,0,1,0,0.6,0.6,0.7,1.3,5,27,25,0.13,0.00,0.13,0.13,0.13,0.07,0.10,0.17,0.07,0.17,7,1,14.3,0.91,0.13,0.14,1.00,17.6,1,0.08,+0.4,+0.4,270,356,75.8,4399,1203,130,154,84.4,112,131,85.5,20,53,37.7,0.9,-0.7,10,13,4,3,294,60,12,1,2,36,4,25,15,7,0,2,8,20,13,9,9,2,7,22,31.8,15,8,0,8,2,22,14,2,431,17,83,213,139,17,431,6,4,66.7,2,33.3,193,787,397,9,1,12,6,262,0,11,3,0,0,1,0,23,4,6,40.0,38,20.2,72,2,12,21,2,0.22,4,22,-18,-2.35,-0.96,7.0,18.8,-11.8,-1.54,-0.21,,,,,,,,,,,,,,,,,,,,,,,,,,,,,,,,,,,,,,,,,
81,17.7,23,1.30,17,1,1,0,3,1,2,0.11,1,0,0,0,1,0,Adam Smith,25,19,"1,590",0,0,0,0,0,0,7,0,0.7,0.7,0.4,1.1,15,49,34,0.00,0.00,0.00,0.00,0.00,0.04,0.02,0.06,0.04,0.06,3,0,0.0,0.17,0.00,0.00,,16.9,0,0.22,-0.7,-0.7,514,679,75.7,8452,2723,244,275,88.7,222,279,79.6,32,89,36.0,0.7,-0.4,8,49,10,5,550,128,9,1,2,33,119,0,0,0,0,1,15,24,12,11,7,6,14,27,51.9,13,13,5,8,15,39,49,1,825,41,240,394,197,8,825,16,6,37.5,7,43.8,366,1552,711,18,1,13,7,403,0,19,12,0,0,0,0,50,14,15,48.3,64,46.5,75,7,6,28,1,1.48,25,18,+7,+0.40,+0.15,29.7,18.9,+10.8,+0.61,+0.38,,,,,,,,,,,,,,,,,,,,,,,,,,,,,,,,,,,,,,,,,
19,22.7,73,3.22,57,0,3,8,2,3,12,0.53,10,0,1,0,0,1,Emile Smith Rowe,34,25,"2,043",6,3,9,6,0,0,3,0,4.5,4.5,1.4,6.0,53,126,127,0.26,0.13,0.40,0.26,0.40,0.20,0.06,0.26,0.20,0.26,37,11,29.7,1.63,0.48,0.16,0.55,16.0,0,0.12,+1.5,+1.5,922,1023,90.1,13141,2429,548,592,92.6,330,348,94.8,21,29,72.4,2.0,+1.6,24,80,15,1,985,35,6,2,2,16,3,1,0,0,0,3,18,31,18,7,14,10,8,24,33.3,16,22,2,20,11,42,16,0,1223,20,166,591,476,60,1223,35,16,45.7,16,45.7,779,3728,1932,40,12,36,18,940,0,19,14,4,0,0,0,75,6,20,23.1,60,59.7,73,0,9,24,0,1.38,29,28,+1,+0.04,+0.11,29.5,25.0,+4.5,+0.20,+0.38,,,,,,,,,,,,,,,,,,,,,,,,,,,,,,,,,,,,,,,,,
82,24.5,37,1.51,25,0,0,9,2,1,8,0.33,6,0,0,1,1,0,Dominic Solanke,27,25,"2,201",9,3,12,8,1,1,0,0,10.9,10.1,2.9,13.1,31,47,88,0.37,0.12,0.49,0.33,0.45,0.45,0.12,0.57,0.41,0.54,59,24,40.7,2.41,0.98,0.14,0.33,12.4,0,0.17,-1.9,-2.1,255,361,70.6,3429,944,154,205,75.1,68,87,78.2,12,18,66.7,1.2,+0.1,14,28,9,0,321,38,0,3,1,4,2,0,0,0,0,2,15,18,11,1,12,5,4,16,25.0,12,20,9,11,1,19,23,0,655,33,74,299,288,112,654,51,17,33.3,31,60.8,385,2126,848,23,14,69,51,459,0,36,36,5,0,0,1,38,46,60,43.4,82,64.4,86,18,2,21,1,0.89,45,43,+2,+0.08,+0.30,40.4,40.6,-0.2,-0.01,+0.30,,,,,,,,,,,,,,,,,,,,,,,,,,,,,,,,,,,,,,,,,
654,15.7,51,3.26,31,9,2,5,3,1,2,0.13,2,0,0,0,0,0,Carlos Soler,31,14,"1,409",1,1,2,1,0,0,6,0,1.8,1.8,1.4,3.2,17,56,37,0.06,0.06,0.13,0.06,0.13,0.12,0.09,0.21,0.12,0.21,25,8,32.0,1.60,0.51,0.04,0.13,19.0,1,0.07,-0.8,-0.8,570,669,85.2,8890,2414,308,326,94.5,212,246,86.2,32,59,54.2,1.9,-0.4,18,43,13,0,605,62,28,4,6,34,4,21,11,6,0,2,10,16,11,9,6,1,7,23,30.4,16,19,6,13,8,24,21,2,794,27,180,409,210,26,794,18,8,44.4,9,50.0,367,1806,783,17,4,14,14,539,0,26,19,0,0,0,0,64,10,12,45.5,45,41.2,67,1,17,28,2,1.16,16,25,-9,-0.57,-0.26,16.8,28.2,-11.4,-0.73,-0.67,,,,,,,,,,,,,,,,,,,,,,,,,,,,,,,,,,,,,,,,,
713,0.1,0,0.00,0,0,0,0,0,0,0,0.00,0,0,0,0,0,0,Julio Soler,3,0,11,0,0,0,0,0,0,0,0,0.0,0.0,0.0,0.0,0,0,2,0.00,0.00,0.00,0.00,0.00,0.00,0.00,0.00,0.00,0.00,0,0,,0.00,0.00,,,,0,,0.0,0.0,11,14,78.6,104,18,11,13,84.6,0,1,0.0,0,0,,0.0,0.0,0,0,0,0,14,0,0,0,0,1,0,0,0,0,0,0,1,1,1,1,0,0,1,1,100.0,0,1,0,1,0,1,0,0,17,0,3,6,8,0,17,0,0,,0,,12,30,8,0,0,1,0,14,0,0,1,0,0,0,0,0,0,0,,,,,,,,,,,,,,,,,,,,,,,,,,,,,,,,,,,,,,,,,,,,,,,,,,,,,,,,,,,,
620,3.3,14,4.23,11,0,2,1,0,0,0,0.00,0,0,0,0,0,0,Ramón Sosa,19,1,295,1,0,1,1,0,0,1,0,1.0,1.0,0.5,1.5,12,6,17,0.31,0.00,0.31,0.31,0.31,0.31,0.15,0.45,0.31,0.45,11,5,45.5,3.36,1.53,0.09,0.20,18.6,0,0.09,0.0,0.0,66,97,68.0,1016,283,33,47,70.2,24,35,68.6,5,7,71.4,0.4,-0.5,8,2,5,3,86,10,2,0,1,8,4,4,2,1,0,1,2,5,3,3,0,2,1,5,20.0,4,9,0,9,4,9,5,0,154,6,36,48,77,15,154,13,8,61.5,5,38.5,75,601,333,7,5,6,5,81,0,6,8,3,0,0,0,25,4,7,36.4,16,8.6,67,0,18,13,13,1.58,3,5,-2,-0.61,-1.01,3.5,4.6,-1.0,-0.31,-0.24,,,,,,,,,,,,,,,,,,,,,,,,,,,,,,,,,,,,,,,,,
530,28.5,44,1.54,35,0,0,6,2,1,3,0.11,2,0,0,0,1,0,Tomáš Souček,35,30,"2,567",9,1,10,9,0,0,8,0,6.7,6.7,1.0,7.8,9,74,68,0.32,0.04,0.35,0.32,0.35,0.24,0.04,0.27,0.24,0.27,55,17,30.9,1.93,0.60,0.16,0.53,11.9,0,0.13,+2.3,+2.3,715,969,73.8,11811,3221,364,457,79.6,265,343,77.3,65,97,67.0,1.3,0.0,14,62,8,1,946,20,17,0,11,14,3,0,0,0,0,3,26,46,21,20,23,3,26,44,59.1,18,41,21,20,20,66,85,1,1280,128,355,626,303,102,1280,12,6,50.0,6,50.0,506,1553,559,12,3,20,15,764,0,47,25,4,1,0,0,63,99,73,57.6,73,75.1,81,20,5,27,1,1.23,38,44,-6,-0.21,+0.84,37.6,43.3,-5.7,-0.20,+0.53,,,,,,,,,,,,,,,,,,,,,,,,,,,,,,,,,,,,,,,,,
285,24.1,35,1.45,27,0,5,1,2,0,3,0.12,3,0,0,0,0,0,Boubakary Soumaré,31,25,"2,171",0,0,0,0,0,0,8,0,0.3,0.3,0.4,0.7,34,105,23,0.00,0.00,0.00,0.00,0.00,0.01,0.02,0.03,0.01,0.03,7,0,0.0,0.29,0.00,0.00,,23.4,0,0.04,-0.3,-0.3,1073,1234,87.0,16191,4336,581,632,91.9,414,471,87.9,42,60,70.0,1.0,-0.4,11,95,16,3,1220,11,8,3,1,10,3,0,0,0,0,3,15,37,20,24,12,1,21,33,63.6,12,22,10,12,27,64,34,4,1441,73,386,903,166,18,1441,45,27,60.0,14,31.1,847,3904,2011,19,4,24,22,1013,0,24,23,0,0,0,0,140,21,11,65.6,70,63.5,83,19,6,15,4,0.65,17,52,-35,-1.45,-0.59,19.7,45.7,-26.1,-1.08,-0.13,,,,,,,,,,,,,,,,,,,,,,,,,,,,,,,,,,,,,,,,,
504,19.9,29,1.46,23,1,4,1,0,0,5,0.25,3,1,1,0,0,0,Djed Spence,25,19,"1,792",1,2,3,1,0,0,4,1,0.6,0.6,1.8,2.3,59,105,70,0.05,0.10,0.15,0.05,0.15,0.03,0.09,0.12,0.03,0.12,10,3,30.0,0.50,0.15,0.10,0.33,23.9,0,0.06,+0.4,+0.4,992,1161,85.4,14185,4261,585,622,94.1,343,400,85.8,32,67,47.8,1.4,+0.2,11,78,18,8,974,183,30,2,2,25,153,0,0,0,0,4,19,47,34,25,15,7,23,30,76.7,7,28,9,19,21,68,74,2,1428,81,500,641,309,25,1428,76,38,50.0,31,40.8,794,4661,2481,44,7,28,33,872,1,21,23,2,0,0,1,109,21,14,60.0,72,52.4,89,17,6,16,8,1.08,33,39,-6,-0.30,-0.58,28.2,35.3,-7.1,-0.36,-0.50,,,,,,,,,,,,,,,,,,,,,,,,,,,,,,,,,,,,,,,,,
256,0.0,0,0.00,0,0,0,0,0,0,0,0.00,0,0,0,0,0,0,Jay Stansfield,1,0,1,0,0,0,0,0,0,0,0,0.0,0.0,0.0,0.0,0,0,0,0.00,0.00,0.00,0.00,0.00,0.00,0.00,0.00,0.00,0.00,0,0,,0.00,0.00,,,,0,,0.0,0.0,0,0,,0,0,0,0,,0,0,,0,0,,0.0,0.0,0,0,0,0,0,0,0,0,0,0,0,0,0,0,0,0,0,0,0,0,0,0,0,0,,0,0,0,0,0,0,0,0,0,0,0,0,0,0,0,0,0,,0,,0,0,0,0,0,0,0,0,0,1,0,0,0,0,0,0,0,0,,,,,,,,,,,,,,,,,,,,,,,,,,,,,,,,,,,,,,,,,,,,,,,,,,,,,,,,,,,,
142,2.0,0,0.00,0,0,0,0,0,0,0,0.00,0,0,0,0,0,0,Jason Steele,2,2,180,0,0,0,0,0,0,0,0,0.0,0.0,0.0,0.0,0,0,0,0.00,0.00,0.00,0.00,0.00,0.00,0.00,0.00,0.00,0.00,0,0,,0.00,0.00,,,,0,,0.0,0.0,101,112,90.2,2321,1556,21,21,100.0,63,65,96.9,17,26,65.4,0.0,0.0,0,0,0,0,104,8,6,0,0,0,0,0,0,0,0,0,0,0,0,0,0,0,0,0,,0,0,0,0,0,0,1,0,114,107,114,0,0,0,114,0,0,,0,,91,361,151,0,0,0,0,83,0,0,1,0,0,0,0,7,1,1,50.0,,,,,,,,,,,,,,,,,,,2,2,180,1,0.50,4,3,75.0,2,0,0,1,50.0,0,0,0,0,,0,0,0,0.5,0.12,-0.5,-0.26,7,16,43.8,110,7,13.6,25.1,2,50.0,43.0,22,2,9.1,3,1.50,15.4
472,15.4,13,0.84,13,0,0,0,0,0,0,0.00,0,0,0,0,0,0,Jack Stephens,19,17,"1,389",1,0,1,1,0,0,2,2,0.6,0.6,0.2,0.7,14,63,2,0.06,0.00,0.06,0.06,0.06,0.04,0.01,0.05,0.04,0.05,4,2,50.0,0.26,0.13,0.25,0.50,11.0,0,0.14,+0.4,+0.4,879,955,92.0,15471,4366,346,372,93.0,464,492,94.3,54,65,83.1,0.3,-0.2,3,51,5,0,912,42,19,0,2,1,15,0,0,0,0,1,4,34,20,25,9,0,17,30,56.7,13,20,13,7,13,47,53,2,1097,128,461,543,97,11,1097,4,0,0.0,4,100.0,631,2996,1407,12,1,3,3,783,0,13,4,1,0,1,0,44,6,10,37.5,73,40.6,81,12,2,6,4,0.53,8,28,-20,-1.30,+0.48,12.7,31.1,-18.3,-1.19,+0.31,,,,,,,,,,,,,,,,,,,,,,,,,,,,,,,,,,,,,,,,,
186,5.5,19,3.43,14,0,3,2,0,0,3,0.54,3,0,0,0,0,0,Raheem Sterling,17,7,499,0,2,2,0,0,0,1,0,1.4,1.4,0.5,1.9,27,18,79,0.00,0.36,0.36,0.00,0.36,0.26,0.09,0.34,0.26,0.34,11,0,0.0,1.98,0.00,0.00,,15.1,2,0.13,-1.4,-1.4,158,201,78.6,2022,403,103,117,88.0,43,57,75.4,3,4,75.0,0.5,+1.5,8,4,9,2,197,2,0,0,1,16,1,1,0,0,0,2,7,9,4,1,3,5,5,10,50.0,5,3,0,3,1,10,4,0,274,2,10,58,209,38,274,30,10,33.3,10,33.3,201,1407,750,11,15,13,14,211,0,12,8,4,0,0,0,16,1,3,25.0,29,14.6,56,0,10,11,12,2.00,12,4,+8,+1.44,+0.61,9.1,4.1,+5.0,+0.90,+0.27,,,,,,,,,,,,,,,,,,,,,,,,,,,,,,,,,,,,,,,,,
473,4.3,5,1.16,1,0,1,2,1,0,0,0.00,0,0,0,0,0,0,Ross Stewart,12,4,389,1,0,1,1,0,0,1,0,1.1,1.1,0.0,1.1,3,2,10,0.23,0.00,0.23,0.23,0.23,0.25,0.00,0.25,0.25,0.25,9,2,22.2,2.08,0.46,0.11,0.50,10.8,0,0.12,-0.1,-0.1,67,95,70.5,861,86,34,45,75.6,25,32,78.1,0,1,0.0,0.1,0.0,0,2,1,0,94,1,1,0,0,0,0,0,0,0,0,0,3,6,4,1,1,4,3,8,37.5,5,3,0,3,1,7,7,0,140,9,25,55,62,15,140,5,3,60.0,2,40.0,64,298,81,0,4,7,9,100,0,7,7,1,0,0,0,6,13,23,36.1,32,11.4,51,0,8,23,0,0.25,5,9,-4,-0.93,+0.74,3.9,9.6,-5.7,-1.31,+0.07,,,,,,,,,,,,,,,,,,,,,,,,,,,,,,,,,,,,,,,,,
304,10.0,0,0.00,0,0,0,0,0,0,0,0.00,0,0,0,0,0,0,Jakub Stolarczyk,10,10,900,0,0,0,0,0,0,1,0,0.0,0.0,0.0,0.0,0,1,0,0.00,0.00,0.00,0.00,0.00,0.00,0.00,0.00,0.00,0.00,0,0,,0.00,0.00,,,,0,,0.0,0.0,238,386,61.7,6215,4560,70,70,100.0,91,94,96.8,76,220,34.5,0.0,0.0,0,2,0,0,286,100,42,0,1,0,0,0,0,0,0,0,1,2,1,2,0,0,1,2,50.0,1,0,0,0,0,2,6,1,411,309,406,6,0,0,411,0,0,,0,,221,983,595,0,0,1,0,225,0,0,0,0,0,0,0,8,5,0,100.0,90,26.3,90,10,0,,11,1.00,10,16,-6,-0.60,+0.86,9.4,14.4,-5.0,-0.50,+0.72,10,10,900,16,1.60,44,28,63.6,3,1,6,2,20.0,0,0,0,0,,0,2,0,15.4,0.35,-0.6,-0.06,57,195,29.2,328,36,46.3,34.2,58,74.1,50.2,169,10,5.9,8,0.80,12.5
362,6.1,8,1.31,8,0,0,0,0,0,2,0.33,2,0,0,0,0,0,John Stones,11,6,548,2,0,2,2,0,0,1,0,0.4,0.4,0.1,0.5,10,21,2,0.33,0.00,0.33,0.33,0.33,0.07,0.01,0.08,0.07,0.08,2,2,100.0,0.33,0.33,1.00,1.00,5.1,0,0.22,+1.6,+1.6,367,403,91.1,6382,1601,169,179,94.4,161,174,92.5,31,40,77.5,0.2,-0.1,2,42,0,0,389,13,7,0,3,0,0,0,0,0,0,1,2,6,2,3,2,1,5,5,100.0,0,5,3,2,4,10,19,1,442,40,142,234,68,4,442,2,2,100.0,0,0.0,292,2146,1183,14,0,2,0,333,0,2,2,0,0,0,0,22,8,6,57.1,50,16.0,74,3,5,21,4,2.00,14,11,+3,+0.49,-0.29,9.8,5.7,+4.1,+0.67,+0.16,,,,,,,,,,,,,,,,,,,,,,,,,,,,,,,,,,,,,,,,,
566,28.7,42,1.46,33,1,1,3,2,2,6,0.21,6,0,0,0,0,0,Jørgen Strand Larsen,35,30,"2,587",14,4,18,14,0,0,4,0,10.3,10.3,3.0,13.3,17,29,112,0.49,0.14,0.63,0.49,0.63,0.36,0.10,0.46,0.36,0.46,54,33,61.1,1.88,1.15,0.26,0.42,11.3,0,0.19,+3.7,+3.7,295,457,64.6,3818,697,182,254,71.7,73,112,65.2,14,20,70.0,1.0,+1.0,21,19,4,1,443,14,0,1,2,6,0,0,0,0,0,0,19,10,6,2,3,5,4,27,14.8,23,19,4,15,6,16,29,0,736,36,85,348,304,108,736,20,8,40.0,11,55.0,345,1194,464,14,9,90,34,534,0,46,19,16,0,0,0,42,67,100,40.1,74,75.6,80,11,5,35,0,1.11,43,52,-9,-0.31,+0.34,32.3,43.2,-10.9,-0.38,0.00,,,,,,,,,,,,,,,,,,,,,,,,,,,,,,,,,,,,,,,,,
474,17.3,39,2.25,30,5,1,3,0,0,1,0.06,1,0,0,0,0,0,Yukinari Sugawara,30,16,"1,557",1,1,2,1,0,0,4,0,0.5,0.5,2.2,2.7,33,72,78,0.06,0.06,0.12,0.06,0.12,0.03,0.13,0.16,0.03,0.16,14,5,35.7,0.81,0.29,0.07,0.20,20.2,1,0.03,+0.5,+0.5,713,891,80.0,11241,3454,377,427,88.3,282,339,83.2,37,76,48.7,2.5,-1.2,17,47,21,9,765,124,17,1,7,70,97,10,4,6,0,2,22,31,18,16,14,1,19,31,61.3,12,21,10,11,11,42,53,3,1066,67,327,410,334,29,1066,20,9,45.0,10,50.0,564,2569,1384,16,7,18,5,709,0,15,10,4,0,2,0,44,5,9,35.7,52,45.5,76,6,14,24,5,0.33,13,46,-33,-1.91,-0.60,16.9,40.2,-23.3,-1.34,+0.05,,,,,,,,,,,,,,,,,,,,,,,,,,,,,,,,,,,,,,,,,
462,15.6,30,1.93,15,1,10,3,1,0,3,0.19,1,0,1,1,0,0,Kamaldeen Sulemana,26,17,"1,402",1,1,2,1,0,0,2,0,1.5,1.5,1.0,2.5,63,27,87,0.06,0.06,0.13,0.06,0.13,0.10,0.06,0.16,0.10,0.16,29,8,27.6,1.86,0.51,0.03,0.13,18.6,0,0.05,-0.5,-0.5,285,357,79.8,4101,627,177,201,88.1,86,103,83.5,13,28,46.4,0.8,0.0,10,6,13,7,354,2,0,0,2,26,2,0,0,0,0,1,9,22,17,9,5,8,10,15,66.7,5,16,4,12,6,28,9,0,587,17,92,219,301,59,587,103,39,37.9,56,54.4,380,3283,1620,37,28,50,25,410,0,22,11,3,0,0,0,63,13,27,32.5,54,41.0,74,5,9,16,2,0.27,11,36,-25,-1.60,-0.04,10.0,34.8,-24.7,-1.59,-0.36,,,,,,,,,,,,,,,,,,,,,,,,,,,,,,,,,,,,,,,,,
587,8.7,35,4.01,21,3,5,0,5,1,1,0.11,1,0,0,0,0,0,Crysencio Summerville,19,7,786,1,1,2,1,0,0,2,0,1.6,1.6,1.7,3.3,29,18,71,0.11,0.11,0.23,0.11,0.23,0.19,0.19,0.38,0.19,0.38,14,4,28.6,1.60,0.46,0.07,0.25,13.4,0,0.12,-0.6,-0.6,194,254,76.4,2881,640,125,148,84.5,55,62,88.7,11,22,50.0,1.7,-0.7,17,13,12,5,241,13,2,3,0,21,2,8,6,0,0,0,13,13,7,2,8,3,3,9,33.3,6,13,4,9,0,13,7,0,372,9,47,147,181,38,372,39,13,33.3,18,46.2,207,1463,762,15,13,20,16,259,0,9,23,4,0,0,0,38,4,9,30.8,41,23.0,67,1,12,26,1,1.05,13,20,-7,-0.80,-0.49,13.6,17.1,-3.5,-0.40,-0.09,,,,,,,,,,,,,,,,,,,,,,,,,,,,,,,,,,,,,,,,,
611,11.0,10,0.91,8,0,1,1,0,0,0,0.00,0,0,0,0,0,0,Sammie Szmodics,20,13,992,4,0,4,4,0,0,2,0,3.4,3.4,0.2,3.6,16,19,47,0.36,0.00,0.36,0.36,0.36,0.31,0.02,0.33,0.31,0.33,21,12,57.1,1.91,1.09,0.19,0.33,14.0,0,0.16,+0.6,+0.6,149,201,74.1,2458,724,72,82,87.8,54,65,83.1,15,29,51.7,0.5,-0.2,5,11,4,1,190,11,1,0,0,14,0,6,6,0,0,0,13,16,10,4,10,2,7,26,26.9,19,10,2,8,6,22,14,0,318,17,80,125,119,33,318,12,4,33.3,6,50.0,179,1003,407,8,7,24,17,193,0,9,8,8,0,1,0,42,6,11,35.3,50,29.0,70,0,7,12,2,0.65,11,18,-7,-0.64,+0.81,11.4,22.8,-11.4,-1.03,-0.03,,,,,,,,,,,,,,,,,,,,,,,,,,,,,,,,,,,,,,,,,
336,27.7,119,4.30,90,7,5,13,3,1,16,0.58,12,1,0,3,0,0,Dominik Szoboszlai,36,29,"2,491",6,6,12,6,0,0,6,0,7.3,7.3,7.4,14.7,72,131,127,0.22,0.22,0.43,0.22,0.43,0.27,0.27,0.53,0.27,0.53,67,22,32.8,2.42,0.79,0.09,0.27,18.9,4,0.11,-1.3,-1.3,1114,1322,84.3,17528,3641,601,671,89.6,366,416,88.0,95,133,71.4,5.9,-1.4,56,88,33,5,1202,118,21,5,14,41,36,17,9,6,0,2,27,38,20,14,19,5,17,45,37.8,28,39,5,34,9,47,19,2,1584,32,220,761,626,104,1584,41,21,51.2,17,41.5,805,4223,2372,49,18,37,23,1073,0,44,24,4,0,0,0,133,19,23,45.2,69,72.8,80,17,7,26,0,2.22,60,29,+31,+1.12,-0.24,59.6,27.3,+32.3,+1.17,+0.07,,,,,,,,,,,,,,,,,,,,,,,,,,,,,,,,,,,,,,,,,
416,0.2,0,0.00,0,0,0,0,0,0,0,0.00,0,0,0,0,0,0,Matt Targett,2,0,21,0,0,0,0,0,0,0,0,0.0,0.0,0.0,0.0,0,0,1,0.00,0.00,0.00,0.00,0.00,0.00,0.00,0.00,0.00,0.00,0,0,,0.00,0.00,,,,0,,0.0,0.0,14,15,93.3,187,49,9,10,90.0,4,4,100.0,1,1,100.0,0.1,0.0,0,0,1,1,15,0,0,0,0,1,0,0,0,0,0,0,0,0,0,0,0,0,0,1,0.0,1,0,0,0,1,1,1,0,17,0,3,8,6,0,17,0,0,,0,,4,12,6,0,0,0,0,12,0,0,0,0,0,0,0,2,0,0,,,,,,,,,,,,,,,,,,,,,,,,,,,,,,,,,,,,,,,,,,,,,,,,,,,,,,,,,,,,
236,32.5,38,1.17,32,2,0,4,0,0,4,0.12,4,0,0,0,0,0,James Tarkowski,33,33,"2,922",1,1,2,1,0,0,6,0,1.3,1.3,2.9,4.2,9,75,3,0.03,0.03,0.06,0.03,0.06,0.04,0.09,0.13,0.04,0.13,15,4,26.7,0.46,0.12,0.07,0.25,8.4,0,0.09,-0.3,-0.3,1045,1290,81.0,22119,8229,337,399,84.5,525,571,91.9,173,276,62.7,2.4,-1.9,16,83,11,0,1204,77,46,2,13,1,3,0,0,0,0,9,12,64,40,39,22,3,24,39,61.5,15,57,42,15,41,105,213,4,1706,355,974,635,106,57,1706,7,5,71.4,2,28.6,727,3610,1943,10,0,13,7,927,0,35,28,2,0,1,0,98,102,33,75.6,89,85.4,89,31,0,,0,1.15,34,38,-4,-0.12,-0.48,35.5,39.5,-4.0,-0.12,-0.03,,,,,,,,,,,,,,,,,,,,,,,,,,,,,,,,,,,,,,,,,
83,21.5,98,4.55,68,12,3,10,5,0,11,0.51,5,3,0,2,1,0,Marcus Tavernier,29,20,"1,939",3,5,8,3,0,0,6,0,5.5,5.5,4.0,9.5,53,128,129,0.14,0.23,0.37,0.14,0.37,0.25,0.19,0.44,0.25,0.44,57,17,29.8,2.65,0.79,0.05,0.18,21.1,4,0.10,-2.5,-2.5,689,934,73.8,11654,3481,334,387,86.3,280,352,79.5,60,127,47.2,3.6,+1.0,43,80,40,14,804,125,34,5,9,108,29,49,36,4,1,5,26,43,24,15,19,9,10,27,37.0,17,16,3,13,5,48,11,0,1196,20,135,468,622,58,1196,65,28,43.1,31,47.7,705,4335,2068,51,9,46,47,790,0,34,28,4,0,0,0,119,26,33,44.1,67,56.7,85,11,9,26,0,1.45,29,29,0,0.00,-0.73,36.1,25.3,+10.8,+0.50,+0.22,,,,,,,,,,,,,,,,,,,,,,,,,,,,,,,,,,,,,,,,,
475,4.0,2,0.51,2,0,0,0,0,0,1,0.25,1,0,0,0,0,0,Charlie Taylor,8,3,356,0,0,0,0,0,0,1,0,0.0,0.0,0.1,0.1,3,9,7,0.00,0.00,0.00,0.00,0.00,0.00,0.02,0.02,0.00,0.02,0,0,,0.00,0.00,,,,0,,0.0,0.0,196,223,87.9,3602,910,70,75,93.3,103,112,92.0,20,28,71.4,0.2,-0.1,1,9,3,1,192,30,7,0,0,9,21,2,1,1,0,1,3,7,5,4,3,0,5,7,71.4,2,8,5,3,5,12,31,1,279,35,121,120,39,2,279,2,2,100.0,0,0.0,116,500,187,3,0,1,1,172,0,2,3,0,0,0,0,10,6,2,75.0,45,10.4,90,3,5,17,6,0.13,3,12,-9,-2.28,-0.78,3.8,9.7,-5.9,-1.49,-0.13,,,,,,,,,,,,,,,,,,,,,,,,,,,,,,,,,,,,,,,,,
281,9.6,22,2.30,15,1,2,2,0,2,2,0.21,2,0,0,0,0,0,Jack Taylor,32,4,860,1,0,1,1,0,0,4,0,0.7,0.7,0.5,1.3,11,43,23,0.10,0.00,0.10,0.10,0.10,0.08,0.06,0.13,0.08,0.13,19,4,21.1,1.99,0.42,0.05,0.25,23.9,0,0.04,+0.3,+0.3,349,421,82.9,6188,1673,156,177,88.1,158,180,87.8,29,48,60.4,0.8,-0.5,5,30,8,1,411,10,2,2,3,7,0,3,3,0,0,0,5,20,10,6,11,3,12,27,44.4,15,12,3,9,9,29,24,0,534,32,161,281,103,8,534,11,4,36.4,4,36.4,254,1506,791,10,1,10,6,345,0,16,5,0,0,0,0,53,7,8,46.7,27,25.1,79,0,28,19,1,0.50,7,21,-14,-1.47,-0.34,6.9,15.5,-8.6,-0.90,+0.14,,,,,,,,,,,,,,,,,,,,,,,,,,,,,,,,,,,,,,,,,
768,10.1,28,2.77,18,1,3,2,4,0,2,0.20,1,0,0,0,1,0,Mathys Tel,13,11,911,2,1,3,1,1,1,2,0,3.0,2.2,2.6,4.7,28,21,72,0.20,0.10,0.30,0.10,0.20,0.29,0.25,0.55,0.22,0.47,22,8,36.4,2.17,0.79,0.05,0.13,16.0,1,0.10,-1.0,-1.2,185,266,69.5,3172,666,89,112,79.5,71,97,73.2,20,34,58.8,1.5,-1.6,14,12,14,4,243,22,3,2,1,35,7,8,6,2,0,1,12,16,6,5,6,5,5,13,38.5,8,8,1,7,2,18,8,2,414,9,58,150,217,40,413,53,15,28.3,31,58.5,266,1578,805,23,11,28,15,279,0,14,16,1,1,0,0,38,4,7,36.4,70,26.6,82,6,2,4,1,0.77,10,20,-10,-0.99,-1.31,14.6,17.2,-2.5,-0.25,-0.18,,,,,,,,,,,,,,,,,,,,,,,,,,,,,,,,,,,,,,,,,
257,19.7,36,1.83,28,0,2,3,2,1,4,0.20,4,0,0,0,0,0,Kenny Tete,22,21,"1,774",0,2,2,0,0,0,5,0,1.4,1.4,0.9,2.3,34,63,54,0.00,0.10,0.10,0.00,0.10,0.07,0.05,0.12,0.07,0.12,24,2,8.3,1.22,0.10,0.00,0.00,15.5,0,0.06,-1.4,-1.4,772,956,80.8,12358,4026,405,443,91.4,285,353,80.7,61,108,56.5,0.7,+1.1,9,65,13,6,799,153,6,1,2,38,147,0,0,0,0,4,23,56,38,29,14,13,23,38,60.5,15,31,12,19,32,88,67,0,1205,79,402,484,329,37,1205,20,9,45.0,6,30.0,611,2851,1336,21,7,17,10,695,0,35,16,1,0,0,0,74,24,22,52.2,81,51.9,84,15,1,9,2,1.36,24,26,-2,-0.10,-0.21,25.7,25.1,+0.6,+0.03,-0.04,,,,,,,,,,,,,,,,,,,,,,,,,,,,,,,,,,,,,,,,,
107,1.9,3,1.55,2,0,0,0,0,1,0,0.00,0,0,0,0,0,0,Thiago,8,1,175,0,0,0,0,0,0,0,0,0.1,0.1,0.1,0.2,3,4,8,0.00,0.00,0.00,0.00,0.00,0.07,0.04,0.10,0.07,0.10,2,0,0.0,1.03,0.00,0.00,,14.8,0,0.06,-0.1,-0.1,40,56,71.4,568,73,20,28,71.4,13,16,81.3,3,5,60.0,0.0,-0.1,2,2,2,0,55,1,0,0,0,2,0,0,0,0,0,0,0,5,3,2,1,2,0,1,0.0,1,3,0,3,2,7,3,1,83,7,15,34,36,4,83,5,3,60.0,2,40.0,45,159,53,3,1,6,2,51,0,3,3,1,0,0,0,12,7,5,58.3,22,5.1,72,0,7,15,0,1.75,3,4,-1,-0.51,-0.79,1.4,3.5,-2.1,-1.10,-1.26,,,,,,,,,,,,,,,,,,,,,,,,,,,,,,,,,,,,,,,,,
305,12.3,16,1.30,12,3,0,0,0,1,1,0.08,1,0,0,0,0,0,Luke Thomas,14,13,"1,110",0,0,0,0,0,0,3,0,0.4,0.4,0.5,0.9,5,37,16,0.00,0.00,0.00,0.00,0.00,0.03,0.04,0.07,0.03,0.07,5,0,0.0,0.41,0.00,0.00,,16.8,0,0.07,-0.4,-0.4,493,629,78.4,8065,2702,245,267,91.8,205,251,81.7,35,82,42.7,0.5,-0.5,9,32,5,2,518,108,20,0,0,29,80,8,4,3,0,3,14,31,25,23,5,3,21,41,51.2,20,15,6,9,21,52,49,1,775,50,294,366,120,8,775,6,3,50.0,3,50.0,371,1457,585,8,2,12,4,431,0,16,10,0,0,1,0,42,13,11,54.2,79,32.5,85,9,1,4,11,0.57,8,23,-15,-1.22,+0.03,8.2,24.5,-16.2,-1.32,-0.42,,,,,,,,,,,,,,,,,,,,,,,,,,,,,,,,,,,,,,,,,
57,33.6,122,3.63,79,31,3,6,2,1,12,0.36,9,3,0,0,0,0,Youri Tielemans,36,35,"3,026",3,7,10,3,0,1,4,0,3.3,2.5,7.0,9.5,39,235,48,0.09,0.21,0.30,0.09,0.30,0.10,0.21,0.31,0.07,0.28,40,12,30.0,1.19,0.36,0.08,0.25,20.1,0,0.06,-0.3,+0.5,1694,2061,82.2,29049,10244,787,876,89.8,737,844,87.3,140,259,54.1,5.7,0.0,60,229,38,4,1847,207,98,24,8,119,2,85,63,8,1,7,37,84,58,32,44,8,40,73,54.8,33,38,16,22,23,107,47,4,2385,103,479,1366,565,45,2384,61,31,50.8,19,31.1,1288,5561,2551,26,9,31,29,1667,0,41,56,0,0,0,0,145,22,18,55.0,84,88.5,86,27,1,29,0,1.67,53,46,+7,+0.21,+0.21,51.2,43.6,+7.5,+0.22,+0.59,,,,,,,,,,,,,,,,,,,,,,,,,,,,,,,,,,,,,,,,,
21,2.9,10,3.47,9,1,0,0,0,0,0,0.00,0,0,0,0,0,0,Kieran Tierney,13,2,259,1,0,1,1,0,0,0,0,0.4,0.4,1.4,1.7,8,15,29,0.35,0.00,0.35,0.35,0.35,0.12,0.48,0.60,0.12,0.60,2,1,50.0,0.69,0.35,0.50,1.00,4.1,0,0.18,+0.6,+0.6,145,173,83.8,2325,699,69,73,94.5,65,78,83.3,8,15,53.3,0.7,-1.4,8,13,5,2,155,18,4,1,0,14,14,0,0,0,0,0,2,7,5,4,1,2,4,6,66.7,2,0,0,0,3,10,9,0,199,8,36,72,91,6,199,4,2,50.0,1,25.0,108,447,253,6,1,3,0,143,0,1,2,2,0,0,0,6,5,5,50.0,20,7.6,62,0,11,12,13,2.08,3,1,+2,+0.69,-0.24,4.8,2.6,+2.1,+0.75,+0.08,,,,,,,,,,,,,,,,,,,,,,,,,,,,,,,,,,,,,,,,,
6,26.9,52,1.94,46,1,3,0,1,1,9,0.34,8,0,1,0,0,0,Jurriën Timber,30,27,"2,417",1,3,4,1,0,0,7,0,1.2,1.2,0.8,2.1,57,146,104,0.04,0.11,0.15,0.04,0.15,0.05,0.03,0.08,0.05,0.08,14,4,28.6,0.52,0.15,0.07,0.25,14.1,0,0.09,-0.2,-0.2,1194,1395,85.6,17327,4642,674,741,91.0,472,549,86.0,27,51,52.9,1.3,+2.2,17,107,17,2,1188,204,22,2,1,28,182,0,0,0,0,3,25,58,38,17,30,11,18,27,66.7,9,19,4,15,22,80,44,1,1661,51,304,859,505,66,1661,53,24,45.3,24,45.3,890,3916,2076,27,11,33,24,1052,0,31,29,6,0,0,0,94,22,20,52.4,81,70.7,87,18,3,25,2,2.00,52,21,+31,+1.15,+0.80,42.3,21.3,+21.0,+0.78,+0.38,,,,,,,,,,,,,,,,,,,,,,,,,,,,,,,,,,,,,,,,,
591,20.3,5,0.25,4,0,0,0,0,1,0,0.00,0,0,0,0,0,0,Jean-Clair Todibo,27,20,"1,825",0,0,0,0,0,0,3,0,0.4,0.4,0.0,0.4,9,38,5,0.00,0.00,0.00,0.00,0.00,0.02,0.00,0.02,0.02,0.02,5,0,0.0,0.25,0.00,0.00,,12.8,0,0.07,-0.4,-0.4,951,1082,87.9,16772,5965,355,378,93.9,542,574,94.4,48,109,44.0,0.1,0.0,2,44,1,0,1046,33,28,0,4,3,5,0,0,0,0,3,7,47,28,30,15,2,26,36,72.2,10,25,13,12,26,73,83,3,1297,165,716,543,47,11,1297,16,9,56.3,7,43.8,760,3221,1602,5,0,14,11,890,0,16,6,0,0,0,0,79,28,26,51.9,68,53.4,80,9,7,31,5,1.37,30,33,-3,-0.15,+0.59,26.6,29.4,-2.8,-0.14,+0.43,,,,,,,,,,,,,,,,,,,,,,,,,,,,,,,,,,,,,,,,,
444,1.5,0,0.00,0,0,0,0,0,0,0,0.00,0,0,0,0,0,0,Harry Toffolo,4,1,137,0,0,0,0,0,0,1,0,0.0,0.0,0.0,0.0,0,2,4,0.00,0.00,0.00,0.00,0.00,0.01,0.00,0.01,0.01,0.01,1,0,0.0,0.66,0.00,0.00,,28.5,0,0.02,0.0,0.0,47,67,70.1,653,304,30,32,93.8,15,24,62.5,1,7,14.3,0.0,0.0,0,1,0,0,39,28,0,0,0,4,27,1,1,0,0,0,3,5,3,3,1,1,3,4,75.0,1,2,2,0,2,7,12,0,88,9,32,22,34,2,88,0,0,,0,,17,57,23,0,0,0,0,30,0,1,0,0,0,0,0,2,1,0,100.0,,,,,,,,,,,,,,,,,,,,,,,,,,,,,,,,,,,,,,,,,,,,,,,,,,,,,,,,,,,
22,0.1,1,12.86,1,0,0,0,0,0,0,0.00,0,0,0,0,0,0,Takehiro Tomiyasu,1,0,7,0,0,0,0,0,0,0,0,0.2,0.2,0.0,0.2,0,1,0,0.00,0.00,0.00,0.00,0.00,2.37,0.00,2.37,2.37,2.37,1,0,0.0,12.86,0.00,0.00,,1.2,0,0.18,-0.2,-0.2,3,4,75.0,42,10,1,1,100.0,2,2,100.0,0,1,0.0,0.0,0.0,0,0,0,0,4,0,0,0,0,0,0,0,0,0,0,0,0,0,0,0,0,0,0,0,,0,0,0,0,0,0,1,0,7,1,4,1,2,1,7,0,0,,0,,1,7,5,0,0,0,0,2,0,0,0,0,0,0,0,0,0,0,,,,,,,,,,,,,,,,,,,,,,,,,,,,,,,,,,,,,,,,,,,,,,,,,,,,,,,,,,,,
417,29.2,78,2.67,50,10,3,6,6,3,9,0.31,8,1,0,0,0,0,Sandro Tonali,36,28,"2,630",4,2,6,4,0,0,5,0,4.4,4.4,2.2,6.6,37,128,53,0.14,0.07,0.21,0.14,0.21,0.15,0.07,0.22,0.15,0.22,35,12,34.3,1.20,0.41,0.11,0.33,19.6,3,0.13,-0.4,-0.4,1285,1535,83.7,20569,5348,672,745,90.2,468,537,87.2,99,157,63.1,2.8,-0.2,28,104,30,5,1468,61,29,7,7,54,12,19,9,8,1,6,27,51,32,22,23,6,25,51,49.0,26,34,11,23,34,85,33,2,1818,64,406,991,450,45,1818,37,20,54.1,14,37.8,979,5567,2334,40,6,30,23,1257,0,37,49,2,1,0,0,177,12,12,50.0,73,76.9,86,22,8,27,0,1.72,55,34,+21,+0.72,+0.72,50.7,32.8,+17.9,+0.61,+0.56,,,,,,,,,,,,,,,,,,,,,,,,,,,,,,,,,,,,,,,,,
52,22.4,14,0.62,11,0,0,3,0,0,2,0.09,1,0,0,1,0,0,Pau Torres,24,23,"2,020",0,0,0,0,0,0,2,0,0.5,0.5,0.1,0.6,40,97,8,0.00,0.00,0.00,0.00,0.00,0.02,0.01,0.03,0.02,0.03,8,2,25.0,0.36,0.09,0.00,0.00,11.7,0,0.06,-0.5,-0.5,1217,1369,88.9,21319,7907,521,547,95.2,602,644,93.5,79,148,53.4,0.4,-0.1,3,110,8,0,1248,117,67,4,12,3,3,0,0,0,0,4,4,21,15,11,8,2,10,17,58.8,7,16,11,5,10,31,75,2,1518,237,701,726,97,17,1518,17,15,88.2,2,11.8,965,6359,4176,27,0,6,5,1090,0,8,7,0,0,0,0,62,18,29,38.3,84,59.1,87,22,1,21,4,1.58,30,33,-3,-0.13,-0.78,30.7,29.5,+1.3,+0.06,-0.24,,,,,,,,,,,,,,,,,,,,,,,,,,,,,,,,,,,,,,,,,
583,3.7,5,1.34,4,1,0,0,0,0,1,0.27,1,0,0,0,0,0,Conor Townsend,6,3,335,0,1,1,0,0,0,1,0,0.0,0.0,0.7,0.7,2,8,13,0.00,0.27,0.27,0.00,0.27,0.01,0.18,0.18,0.01,0.18,1,0,0.0,0.27,0.00,0.00,,16.7,0,0.03,0.0,0.0,80,127,63.0,1418,756,32,39,82.1,41,55,74.5,7,24,29.2,0.2,+0.3,4,7,2,2,98,28,4,1,0,12,20,4,3,1,0,1,3,11,8,9,2,0,8,11,72.7,3,8,6,2,4,15,16,0,172,28,87,50,38,5,172,0,0,,0,,53,278,136,2,0,2,2,75,0,2,4,0,0,0,0,8,6,4,60.0,56,9.8,87,2,3,25,26,0.83,5,6,-1,-0.27,+1.04,3.0,8.0,-5.0,-1.35,-0.37,,,,,,,,,,,,,,,,,,,,,,,,,,,,,,,,,,,,,,,,,
239,19.7,82,4.16,66,0,9,4,1,2,10,0.51,9,0,1,0,0,0,Adama Traoré,36,18,"1,772",2,7,9,2,0,0,3,0,4.0,4.0,4.9,8.9,100,68,161,0.10,0.36,0.46,0.10,0.46,0.20,0.25,0.45,0.20,0.45,39,12,30.8,1.98,0.61,0.05,0.17,14.2,0,0.10,-2.0,-2.0,424,587,72.2,6645,1683,236,286,82.5,143,194,73.7,30,54,55.6,4.5,+2.1,42,36,38,22,584,1,0,6,2,100,1,0,0,0,0,2,19,20,13,9,6,5,5,13,38.5,8,7,0,7,1,21,6,4,801,4,83,285,455,91,801,97,48,49.5,36,37.1,538,4631,2486,45,33,37,25,607,0,24,32,1,0,0,0,87,25,26,49.0,49,51.8,76,4,18,23,1,1.47,32,28,+4,+0.20,+0.42,27.9,24.6,+3.3,+0.17,+0.25,,,,,,,,,,,,,,,,,,,,,,,,,,,,,,,,,,,,,,,,,
534,0.0,0,0.00,0,0,0,0,0,0,0,0.00,0,0,0,0,0,0,Boubacar Traoré,1,0,1,0,0,0,0,0,0,0,0,0.0,0.0,0.0,0.0,0,0,0,0.00,0.00,0.00,0.00,0.00,0.00,0.00,0.00,0.00,0.00,0,0,,0.00,0.00,,,,0,,0.0,0.0,0,0,,0,0,0,0,,0,0,,0,0,,0.0,0.0,0,0,0,0,0,0,0,0,0,0,0,0,0,0,0,0,0,2,0,0,2,0,1,1,100.0,0,0,0,0,0,2,0,0,2,0,0,2,0,0,2,0,0,,0,,0,0,0,0,0,0,0,0,0,0,0,0,0,0,0,0,0,1,0.0,,,,,,,,,,,,,,,,,,,,,,,,,,,,,,,,,,,,,,,,,,,,,,,,,,,,,,,,,,,
84,5.0,0,0.00,0,0,0,0,0,0,0,0.00,0,0,0,0,0,0,Mark Travers,5,5,450,0,0,0,0,0,0,0,0,0.0,0.0,0.0,0.0,0,0,0,0.00,0.00,0.00,0.00,0.00,0.00,0.00,0.00,0.00,0.00,0,0,,0.00,0.00,,,,0,,0.0,0.0,100,142,70.4,3469,2692,6,6,100.0,51,53,96.2,43,83,51.8,0.0,0.0,0,3,0,0,95,47,8,0,0,0,0,0,0,0,0,0,0,0,0,0,0,0,0,0,,0,0,0,0,0,0,5,0,162,144,159,3,0,0,162,0,0,,0,,85,426,188,0,0,0,0,68,0,0,1,0,0,0,0,3,1,0,100.0,90,13.2,90,5,0,,18,1.60,6,5,+1,+0.20,-0.13,7.0,7.3,-0.2,-0.05,-0.53,5,5,450,5,1.00,25,20,80.0,2,2,1,1,20.0,0,0,0,0,,1,1,0,9.5,0.38,+4.5,+0.89,33,73,45.2,103,29,41.7,36.3,39,76.9,55.8,63,1,1.6,5,1.00,12.9
602,0.0,0,0.00,0,0,0,0,0,0,0,0.00,0,0,0,0,0,0,Ryan Trevitt,1,0,4,0,0,0,0,0,0,0,0,0.0,0.0,0.0,0.0,0,0,1,0.00,0.00,0.00,0.00,0.00,0.00,0.00,0.00,0.00,0.00,0,0,,0.00,0.00,,,,0,,0.0,0.0,4,7,57.1,73,23,1,2,50.0,3,3,100.0,0,0,,0.0,0.0,0,1,0,0,6,0,0,0,0,0,0,0,0,0,0,1,1,1,1,1,0,0,0,0,,0,0,0,0,0,1,0,0,7,1,2,4,1,0,7,0,0,,0,,4,7,2,0,0,0,0,4,0,0,0,0,0,0,0,2,0,0,,,,,,,,,,,,,,,,,,,,,,,,,,,,,,,,,,,,,,,,,,,,,,,,,,,,,,,,,,,,
418,14.5,54,3.71,32,20,0,2,0,0,6,0.41,4,2,0,0,0,0,Kieran Trippier,25,14,"1,309",0,3,3,0,0,0,1,0,0.1,0.1,1.4,1.5,26,117,58,0.00,0.21,0.21,0.00,0.21,0.01,0.10,0.10,0.01,0.10,4,0,0.0,0.28,0.00,0.00,,23.6,2,0.03,-0.1,-0.1,1036,1256,82.5,17676,6130,500,529,94.5,432,504,85.7,83,172,48.3,1.5,+1.6,22,70,22,2,1007,246,50,3,3,82,133,62,26,8,15,3,16,38,21,18,14,6,22,36,61.1,14,11,3,8,12,50,49,0,1388,50,375,616,406,13,1388,8,4,50.0,4,50.0,609,2258,1224,14,4,11,8,847,0,16,11,2,0,0,0,68,22,15,59.5,52,38.3,77,2,11,21,6,1.60,29,18,+11,+0.76,+0.33,26.8,17.2,+9.6,+0.66,+0.29,,,,,,,,,,,,,,,,,,,,,,,,,,,,,,,,,,,,,,,,,
23,28.3,93,3.29,72,2,7,6,4,2,8,0.28,8,0,0,0,0,0,Leandro Trossard,38,28,"2,546",8,7,15,8,0,0,4,1,7.2,7.2,6.1,13.3,80,101,226,0.28,0.25,0.53,0.28,0.53,0.25,0.22,0.47,0.25,0.47,72,21,29.2,2.55,0.74,0.11,0.38,15.9,0,0.10,+0.8,+0.8,711,954,74.5,11435,2972,377,439,85.9,275,357,77.0,43,87,49.4,4.1,+0.9,41,45,48,10,917,29,5,7,5,86,7,10,9,0,0,8,41,31,20,6,16,9,12,34,35.3,22,32,0,32,9,40,18,0,1278,17,135,399,762,158,1278,86,38,44.2,37,43.0,828,5024,2218,55,30,66,52,956,1,27,46,6,0,0,0,104,6,24,20.0,67,74.4,82,14,10,25,0,1.95,53,26,+27,+0.95,+0.13,44.5,24.2,+20.3,+0.72,+0.19,,,,,,,,,,,,,,,,,,,,,,,,,,,,,,,,,,,,,,,,,
337,9.3,31,3.33,21,9,0,0,1,0,2,0.21,1,1,0,0,0,0,Kostas Tsimikas,18,9,837,0,1,1,0,0,0,2,0,0.4,0.4,2.1,2.5,17,76,43,0.00,0.11,0.11,0.00,0.11,0.04,0.23,0.27,0.04,0.27,4,2,50.0,0.43,0.22,0.00,0.00,16.1,0,0.10,-0.4,-0.4,550,654,84.1,9357,3100,267,282,94.7,222,253,87.7,49,96,51.0,2.3,-1.1,16,42,12,4,536,116,12,1,1,64,63,41,32,6,0,2,9,31,20,15,11,5,14,23,60.9,9,5,2,3,11,42,20,0,741,33,190,327,229,13,741,12,5,41.7,5,41.7,368,1567,790,8,2,6,4,472,0,9,6,1,0,0,0,31,5,8,38.5,47,24.5,76,4,9,17,16,2.17,13,8,+5,+0.54,-0.86,18.8,8.8,+10.0,+1.07,-0.10,,,,,,,,,,,,,,,,,,,,,,,,,,,,,,,,,,,,,,,,,
282,19.0,19,1.00,17,1,0,0,1,0,2,0.11,2,0,0,0,0,0,Axel Tuanzebe,22,20,"1,710",0,1,1,0,0,0,5,1,0.2,0.2,0.3,0.5,10,61,15,0.00,0.05,0.05,0.00,0.05,0.01,0.02,0.03,0.01,0.03,4,0,0.0,0.21,0.00,0.00,,15.7,0,0.05,-0.2,-0.2,682,814,83.8,10396,4020,380,416,91.3,260,314,82.8,28,49,57.1,0.3,+0.7,5,63,6,1,651,163,30,0,1,10,133,0,0,0,0,0,14,31,19,21,4,6,17,26,65.4,9,21,10,11,23,54,56,1,971,97,407,426,145,8,971,10,4,40.0,6,60.0,402,1698,826,7,1,11,1,516,1,17,12,0,0,0,1,49,22,18,55.0,78,50.0,84,12,2,14,0,0.64,17,37,-20,-1.05,+0.32,17.0,31.3,-14.3,-0.75,+0.51,,,,,,,,,,,,,,,,,,,,,,,,,,,,,,,,,,,,,,,,,
505,21.4,36,1.68,31,0,0,1,1,3,3,0.14,2,0,0,0,0,1,Destiny Udogie,25,24,"1,924",0,1,1,0,0,0,2,0,0.3,0.3,1.5,1.8,54,121,94,0.00,0.05,0.05,0.00,0.05,0.01,0.07,0.08,0.01,0.08,5,1,20.0,0.23,0.05,0.00,0.00,15.1,0,0.06,-0.3,-0.3,972,1115,87.2,14117,4770,544,597,91.1,371,412,90.0,26,33,78.8,1.2,-0.5,16,89,6,1,944,170,28,0,0,19,142,0,0,0,0,1,34,75,47,42,26,7,33,48,68.8,15,40,6,34,22,97,36,1,1376,63,394,609,389,49,1376,32,13,40.6,16,50.0,758,4340,2352,40,12,37,19,819,0,29,38,3,0,0,1,111,13,13,50.0,77,56.3,80,14,1,4,5,1.12,36,35,+1,+0.05,+0.17,34.5,33.3,+1.2,+0.06,+0.40,,,,,,,,,,,,,,,,,,,,,,,,,,,,,,,,,,,,,,,,,
652,19.8,31,1.56,24,0,0,2,2,3,4,0.20,3,0,0,1,0,0,Manuel Ugarte Ribeiro,29,22,"1,785",1,2,3,1,0,0,11,0,1.0,1.0,1.1,2.1,16,61,20,0.05,0.10,0.15,0.05,0.15,0.05,0.06,0.11,0.05,0.11,19,4,21.1,0.96,0.20,0.05,0.25,21.7,0,0.05,0.0,0.0,800,910,87.9,13018,2801,410,457,89.7,310,333,93.1,62,83,74.7,0.7,+0.9,10,59,9,3,883,23,7,2,5,7,2,0,0,0,0,4,12,77,49,34,34,9,30,68,44.1,38,33,4,29,27,104,17,2,1161,46,331,639,211,16,1161,32,18,56.3,10,31.3,668,2883,1347,16,1,32,25,728,0,41,33,0,0,0,1,122,18,18,50.0,62,52.2,75,8,7,20,3,1.17,24,33,-9,-0.45,-0.40,21.0,28.8,-7.8,-0.40,-0.76,,,,,,,,,,,,,,,,,,,,,,,,,,,,,,,,,,,,,,,,,
188,18.4,24,1.30,20,0,1,1,2,0,1,0.05,0,0,0,1,0,0,Lesley Ugochukwu,26,18,"1,655",1,1,2,1,0,0,7,0,0.9,0.9,1.0,1.9,29,49,20,0.05,0.05,0.11,0.05,0.11,0.05,0.06,0.10,0.05,0.10,10,1,10.0,0.54,0.05,0.10,1.00,17.0,0,0.09,+0.1,+0.1,600,706,85.0,9335,2081,289,327,88.4,265,292,90.8,23,38,60.5,0.6,0.0,14,54,7,1,697,9,9,2,0,6,0,0,0,0,0,0,11,50,24,16,30,4,18,36,50.0,18,27,10,17,14,64,23,2,879,50,215,501,169,24,879,28,19,67.9,8,28.6,479,2565,1229,15,6,12,13,600,0,31,16,0,0,1,0,67,20,18,52.6,64,48.4,77,4,8,33,6,0.42,13,39,-26,-1.41,+0.32,13.5,39.5,-26.0,-1.41,-0.08,,,,,,,,,,,,,,,,,,,,,,,,,,,,,,,,,,,,,,,,,
65,3.8,9,2.35,6,0,0,2,1,0,3,0.78,2,0,0,0,1,0,Enes Ünal,17,2,345,2,1,3,2,0,0,2,0,2.7,2.7,0.4,3.1,4,12,22,0.52,0.26,0.78,0.52,0.78,0.72,0.10,0.82,0.72,0.82,20,7,35.0,5.22,1.83,0.10,0.29,14.6,3,0.14,-0.7,-0.7,63,99,63.6,685,192,40,52,76.9,17,28,60.7,0,1,0.0,0.3,+0.6,4,4,4,0,96,2,1,1,1,4,0,0,0,0,0,1,6,1,0,0,0,1,0,3,0.0,3,1,0,1,0,1,6,0,172,6,14,63,95,26,172,12,1,8.3,10,83.3,91,261,95,3,1,17,13,133,0,6,9,1,0,0,0,16,24,22,52.2,20,10.1,62,0,15,15,0,1.65,6,3,+3,+0.78,+0.52,7.8,6.3,+1.5,+0.38,-0.03,,,,,,,,,,,,,,,,,,,,,,,,,,,,,,,,,,,,,,,,,
339,37.0,48,1.30,41,0,1,3,1,2,4,0.11,4,0,0,0,0,0,Virgil van Dijk,37,37,"3,330",3,1,4,3,0,0,5,0,2.2,2.2,0.7,3.0,22,198,6,0.08,0.03,0.11,0.08,0.11,0.06,0.02,0.08,0.06,0.08,27,8,29.6,0.73,0.22,0.11,0.38,13.1,1,0.08,+0.8,+0.8,2687,2934,91.6,49026,19099,1099,1142,96.2,1333,1397,95.4,229,341,67.2,1.0,+0.3,12,290,7,0,2707,224,86,1,22,1,8,0,0,0,0,3,9,38,20,17,19,2,13,22,59.1,9,27,16,11,56,94,190,4,3300,450,1317,1827,166,48,3300,5,3,60.0,2,40.0,1856,8754,4846,24,3,10,5,2281,0,17,13,0,0,0,0,115,119,46,72.1,90,97.4,90,37,0,,1,2.27,84,38,+46,+1.24,+2.24,79.9,36.4,+43.5,+1.18,+1.14,,,,,,,,,,,,,,,,,,,,,,,,,,,,,,,,,,,,,,,,,
306,31.4,47,1.50,33,0,6,2,6,0,10,0.32,5,0,2,1,2,0,Jamie Vardy,35,35,"2,823",9,4,13,8,1,2,5,0,11.2,9.6,3.0,12.6,29,22,120,0.29,0.13,0.41,0.26,0.38,0.36,0.10,0.45,0.31,0.40,56,23,41.1,1.79,0.73,0.14,0.35,12.1,1,0.17,-2.2,-1.6,258,389,66.3,3776,424,141,190,74.2,86,114,75.4,15,22,68.2,2.6,+1.0,19,11,10,1,335,47,0,1,1,11,0,0,0,0,0,7,15,19,13,7,7,5,4,13,30.8,9,8,4,4,5,24,24,0,586,30,61,272,260,111,584,23,11,47.8,10,43.5,285,1504,717,13,16,34,14,382,0,25,23,27,2,0,0,39,50,55,47.6,81,82.5,81,20,0,,0,0.71,28,68,-40,-1.28,-0.22,27.5,61.9,-34.4,-1.10,-0.36,,,,,,,,,,,,,,,,,,,,,,,,,,,,,,,,,,,,,,,,,
184,2.0,1,0.49,0,0,0,1,0,0,0,0.00,0,0,0,0,0,0,Renato Veiga,7,1,181,0,0,0,0,0,0,2,0,0.1,0.1,0.0,0.1,4,7,3,0.00,0.00,0.00,0.00,0.00,0.07,0.00,0.07,0.07,0.07,3,1,33.3,1.49,0.50,0.00,0.00,17.1,0,0.05,-0.1,-0.1,118,139,84.9,2171,435,45,51,88.2,55,61,90.2,13,21,61.9,0.2,0.0,0,6,1,0,127,12,5,0,0,0,7,0,0,0,0,0,1,9,6,6,3,0,4,12,33.3,8,3,1,2,1,10,2,0,167,2,61,82,27,3,167,5,3,60.0,2,40.0,85,417,144,5,1,1,0,110,0,6,1,1,0,0,0,9,3,3,50.0,26,5.3,90,1,6,15,13,2.14,2,2,0,0.00,-0.58,2.0,3.0,-1.1,-0.52,-1.12,,,,,,,,,,,,,,,,,,,,,,,,,,,,,,,,,,,,,,,,,
145,18.9,23,1.22,16,2,2,1,2,0,2,0.11,1,1,0,0,0,0,Joël Veltman,21,19,"1,697",0,0,0,0,0,0,5,0,0.5,0.5,0.5,0.9,32,85,34,0.00,0.00,0.00,0.00,0.00,0.02,0.02,0.05,0.02,0.05,6,1,16.7,0.32,0.05,0.00,0.00,19.7,0,0.08,-0.5,-0.5,745,929,80.2,12563,3243,365,406,89.9,307,380,80.8,63,99,63.6,1.3,-0.5,6,66,9,5,756,170,42,2,3,24,128,0,0,0,0,3,21,43,29,24,16,3,31,52,59.6,21,22,7,15,19,62,66,0,1133,65,332,558,253,10,1133,15,4,26.7,5,33.3,548,2917,1521,25,3,19,7,626,0,27,44,0,0,1,0,68,21,18,53.8,81,49.6,86,14,2,27,3,1.81,32,24,+8,+0.42,+0.48,26.5,24.3,+2.2,+0.11,+0.01,,,,,,,,,,,,,,,,,,,,,,,,,,,,,,,,,,,,,,,,,
506,11.3,11,0.98,8,0,0,2,1,0,2,0.18,2,0,0,0,0,0,Micky van de Ven,13,12,"1,015",0,2,2,0,0,0,4,0,0.6,0.6,1.2,1.7,8,51,1,0.00,0.18,0.18,0.00,0.18,0.05,0.10,0.15,0.05,0.15,6,2,33.3,0.53,0.18,0.00,0.00,11.1,0,0.09,-0.6,-0.6,729,802,90.9,13817,4206,217,236,91.9,455,471,96.6,50,80,62.5,0.7,+0.8,2,50,1,0,758,43,18,0,1,0,4,0,0,0,0,1,5,10,6,5,4,1,8,14,57.1,6,12,8,4,10,20,39,1,895,110,460,408,36,9,895,8,4,50.0,4,50.0,620,2883,1407,10,1,5,5,651,0,10,9,0,0,0,0,63,19,20,48.7,78,29.7,82,7,1,30,6,1.08,22,17,+5,+0.44,+0.67,22.3,13.0,+9.3,+0.82,+1.34,,,,,,,,,,,,,,,,,,,,,,,,,,,,,,,,,,,,,,,,,
146,36.0,5,0.14,5,0,0,0,0,0,1,0.03,1,0,0,0,0,0,Bart Verbruggen,36,36,"3,240",0,1,1,0,0,0,5,0,0.0,0.0,0.0,0.0,0,2,0,0.00,0.03,0.03,0.00,0.03,0.00,0.00,0.00,0.00,0.00,0,0,,0.00,0.00,,,,0,,0.0,0.0,1011,1315,76.9,23986,16175,287,289,99.3,476,484,98.3,242,528,45.8,0.0,+1.0,1,20,1,0,1164,145,62,0,0,0,0,0,0,0,0,6,2,0,0,0,0,0,0,3,0.0,3,1,0,1,0,0,29,5,1406,1109,1392,14,0,0,1406,2,2,100.0,0,0.0,955,3507,1804,1,1,2,0,909,0,0,2,0,0,0,0,59,10,1,90.9,90,94.7,90,36,0,,0,1.53,61,58,+3,+0.08,-1.92,55.2,52.7,+2.5,+0.07,-0.75,36,36,"3,240",58,1.61,143,87,65.7,14,13,9,7,19.4,9,9,0,0,0.0,1,4,2,51.0,0.31,-5.0,-0.14,122,386,31.6,1226,122,26.9,29.7,83,67.5,48.5,414,27,6.5,47,1.31,13.9
307,15.5,7,0.45,6,0,0,0,0,1,0,0.00,0,0,0,0,0,0,Jannik Vestergaard,18,16,"1,391",0,0,0,0,0,0,5,0,0.1,0.1,0.1,0.2,3,32,2,0.00,0.00,0.00,0.00,0.00,0.01,0.01,0.01,0.01,0.01,3,2,66.7,0.19,0.13,0.00,0.00,9.7,0,0.03,-0.1,-0.1,870,959,90.7,14697,5807,397,418,95.0,416,444,93.7,48,81,59.3,0.1,-0.1,3,34,1,0,890,68,26,0,2,0,0,0,0,0,0,1,4,22,10,16,6,0,9,15,60.0,6,21,14,7,16,38,74,1,1092,196,572,497,28,10,1092,4,4,100.0,0,0.0,672,2932,1458,3,0,2,0,757,0,12,4,0,0,0,1,46,26,19,57.8,77,40.7,81,10,2,51,2,0.50,7,35,-28,-1.81,-0.97,12.0,24.8,-12.9,-0.83,+0.34,,,,,,,,,,,,,,,,,,,,,,,,,,,,,,,,,,,,,,,,,
508,24.0,4,0.17,4,0,0,0,0,0,0,0.00,0,0,0,0,0,0,Guglielmo Vicario,24,24,"2,160",0,0,0,0,0,0,1,0,0.0,0.0,0.0,0.0,0,1,0,0.00,0.00,0.00,0.00,0.00,0.00,0.00,0.00,0.00,0.00,0,0,,0.00,0.00,,,,0,,0.0,0.0,764,874,87.4,15137,8856,237,239,99.2,431,446,96.6,89,180,49.4,0.0,0.0,0,2,0,0,773,101,36,0,1,0,0,0,0,0,0,0,2,0,0,0,0,0,0,0,,0,0,0,0,1,1,14,6,928,626,910,18,0,0,928,1,1,100.0,0,0.0,661,3067,1700,0,0,0,0,597,0,0,2,0,0,0,0,32,9,0,100.0,90,63.2,90,24,0,,2,1.25,43,37,+6,+0.25,+0.75,41.8,33.2,+8.6,+0.36,+1.29,24,24,"2,160",37,1.54,102,67,64.7,9,3,12,4,16.7,1,1,0,0,0.0,0,6,2,37.4,0.36,+2.4,+0.10,28,95,29.5,809,120,10.5,22.8,65,15.4,22.8,312,30,9.6,31,1.29,13.3
258,0.2,2,11.25,0,0,1,0,1,0,0,0.00,0,0,0,0,0,0,Carlos Vinícius,3,0,16,0,0,0,0,0,0,0,0,0.0,0.0,0.0,0.0,1,0,3,0.00,0.00,0.00,0.00,0.00,0.21,0.00,0.21,0.21,0.21,1,1,100.0,5.63,5.63,0.00,0.00,17.4,0,0.04,0.0,0.0,1,3,33.3,14,0,1,2,50.0,0,0,,0,0,,0.0,0.0,0,0,0,0,3,0,0,0,0,0,0,0,0,0,0,0,1,0,0,0,0,0,0,1,0.0,1,1,0,1,0,0,0,0,7,0,1,3,3,2,7,1,1,100.0,0,0.0,7,24,11,0,1,1,0,6,0,0,2,0,0,0,0,0,0,0,,,,,,,,,,,,,,,,,,,,,,,,,,,,,,,,,,,,,,,,,,,,,,,,,,,,,,,,,,,,
363,10.8,17,1.58,17,0,0,0,0,0,0,0.00,0,0,0,0,0,0,Kyle Walker,15,9,970,0,0,0,0,0,0,3,0,0.1,0.1,0.4,0.6,12,64,11,0.00,0.00,0.00,0.00,0.00,0.01,0.04,0.05,0.01,0.05,5,2,40.0,0.46,0.19,0.00,0.00,27.7,0,0.03,-0.1,-0.1,724,826,87.7,11928,3918,367,388,94.6,305,334,91.3,42,82,51.2,1.3,-0.4,7,63,7,4,727,99,18,2,7,14,81,0,0,0,0,0,8,17,10,7,7,3,14,26,53.8,12,13,4,9,3,20,13,1,892,26,197,473,228,5,892,6,3,50.0,2,33.3,499,2284,1106,13,0,9,2,630,0,6,5,1,0,0,0,46,9,7,56.3,65,28.4,89,8,6,29,2,1.40,13,21,-8,-0.74,-2.06,15.4,19.3,-3.9,-0.36,-1.26,,,,,,,,,,,,,,,,,,,,,,,,,,,,,,,,,,,,,,,,,
476,32.4,63,1.94,40,3,10,5,3,2,7,0.22,5,0,1,1,0,0,Kyle Walker-Peters,33,33,"2,918",0,2,2,0,0,0,5,0,0.8,0.8,2.8,3.6,114,139,144,0.00,0.06,0.06,0.00,0.06,0.03,0.09,0.11,0.03,0.11,20,6,30.0,0.62,0.19,0.00,0.00,18.3,0,0.04,-0.8,-0.8,1493,1693,88.2,22418,6584,832,886,93.9,573,637,90.0,56,93,60.2,2.3,-0.8,24,119,30,4,1500,190,36,5,2,51,144,3,0,0,0,3,33,44,29,22,15,7,16,35,45.7,19,27,15,12,19,63,90,1,2022,151,615,884,540,59,2022,92,38,41.3,39,42.4,1271,7917,4373,72,24,32,39,1433,0,28,52,2,0,0,0,135,11,21,34.4,88,85.3,88,29,0,,2,0.30,23,77,-54,-1.67,-0.59,26.6,74.2,-47.7,-1.47,-0.67,,,,,,,,,,,,,,,,,,,,,,,,,,,,,,,,,,,,,,,,,
283,7.0,2,0.29,1,1,0,0,0,0,0,0.00,0,0,0,0,0,0,Christian Walton,7,7,630,0,0,0,0,0,0,0,0,0.0,0.0,0.0,0.0,0,0,0,0.00,0.00,0.00,0.00,0.00,0.00,0.00,0.00,0.00,0.00,0,0,,0.00,0.00,,,,0,,0.0,0.0,177,255,69.4,4784,3409,49,49,100.0,80,82,97.6,48,124,38.7,0.0,0.0,1,3,0,0,185,70,19,0,0,0,0,0,0,0,0,0,0,0,0,0,0,0,0,1,0.0,1,0,0,0,0,0,2,1,272,248,271,1,0,0,272,0,0,,0,,143,699,384,0,0,0,0,131,0,0,1,0,0,0,0,6,2,0,100.0,90,18.4,90,7,0,,27,0.57,6,19,-13,-1.86,-0.79,5.6,13.8,-8.2,-1.17,-0.20,7,7,630,19,2.71,39,20,56.4,1,1,5,1,14.3,2,2,0,0,0.0,0,0,0,17.1,0.40,-1.9,-0.28,42,116,36.2,204,35,42.6,34.3,51,56.9,44.5,111,12,10.8,2,0.29,8.2
388,35.0,93,2.65,75,4,7,3,2,2,10,0.29,9,0,0,1,0,0,Aaron Wan-Bissaka,36,35,"3,154",2,5,7,2,0,0,1,0,1.2,1.2,3.5,4.7,110,149,167,0.06,0.14,0.20,0.06,0.20,0.03,0.10,0.14,0.03,0.14,16,5,31.3,0.46,0.14,0.13,0.40,15.1,0,0.07,+0.8,+0.8,1472,1815,81.1,20696,7523,953,1056,90.2,449,550,81.6,48,105,45.7,2.8,+1.5,33,94,35,11,1568,243,11,5,1,76,232,0,0,0,0,4,62,70,49,33,32,5,23,32,71.9,9,37,11,26,66,136,125,0,2256,147,682,969,637,48,2256,122,64,52.5,43,35.2,1092,6700,3661,65,15,35,22,1322,0,25,27,5,0,0,1,174,22,33,40.0,88,92.2,89,33,1,29,1,1.17,44,59,-15,-0.43,-0.09,42.3,56.2,-13.9,-0.40,-0.80,,,,,,,,,,,,,,,,,,,,,,,,,,,,,,,,,,,,,,,,,
308,1.5,0,0.00,0,0,0,0,0,0,0,0.00,0,0,0,0,0,0,Danny Ward,2,1,135,0,0,0,0,0,0,0,0,0.0,0.0,0.0,0.0,0,0,0,0.00,0.00,0.00,0.00,0.00,0.00,0.00,0.00,0.00,0.00,0,0,,0.00,0.00,,,,0,,0.0,0.0,41,53,77.4,1162,949,6,6,100.0,20,20,100.0,15,27,55.6,0.0,0.0,0,2,0,0,46,7,0,0,0,0,0,0,0,0,0,0,0,0,0,0,0,0,0,0,,0,0,0,0,0,0,1,0,55,40,55,0,0,0,55,1,0,0.0,1,100.0,44,176,107,0,0,0,0,35,0,0,0,0,0,0,0,1,0,0,,,,,,,,,,,,,,,,,,,,2,1,135,6,4.00,10,4,40.0,0,0,1,0,0.0,0,0,0,0,,0,0,0,2.8,0.28,-3.2,-2.11,10,22,45.5,46,9,37.0,32.0,7,71.4,52.0,11,0,0.0,2,1.33,20.7
215,0.8,1,1.27,1,0,0,0,0,0,0,0.00,0,0,0,0,0,0,Joel Ward,2,1,71,0,0,0,0,0,0,1,0,0.0,0.0,0.0,0.0,0,1,1,0.00,0.00,0.00,0.00,0.00,0.00,0.06,0.06,0.00,0.06,0,0,,0.00,0.00,,,,0,,0.0,0.0,14,24,58.3,306,77,4,7,57.1,8,10,80.0,2,6,33.3,0.0,0.0,1,0,0,0,24,0,0,0,0,0,0,0,0,0,0,0,1,2,0,0,2,0,0,0,,0,0,0,0,0,2,3,0,32,3,17,15,1,0,32,1,0,0.0,1,100.0,15,43,15,0,0,0,0,16,0,4,0,0,0,0,0,7,1,0,100.0,,,,,,,,,,,,,,,,,,,,,,,,,,,,,,,,,,,,,,,,,,,,,,,,,,,,,,,,,,,
531,4.4,10,2.25,6,4,0,0,0,0,2,0.45,1,1,0,0,0,0,James Ward-Prowse,9,5,400,0,1,1,0,0,0,2,1,0.1,0.1,1.1,1.2,1,16,3,0.00,0.23,0.23,0.00,0.23,0.01,0.25,0.26,0.01,0.26,2,1,50.0,0.45,0.23,0.00,0.00,29.0,1,0.03,-0.1,-0.1,145,182,79.7,2296,768,82,88,93.2,53,61,86.9,8,23,34.8,0.8,-0.1,4,16,2,0,157,24,15,0,1,19,0,8,3,5,0,1,1,4,1,1,3,0,2,2,100.0,0,3,2,1,5,9,8,0,205,13,49,115,45,1,205,0,0,,0,,92,407,170,3,0,3,3,115,1,7,2,0,0,0,0,19,3,5,37.5,44,11.7,75,2,4,6,9,1.56,4,7,-3,-0.68,-1.12,4.4,5.3,-0.9,-0.21,-0.13,,,,,,,,,,,,,,,,,,,,,,,,,,,,,,,,,,,,,,,,,
58,28.9,53,1.84,36,0,4,7,6,0,12,0.42,8,0,1,1,2,0,Ollie Watkins,38,31,"2,598",16,8,24,14,2,2,2,0,15.3,13.8,3.3,17.1,55,31,165,0.55,0.28,0.83,0.48,0.76,0.53,0.12,0.65,0.48,0.59,82,36,43.9,2.84,1.25,0.17,0.39,12.1,0,0.17,+0.7,+0.2,307,424,72.4,3915,656,192,246,78.0,85,110,77.3,9,13,69.2,2.1,+4.7,24,12,13,0,415,6,0,1,1,7,0,0,0,0,0,3,17,10,7,0,6,4,3,11,27.3,8,11,3,8,8,18,15,2,695,18,50,248,407,168,693,41,10,24.4,27,65.9,409,2243,1125,21,38,60,50,552,0,29,33,16,2,0,0,43,52,71,42.3,68,76.0,78,11,7,25,0,1.74,49,40,+9,+0.31,+0.53,43.8,38.7,+5.1,+0.18,+0.08,,,,,,,,,,,,,,,,,,,,,,,,,,,,,,,,,,,,,,,,,
147,9.9,14,1.42,10,2,0,2,0,0,4,0.41,2,1,0,1,0,0,Adam Webster,14,11,887,0,0,0,0,0,0,1,0,0.2,0.2,0.5,0.7,8,63,2,0.00,0.00,0.00,0.00,0.00,0.03,0.05,0.08,0.03,0.08,5,1,20.0,0.51,0.10,0.00,0.00,10.8,0,0.05,-0.2,-0.2,636,725,87.7,11765,4541,242,257,94.2,333,354,94.1,53,97,54.6,0.3,-0.5,3,64,2,0,650,73,30,0,3,2,0,0,0,0,0,2,5,10,6,5,4,1,6,14,42.9,8,16,9,7,20,30,41,2,824,119,389,399,43,15,824,3,1,33.3,2,66.7,476,2600,1475,6,0,5,1,552,0,7,2,1,0,1,0,35,24,6,80.0,63,25.9,77,8,3,14,7,2.29,26,11,+15,+1.52,+1.81,19.0,14.3,+4.6,+0.47,+0.49,,,,,,,,,,,,,,,,,,,,,,,,,,,,,,,,,,,,,,,,,
148,23.5,53,2.26,39,1,3,4,6,0,8,0.34,7,0,0,1,0,0,Danny Welbeck,30,24,"2,115",10,4,14,9,1,1,5,0,9.6,8.8,1.4,10.1,21,47,95,0.43,0.17,0.60,0.38,0.55,0.41,0.06,0.46,0.37,0.43,59,23,39.0,2.51,0.98,0.15,0.39,15.3,9,0.15,+0.4,+0.2,417,491,84.9,4936,1008,277,316,87.7,91,105,86.7,11,12,91.7,1.4,+2.6,23,18,14,0,472,18,2,0,0,3,2,0,0,0,0,1,13,26,16,6,15,5,8,20,40.0,12,19,4,15,5,31,14,0,726,18,58,318,356,102,725,37,13,35.1,21,56.8,448,2065,890,23,8,49,28,547,0,11,23,4,0,0,0,46,17,32,34.7,71,61.8,84,11,6,17,0,1.70,41,37,+4,+0.17,-0.04,34.9,36.8,-1.8,-0.08,-0.49,,,,,,,,,,,,,,,,,,,,,,,,,,,,,,,,,,,,,,,,,
718,5.4,7,1.31,6,1,0,0,0,0,1,0.19,1,0,0,0,0,0,Welington,10,6,482,0,0,0,0,0,0,1,0,0.0,0.0,0.1,0.1,5,11,19,0.00,0.00,0.00,0.00,0.00,0.01,0.01,0.02,0.01,0.02,3,0,0.0,0.56,0.00,0.00,,31.3,0,0.01,0.0,0.0,145,186,78.0,2273,695,71,79,89.9,61,79,77.2,8,16,50.0,0.2,-0.1,3,8,5,4,147,39,5,0,1,17,28,6,5,0,0,0,8,21,9,15,5,1,12,19,63.2,7,5,1,4,7,28,36,0,276,31,113,102,64,3,276,9,5,55.6,3,33.3,100,389,197,4,1,9,4,120,0,6,8,1,0,1,0,21,5,4,55.6,48,14.1,73,2,4,11,3,0.60,4,10,-6,-1.12,+0.53,3.0,11.6,-8.6,-1.61,-0.28,,,,,,,,,,,,,,,,,,,,,,,,,,,,,,,,,,,,,,,,,
509,5.7,18,3.13,14,0,2,1,1,0,3,0.52,3,0,0,0,0,0,Timo Werner,18,4,516,0,3,3,0,0,0,0,0,1.0,1.0,2.5,3.5,42,30,89,0.00,0.52,0.52,0.00,0.52,0.17,0.44,0.61,0.17,0.61,8,3,37.5,1.40,0.52,0.00,0.00,18.2,0,0.12,-1.0,-1.0,158,236,66.9,2383,597,80,97,82.5,61,86,70.9,7,18,38.9,1.5,+0.5,10,3,15,2,222,12,2,2,2,28,8,2,1,0,0,2,15,6,4,3,3,0,3,13,23.1,10,10,1,9,1,7,7,0,298,8,24,78,203,33,298,19,10,52.6,8,42.1,215,1768,1062,24,18,14,6,227,0,3,5,5,0,0,0,18,0,1,0.0,29,15.1,71,0,14,17,3,0.83,10,12,-2,-0.35,-0.38,11.3,11.5,-0.2,-0.04,+0.10,,,,,,,,,,,,,,,,,,,,,,,,,,,,,,,,,,,,,,,,,
216,14.6,59,4.03,45,11,0,2,0,1,6,0.41,4,2,0,0,0,0,Adam Wharton,20,16,"1,318",0,2,2,0,0,0,2,0,0.4,0.4,3.0,3.4,14,107,11,0.00,0.14,0.14,0.00,0.14,0.03,0.21,0.23,0.03,0.23,13,5,38.5,0.89,0.34,0.00,0.00,25.4,0,0.03,-0.4,-0.4,548,725,75.6,10271,3780,208,252,82.5,258,322,80.1,70,107,65.4,2.2,-1.0,26,78,18,5,678,40,14,5,1,39,0,26,19,1,0,7,12,34,14,14,16,4,17,44,38.6,27,11,2,9,20,54,27,0,872,30,204,463,212,11,872,10,2,20.0,8,80.0,430,2014,1078,23,2,17,13,533,0,12,21,0,0,0,0,102,7,16,30.4,66,38.5,77,3,4,23,1,1.25,18,21,-3,-0.20,-0.33,21.1,19.2,+1.9,+0.13,-0.27,,,,,,,,,,,,,,,,,,,,,,,,,,,,,,,,,,,,,,,,,
24,13.3,23,1.73,22,1,0,0,0,0,2,0.15,2,0,0,0,0,0,Ben White,17,13,"1,198",0,2,2,0,0,0,2,0,0.5,0.5,1.4,1.8,23,59,42,0.00,0.15,0.15,0.00,0.15,0.03,0.10,0.14,0.03,0.14,9,2,22.2,0.68,0.15,0.00,0.00,19.4,0,0.05,-0.5,-0.5,580,692,83.8,9173,2998,309,337,91.7,234,276,84.8,24,50,48.0,1.4,+0.6,10,55,11,2,583,107,20,1,7,17,83,0,0,0,0,2,7,20,14,10,4,6,16,38,42.1,22,10,8,2,16,36,44,0,813,55,214,367,238,28,813,6,0,0.0,5,83.3,394,1617,953,16,4,10,6,494,0,10,5,1,0,0,0,37,18,9,66.7,70,35.0,86,10,4,19,3,1.47,20,13,+7,+0.53,-0.61,18.9,16.2,+2.7,+0.21,-0.71,,,,,,,,,,,,,,,,,,,,,,,,,,,,,,,,,,,,,,,,,
149,11.3,32,2.83,28,0,0,2,2,0,6,0.53,5,0,0,0,1,0,Mats Wieffer,25,10,"1,015",1,3,4,1,0,0,6,0,0.8,0.8,1.6,2.4,18,62,23,0.09,0.27,0.35,0.09,0.35,0.07,0.14,0.21,0.07,0.21,9,4,44.4,0.80,0.35,0.11,0.25,13.2,0,0.08,+0.2,+0.2,594,698,85.1,9762,2650,286,317,90.2,258,298,86.6,38,50,76.0,1.0,+1.4,16,53,9,2,647,49,13,0,1,13,36,0,0,0,0,2,14,58,34,27,27,4,32,47,68.1,15,18,2,16,17,75,28,3,867,55,223,450,206,22,867,15,7,46.7,7,46.7,483,2351,1051,20,1,19,9,533,0,23,10,1,1,1,0,68,32,25,56.1,41,29.7,79,5,15,15,3,1.60,25,22,+3,+0.27,+0.12,17.5,19.1,-1.6,-0.15,-0.36,,,,,,,,,,,,,,,,,,,,,,,,,,,,,,,,,,,,,,,,,
437,28.8,51,1.77,37,6,0,5,3,0,6,0.21,4,1,0,1,0,0,Neco Williams,35,28,"2,594",1,3,4,1,0,0,7,0,2.3,2.3,1.6,3.9,68,89,103,0.03,0.10,0.14,0.03,0.14,0.08,0.05,0.13,0.08,0.13,37,7,18.9,1.28,0.24,0.03,0.14,20.2,1,0.06,-1.3,-1.3,843,1116,75.5,12607,5011,488,540,90.4,282,391,72.1,40,107,37.4,1.5,+1.4,18,69,22,10,888,224,19,1,4,59,203,2,0,2,0,4,31,90,57,63,19,8,53,86,61.6,33,42,10,32,31,121,137,3,1565,155,558,574,453,45,1565,46,18,39.1,19,41.3,650,3952,2169,28,16,36,21,744,0,24,43,2,0,0,0,110,40,30,57.1,74,75.8,88,23,7,17,3,1.77,47,31,+16,+0.56,+0.99,35.1,37.5,-2.4,-0.08,+0.03,,,,,,,,,,,,,,,,,,,,,,,,,,,,,,,,,,,,,,,,,
772,2.9,17,5.93,11,4,0,2,0,0,0,0.00,0,0,0,0,0,0,Willian,10,2,257,0,0,0,0,0,0,0,0,0.3,0.3,0.5,0.8,11,40,33,0.00,0.00,0.00,0.00,0.00,0.10,0.18,0.28,0.10,0.28,7,0,0.0,2.45,0.00,0.00,,22.1,0,0.04,-0.3,-0.3,178,208,85.6,3198,855,86,91,94.5,75,88,85.2,17,23,73.9,0.7,-0.5,7,19,10,2,196,11,2,0,4,16,2,7,3,4,0,1,1,4,2,0,3,1,2,6,33.3,4,0,0,0,1,5,1,0,231,1,18,83,134,7,231,7,1,14.3,4,57.1,148,1005,503,10,2,3,1,183,0,1,0,0,0,0,0,14,1,3,25.0,26,7.5,76,0,8,13,4,1.20,2,3,-1,-0.35,-0.38,3.8,4.2,-0.4,-0.16,-0.22,,,,,,,,,,,,,,,,,,,,,,,,,,,,,,,,,,,,,,,,,
420,12.1,45,3.73,36,0,3,3,1,2,4,0.33,4,0,0,0,0,0,Joe Willock,32,11,"1,086",0,2,2,0,0,0,4,0,1.6,1.6,2.1,3.8,38,41,86,0.00,0.17,0.17,0.00,0.17,0.14,0.18,0.31,0.14,0.31,18,3,16.7,1.49,0.25,0.00,0.00,15.1,0,0.09,-1.6,-1.6,300,363,82.6,4282,903,174,195,89.2,107,123,87.0,10,22,45.5,0.9,-0.1,22,28,8,0,356,5,0,0,2,18,5,0,0,0,0,2,8,30,17,15,12,3,18,31,58.1,13,24,6,18,6,36,7,0,533,12,74,231,239,55,533,35,12,34.3,17,48.6,325,2217,1034,28,16,37,23,372,0,23,13,3,0,0,0,40,5,14,26.3,34,31.8,62,0,21,19,1,1.59,19,16,+3,+0.25,-0.45,18.9,14.7,+4.2,+0.35,-0.19,,,,,,,,,,,,,,,,,,,,,,,,,,,,,,,,,,,,,,,,,
421,4.1,10,2.43,7,0,0,1,1,1,0,0.00,0,0,0,0,0,0,Callum Wilson,18,2,370,0,0,0,0,0,0,1,0,0.4,0.4,0.1,0.5,5,4,17,0.00,0.00,0.00,0.00,0.00,0.09,0.03,0.12,0.09,0.12,6,1,16.7,1.46,0.24,0.00,0.00,15.4,0,0.06,-0.4,-0.4,40,53,75.5,504,89,22,27,81.5,13,16,81.3,0,0,,0.1,-0.1,3,2,0,0,46,6,0,0,0,2,0,0,0,0,0,1,4,2,2,0,1,1,0,2,0.0,2,2,0,2,1,3,1,0,95,1,5,55,38,19,95,7,1,14.3,4,57.1,47,243,105,4,5,16,12,60,0,4,1,3,0,0,0,11,2,16,11.1,21,10.8,66,0,16,15,0,1.50,4,7,-3,-0.73,-1.44,4.9,6.0,-1.1,-0.26,-0.83,,,,,,,,,,,,,,,,,,,,,,,,,,,,,,,,,,,,,,,,,
259,12.9,44,3.41,30,6,0,5,2,1,3,0.23,2,0,0,0,1,0,Harry Wilson,25,12,"1,162",6,1,7,6,0,0,2,0,4.2,4.2,1.1,5.3,22,51,96,0.46,0.08,0.54,0.46,0.54,0.33,0.09,0.41,0.33,0.41,43,17,39.5,3.33,1.32,0.14,0.35,18.0,1,0.10,+1.8,+1.8,326,445,73.3,5413,1378,171,200,85.5,121,156,77.6,29,71,40.8,1.2,-0.1,20,26,15,1,393,51,16,1,5,41,4,27,14,6,1,1,6,20,14,13,3,4,12,18,66.7,6,15,1,14,7,27,10,1,598,11,81,203,324,63,598,24,9,37.5,10,41.7,342,1879,864,18,11,19,6,390,0,12,22,1,1,0,0,55,5,20,20.0,46,34.0,77,1,13,18,3,1.28,23,21,+2,+0.15,+0.23,16.6,16.7,-0.1,-0.01,-0.09,,,,,,,,,,,,,,,,,,,,,,,,,,,,,,,,,,,,,,,,,
309,17.1,39,2.28,29,7,1,1,1,0,3,0.18,2,1,0,0,0,0,Harry Winks,22,17,"1,538",0,2,2,0,0,0,4,0,0.2,0.2,1.2,1.5,19,101,11,0.00,0.12,0.12,0.00,0.12,0.01,0.07,0.09,0.01,0.09,10,4,40.0,0.59,0.23,0.00,0.00,29.2,0,0.02,-0.2,-0.2,910,1045,87.1,14101,5048,471,511,92.2,362,397,91.2,44,76,57.9,1.5,+0.8,17,110,7,5,981,61,35,4,2,34,5,16,11,3,0,3,11,24,11,12,10,2,13,30,43.3,17,19,7,12,9,33,20,0,1158,49,275,746,151,1,1158,12,3,25.0,8,66.7,696,3268,1522,13,0,13,8,827,0,9,13,0,0,0,0,106,8,6,57.1,70,45.0,80,12,5,34,3,0.45,17,34,-17,-0.99,+0.44,16.4,28.9,-12.5,-0.73,+0.55,,,,,,,,,,,,,,,,,,,,,,,,,,,,,,,,,,,,,,,,,
687,0.3,0,0.00,0,0,0,0,0,0,0,0.00,0,0,0,0,0,0,Ben Winterburn,4,0,24,0,0,0,0,0,0,0,0,0.0,0.0,0.0,0.0,2,0,2,0.00,0.00,0.00,0.00,0.00,0.00,0.00,0.00,0.00,0.00,0,0,,0.00,0.00,,,,0,,0.0,0.0,5,7,71.4,93,44,2,3,66.7,3,4,75.0,0,0,,0.0,0.0,0,0,0,0,7,0,0,0,0,0,0,0,0,0,0,0,0,0,0,0,0,0,0,1,0.0,1,0,0,0,2,2,0,0,9,0,2,5,2,1,9,0,0,,0,,6,50,40,0,1,0,0,6,0,0,1,0,0,0,0,2,1,0,100.0,,,,,,,,,,,,,,,,,,,,,,,,,,,,,,,,,,,,,,,,,,,,,,,,,,,,,,,,,,,
110,32.4,69,2.13,40,1,4,13,10,1,10,0.31,8,0,0,1,1,0,Yoane Wissa,35,34,"2,919",19,4,23,19,0,0,5,0,18.5,18.5,2.6,21.1,60,67,154,0.59,0.12,0.71,0.59,0.71,0.57,0.08,0.65,0.57,0.65,90,41,45.6,2.77,1.26,0.21,0.46,13.2,0,0.21,+0.5,+0.5,450,588,76.5,6490,1617,284,331,85.8,124,166,74.7,28,49,57.1,1.8,+1.4,27,44,13,1,552,33,4,5,1,20,2,1,0,0,0,3,23,22,12,6,8,8,11,27,40.7,16,29,8,21,8,30,21,3,925,34,136,376,432,163,925,49,15,30.6,24,49.0,550,3469,1662,26,34,77,35,658,0,34,51,14,1,0,0,81,30,36,45.5,83,85.4,85,23,1,25,0,1.49,56,45,+11,+0.34,+0.70,50.4,44.5,+6.0,+0.18,+0.62,,,,,,,,,,,,,,,,,,,,,,,,,,,,,,,,,,,,,,,,,
447,32.9,44,1.34,36,0,2,4,0,2,5,0.15,4,0,0,0,0,1,Chris Wood,36,35,"2,959",20,3,23,17,3,3,1,0,13.4,11.0,2.6,13.6,14,42,94,0.61,0.09,0.70,0.52,0.61,0.41,0.08,0.49,0.34,0.42,65,32,49.2,1.98,0.97,0.26,0.53,13.5,0,0.17,+6.6,+6.0,315,490,64.3,4434,1018,186,272,68.4,88,134,65.7,19,26,73.1,1.5,+0.4,22,19,12,1,485,0,0,2,1,1,0,0,0,0,0,5,7,6,5,2,2,2,3,11,27.3,8,12,7,5,5,11,29,1,770,40,89,361,322,105,767,13,4,30.8,8,61.5,376,1279,506,11,5,75,28,563,0,25,24,28,0,0,0,50,94,143,39.7,82,86.5,84,14,1,28,0,1.72,52,37,+15,+0.46,+1.04,39.0,39.5,-0.5,-0.01,+0.56,,,,,,,,,,,,,,,,,,,,,,,,,,,,,,,,,,,,,,,,,
477,8.6,3,0.35,3,0,0,0,0,0,0,0.00,0,0,0,0,0,0,Nathan Wood-Gordon,11,9,773,0,0,0,0,0,0,2,0,0.2,0.2,0.0,0.3,2,17,0,0.00,0.00,0.00,0.00,0.00,0.03,0.00,0.03,0.03,0.03,2,0,0.0,0.23,0.00,0.00,,5.9,0,0.12,-0.2,-0.2,444,476,93.3,7532,1915,183,192,95.3,240,248,96.8,17,27,63.0,0.0,0.0,1,11,0,0,465,10,4,0,0,3,1,0,0,0,0,1,1,14,8,8,5,1,8,11,72.7,3,9,6,3,5,19,39,2,564,75,282,255,28,3,564,6,4,66.7,1,16.7,313,1352,535,6,0,5,1,419,0,9,4,0,0,0,0,20,15,8,65.2,70,22.6,77,6,2,42,14,0.09,3,20,-17,-1.98,-0.52,6.1,21.1,-15.0,-1.75,-0.48,,,,,,,,,,,,,,,,,,,,,,,,,,,,,,,,,,,,,,,,,
284,13.2,2,0.15,2,0,0,0,0,0,0,0.00,0,0,0,0,0,0,Luke Woolfenden,15,12,"1,187",0,0,0,0,0,0,2,0,0.0,0.0,0.0,0.0,7,15,0,0.00,0.00,0.00,0.00,0.00,0.00,0.00,0.00,0.00,0.00,1,0,0.0,0.08,0.00,0.00,,12.9,0,0.03,0.0,0.0,496,562,88.3,9196,3071,178,184,96.7,274,292,93.8,39,74,52.7,0.0,0.0,0,31,0,0,547,13,9,0,2,0,1,0,0,0,0,2,2,9,6,5,4,0,2,5,40.0,3,21,14,7,19,28,76,0,694,147,407,278,9,3,694,0,0,,0,,368,2118,1249,3,0,4,0,442,0,5,2,1,0,0,0,38,15,15,50.0,79,34.7,90,11,3,36,13,0.47,12,28,-16,-1.21,0.00,9.2,25.7,-16.5,-1.25,-0.37,,,,,,,,,,,,,,,,,,,,,,,,,,,,,,,,,,,,,,,,,
111,16.1,26,1.62,21,0,2,1,1,1,2,0.12,2,0,0,0,0,0,Yehor Yarmoliuk,31,15,"1,450",0,0,0,0,0,0,6,0,0.6,0.6,0.9,1.5,15,63,47,0.00,0.00,0.00,0.00,0.00,0.04,0.05,0.09,0.04,0.09,9,2,22.2,0.56,0.12,0.00,0.00,15.9,0,0.07,-0.6,-0.6,661,760,87.0,11716,2679,316,360,87.8,259,288,89.9,72,85,84.7,0.9,-0.9,9,71,8,4,752,7,3,4,9,16,4,0,0,0,0,1,12,49,28,21,21,7,28,55,50.9,27,26,9,17,13,62,33,0,960,61,277,501,203,15,960,27,13,48.1,11,40.7,520,2790,908,19,3,26,21,599,0,19,13,2,0,0,0,113,8,10,44.4,47,42.4,79,6,16,16,7,1.52,27,25,+2,+0.12,-0.20,22.8,26.1,-3.3,-0.21,-0.52,,,,,,,,,,,,,,,,,,,,,,,,,,,,,,,,,,,,,,,,,
449,21.3,38,1.78,26,1,1,6,2,2,3,0.14,2,0,0,1,0,0,Ryan Yates,35,18,"1,915",2,1,3,2,0,0,10,0,2.3,2.3,1.2,3.5,18,53,16,0.09,0.05,0.14,0.09,0.14,0.11,0.05,0.16,0.11,0.16,33,9,27.3,1.55,0.42,0.06,0.22,19.6,0,0.07,-0.3,-0.3,618,758,81.5,9172,2063,324,370,87.6,225,263,85.6,32,56,57.1,0.5,-0.2,18,48,4,0,699,56,23,0,0,8,0,2,0,0,0,3,19,42,21,24,14,4,17,37,45.9,20,38,10,28,26,68,61,1,1041,80,276,510,266,41,1041,18,9,50.0,5,27.8,424,2057,934,18,1,24,18,545,0,53,49,7,0,0,0,104,45,30,60.0,55,56.0,83,13,17,25,2,1.69,25,27,-2,-0.09,-0.93,24.2,27.2,-3.0,-0.14,-0.11,,,,,,,,,,,,,,,,,,,,,,,,,,,,,,,,,,,,,,,,,
572,12.9,9,0.70,6,0,0,2,0,1,0,0.00,0,0,0,0,0,0,Leny Yoro,21,12,"1,165",0,0,0,0,0,0,5,0,0.7,0.7,0.1,0.8,19,52,4,0.00,0.00,0.00,0.00,0.00,0.05,0.01,0.06,0.05,0.06,5,1,20.0,0.39,0.08,0.00,0.00,8.6,0,0.15,-0.7,-0.7,708,766,92.4,11513,3678,313,328,95.4,351,373,94.1,27,41,65.9,0.2,-0.1,2,44,5,1,745,20,9,2,1,1,7,0,0,0,0,1,5,29,11,19,9,1,13,19,68.4,6,5,3,2,18,47,43,0,894,87,413,414,70,13,894,4,2,50.0,2,50.0,614,3173,1765,13,1,3,4,656,0,9,2,1,0,0,0,46,16,16,50.0,55,34.1,78,5,9,26,0,0.81,17,24,-7,-0.54,-0.42,18.1,19.4,-1.3,-0.10,-0.10,,,,,,,,,,,,,,,,,,,,,,,,,,,,,,,,,,,,,,,,,
238,20.8,47,2.25,34,8,0,1,2,2,6,0.29,4,0,0,1,0,1,Ashley Young,32,19,"1,875",1,3,4,1,0,0,7,1,0.3,0.3,2.3,2.6,24,90,32,0.05,0.14,0.19,0.05,0.19,0.01,0.11,0.12,0.01,0.12,6,3,50.0,0.29,0.14,0.17,0.33,24.5,3,0.04,+0.7,+0.7,708,999,70.9,13051,5809,337,380,88.7,272,357,76.2,92,214,43.0,2.9,+0.7,26,78,25,14,770,222,25,3,4,75,180,15,8,6,0,7,20,58,33,25,25,8,35,57,61.4,22,14,4,10,25,83,64,2,1194,61,369,528,305,9,1194,20,7,35.0,9,45.0,487,2447,1378,26,1,11,1,618,0,30,22,0,0,0,0,75,10,11,47.6,59,54.8,85,14,13,20,4,1.34,21,22,-1,-0.05,+0.01,21.0,26.3,-5.3,-0.26,-0.31,,,,,,,,,,,,,,,,,,,,,,,,,,,,,,,,,,,,,,,,,
85,34.5,29,0.84,26,1,0,0,0,2,1,0.03,1,0,0,0,0,0,Illia Zabarnyi,36,35,"3,109",0,1,1,0,0,0,4,1,1.3,1.3,0.7,2.0,27,140,4,0.00,0.03,0.03,0.00,0.03,0.04,0.02,0.06,0.04,0.06,12,1,8.3,0.35,0.03,0.00,0.00,9.8,0,0.11,-1.3,-1.3,1404,1710,82.1,29649,10860,373,418,89.2,833,914,91.1,187,346,54.0,0.8,+0.3,12,153,7,0,1677,31,27,6,7,6,1,0,0,0,0,2,10,52,36,31,20,1,34,50,68.0,16,33,20,13,41,93,182,2,2062,234,929,1078,77,16,2062,9,6,66.7,2,22.2,1282,8351,4948,21,0,14,3,1306,0,20,7,0,0,0,0,157,77,44,63.6,86,90.9,88,30,1,45,0,1.53,53,41,+12,+0.35,+0.35,57.2,42.0,+15.2,+0.44,+0.35,,,,,,,,,,,,,,,,,,,,,,,,,,,,,,,,,,,,,,,,,
25,5.9,22,3.76,17,1,1,2,1,0,2,0.34,2,0,0,0,0,0,Oleksandr Zinchenko,15,5,527,0,1,1,0,0,0,1,0,0.6,0.6,0.2,0.8,10,48,14,0.00,0.17,0.17,0.00,0.17,0.11,0.03,0.14,0.11,0.14,10,0,0.0,1.71,0.00,0.00,,19.6,1,0.07,-0.6,-0.6,382,451,84.7,6080,1345,204,220,92.7,154,175,88.0,17,37,45.9,0.5,+0.8,3,30,11,3,399,49,14,2,3,13,33,1,0,0,0,3,3,6,1,1,3,2,3,8,37.5,5,8,1,7,5,11,10,0,499,16,86,233,181,20,499,5,3,60.0,1,20.0,281,1348,573,8,3,3,4,348,0,8,3,1,0,0,0,19,12,11,52.2,35,15.4,72,1,10,17,16,1.87,9,1,+8,+1.37,+0.53,8.7,3.1,+5.6,+0.95,+0.33,,,,,,,,,,,,,,,,,,,,,,,,,,,,,,,,,,,,,,,,,
389,15.6,31,1.99,28,0,0,2,1,0,3,0.19,1,0,0,1,1,0,Joshua Zirkzee,32,14,"1,402",3,1,4,3,0,0,2,0,4.8,4.8,1.5,6.3,14,44,69,0.19,0.06,0.26,0.19,0.26,0.31,0.10,0.41,0.31,0.41,28,11,39.3,1.80,0.71,0.11,0.27,13.1,0,0.17,-1.8,-1.8,292,410,71.2,3600,901,196,251,78.1,61,82,74.4,9,18,50.0,1.1,-0.5,12,26,6,0,400,9,1,6,2,4,0,0,0,0,0,1,15,14,8,3,8,3,5,10,50.0,5,15,4,11,6,20,8,1,587,16,71,303,219,56,587,35,11,31.4,24,68.6,327,1483,523,21,4,41,30,418,0,9,13,3,1,0,0,57,21,54,28.0,44,41.0,72,4,18,22,0,1.19,26,24,+2,+0.13,+0.66,22.8,24.4,-1.6,-0.10,-0.12,,,,,,,,,,,,,,,,,,,,,,,,,,,,,,,,,,,,,,,,,
13,25.8,124,4.80,101,13,3,5,2,0,18,0.70,14,2,1,1,0,0,Martin Ødegaard,30,26,"2,325",3,8,11,2,1,1,4,0,4.8,4.0,5.4,9.5,92,258,154,0.12,0.31,0.43,0.08,0.39,0.19,0.21,0.40,0.16,0.37,48,15,31.3,1.86,0.58,0.04,0.13,19.2,3,0.08,-1.8,-2.0,1237,1499,82.5,19237,5460,678,749,90.5,449,517,86.8,80,146,54.8,6.7,+2.6,63,132,86,5,1373,114,35,25,3,86,12,37,31,0,0,12,27,19,11,9,7,3,4,25,16.0,21,5,0,5,6,25,6,1,1694,9,126,708,875,115,1693,59,25,42.4,32,54.2,1174,7444,3772,85,26,38,40,1336,0,12,23,1,0,0,0,97,8,7,53.3,78,68.0,86,14,4,23,0,2.00,50,21,+29,+1.12,+0.63,41.1,21.7,+19.4,+0.75,+0.25,,,,,,,,,,,,,,,,,,,,,,,,,,,,,,,,,,,,,,,,,
